epoch,gini,nakamoto,nakamoto_liveness,nakamoto_safety,hhi,zipf
0,0.490856,197,101,307,0.001996,0.999209
1,0.492873,195,99,306,0.002036,1.002121
2,0.494081,194,99,305,0.002043,1.004497
3,0.495216,194,98,304,0.002048,1.006775
4,0.496973,193,97,303,0.002064,1.009702
5,0.498780,191,96,302,0.002083,1.012616
6,0.500651,190,95,301,0.002107,1.015485
7,0.502563,189,94,299,0.002143,1.018091
8,0.503677,188,93,299,0.002148,1.020329
9,0.504924,187,93,298,0.002154,1.022696
10,0.505404,187,93,297,0.002155,1.023978
11,0.507209,186,92,296,0.002179,1.026634
12,0.508773,184,91,295,0.002191,1.029232
13,0.509118,184,90,295,0.002191,1.030218
14,0.509135,184,90,295,0.002189,1.029363
15,0.509945,183,90,294,0.002191,1.031209
16,0.511790,182,89,293,0.002245,1.033501
17,0.513494,181,88,292,0.002265,1.036059
18,0.514788,180,87,291,0.002272,1.038419
19,0.516046,179,87,290,0.002278,1.040733
20,0.517233,178,86,289,0.002283,1.042974
21,0.518975,177,85,287,0.002317,1.045261
22,0.519610,177,85,287,0.002317,1.046891
23,0.521271,176,84,286,0.002340,1.049245
24,0.522959,175,83,285,0.002371,1.051442
25,0.524539,173,82,284,0.002388,1.053775
26,0.525730,173,82,283,0.002393,1.056007
27,0.526863,172,81,282,0.002398,1.058181
28,0.526845,172,81,282,0.002394,1.058019
29,0.528012,171,81,281,0.002399,1.060202
30,0.528760,170,81,280,0.002399,1.061993
31,0.530442,169,80,279,0.002455,1.063989
32,0.531523,168,79,278,0.002459,1.066096
33,0.533177,167,78,277,0.002513,1.067915
34,0.534334,166,78,276,0.002518,1.070072
35,0.534743,166,78,275,0.002515,1.071411
36,0.536179,165,77,274,0.002529,1.073607
37,0.537770,164,76,273,0.002568,1.075520
38,0.538579,164,76,273,0.002568,1.077386
39,0.539365,163,76,272,0.002568,1.079225
40,0.540037,163,76,271,0.002567,1.080939
41,0.541476,162,75,270,0.002584,1.083036
42,0.542361,161,74,270,0.002585,1.084952
43,0.543011,161,74,269,0.002584,1.086640
44,0.544500,160,73,268,0.002610,1.088611
45,0.545917,159,72,267,0.002629,1.090620
46,0.547363,158,72,266,0.002652,1.092544
47,0.548786,157,71,265,0.002674,1.094436
48,0.549278,156,71,265,0.002671,1.095962
49,0.549531,156,71,264,0.002667,1.097110
50,0.550636,155,70,263,0.002671,1.099131
51,0.551683,154,70,262,0.002675,1.101117
52,0.553021,153,69,261,0.002692,1.103003
53,0.553965,153,69,260,0.002694,1.104929
54,0.554823,152,69,259,0.002694,1.106794
55,0.555499,152,68,259,0.002693,1.108511
56,0.556437,151,68,258,0.002695,1.110402
57,0.556140,151,68,258,0.002688,1.108676
58,0.557185,150,68,257,0.002693,1.110581
59,0.558244,149,68,256,0.002698,1.112471
60,0.559598,148,67,255,0.002723,1.114237
61,0.560742,147,66,254,0.002732,1.116095
62,0.561996,146,66,253,0.002748,1.117863
63,0.563396,145,65,252,0.002799,1.119507
64,0.563823,145,65,252,0.002795,1.120971
65,0.564027,145,65,251,0.002790,1.122109
66,0.564921,144,65,250,0.002792,1.123919
67,0.565130,144,65,250,0.002786,1.125069
68,0.565723,144,65,250,0.002784,1.126688
69,0.567014,143,65,249,0.002809,1.128378
70,0.568308,142,64,248,0.002836,1.130017
71,0.569024,142,64,247,0.002835,1.131729
72,0.570356,141,63,246,0.002881,1.133237
73,0.571658,140,63,245,0.002917,1.134758
74,0.572891,139,62,244,0.002939,1.136364
75,0.574055,138,62,243,0.002953,1.138038
76,0.573841,138,62,243,0.002945,1.138058
77,0.574139,138,62,243,0.002940,1.139382
78,0.575392,137,62,242,0.002971,1.140866
79,0.575800,137,62,241,0.002966,1.142325
80,0.576706,136,62,241,0.002969,1.144073
81,0.577242,136,62,240,0.002965,1.145648
82,0.578389,135,61,239,0.002981,1.147253
83,0.578510,135,61,239,0.002974,1.148320
84,0.579623,134,61,238,0.002988,1.149921
85,0.580582,134,61,237,0.002993,1.151598
86,0.581526,133,60,236,0.002998,1.153258
87,0.581514,133,61,236,0.002991,1.154074
88,0.582672,132,60,235,0.003014,1.155543
89,0.582872,132,60,235,0.003008,1.156754
90,0.583826,131,60,234,0.003014,1.158367
91,0.584298,131,60,234,0.003010,1.159877
92,0.585265,130,60,233,0.003017,1.161453
93,0.586066,130,60,232,0.003019,1.163078
94,0.586340,130,60,232,0.003013,1.164388
95,0.587365,129,59,231,0.003025,1.165903
96,0.588312,128,59,230,0.003032,1.167429
97,0.589080,128,59,229,0.003033,1.169015
98,0.589831,127,59,228,0.003034,1.170589
99,0.590946,126,58,227,0.003059,1.171996
100,0.592074,125,58,227,0.003089,1.173353
101,0.592414,125,58,226,0.003084,1.174744
102,0.593581,125,58,225,0.003137,1.176168
103,0.593663,125,58,225,0.003130,1.177232
104,0.594734,124,57,224,0.003152,1.178594
105,0.595159,124,57,224,0.003147,1.180053
106,0.595861,123,57,223,0.003146,1.181589
107,0.596892,123,57,222,0.003165,1.182952
108,0.597508,122,57,221,0.003163,1.184479
109,0.598631,122,56,220,0.003212,1.185746
110,0.598611,122,57,220,0.003204,1.186648
111,0.598713,122,57,220,0.003197,1.187757
112,0.599419,121,57,219,0.003197,1.189255
113,0.600508,121,56,219,0.003233,1.190583
114,0.601591,120,56,218,0.003270,1.191843
115,0.602021,120,56,217,0.003265,1.193286
116,0.603094,119,56,216,0.003304,1.194485
117,0.604186,118,55,216,0.003367,1.195641
118,0.604475,118,55,215,0.003360,1.196981
119,0.605512,118,55,215,0.003390,1.198191
120,0.606213,117,55,214,0.003390,1.199656
121,0.607060,117,54,213,0.003396,1.201086
122,0.607939,116,54,212,0.003404,1.202486
123,0.608813,115,53,212,0.003412,1.203867
124,0.609183,115,54,211,0.003406,1.205268
125,0.610004,115,53,210,0.003411,1.206649
126,0.610845,114,53,209,0.003418,1.208002
127,0.611517,113,53,209,0.003418,1.209400
128,0.612545,113,52,208,0.003468,1.210487
129,0.613412,112,52,207,0.003478,1.211802
130,0.613944,112,52,207,0.003474,1.213223
131,0.614457,112,52,206,0.003471,1.214635
132,0.615077,111,52,205,0.003470,1.216007
133,0.616015,110,52,204,0.003489,1.217264
134,0.615918,111,52,204,0.003479,1.218098
135,0.616066,111,52,204,0.003471,1.219304
136,0.616987,110,52,203,0.003489,1.220536
137,0.616892,111,52,203,0.003479,1.221376
138,0.617425,110,52,203,0.003477,1.222738
139,0.617142,111,52,203,0.003466,1.223080
140,0.618103,110,52,202,0.003500,1.224201
141,0.618624,110,52,201,0.003497,1.225547
142,0.619509,110,52,201,0.003513,1.226765
143,0.619033,110,52,201,0.003502,1.225991
144,0.619899,109,51,200,0.003516,1.227198
145,0.620582,109,51,200,0.003518,1.228503
146,0.621015,109,52,199,0.003513,1.229840
147,0.621935,108,51,198,0.003541,1.230941
148,0.622376,108,51,197,0.003537,1.232265
149,0.622667,109,52,197,0.003530,1.233565
150,0.623362,108,51,196,0.003533,1.234842
151,0.623881,108,52,196,0.003531,1.236127
152,0.624816,108,51,195,0.003580,1.237111
153,0.625048,108,51,195,0.003572,1.238371
154,0.625066,108,52,194,0.003563,1.239420
155,0.626001,108,51,194,0.003624,1.240393
156,0.626772,107,51,193,0.003631,1.241623
157,0.627028,107,51,193,0.003624,1.242886
158,0.627734,107,51,192,0.003628,1.244122
159,0.628636,107,50,191,0.003669,1.245094
160,0.629543,106,50,191,0.003722,1.245985
161,0.630297,106,49,190,0.003730,1.247184
162,0.631120,105,49,189,0.003746,1.248322
163,0.631765,105,49,189,0.003747,1.249547
164,0.632403,104,49,188,0.003749,1.250759
165,0.633255,104,48,187,0.003774,1.251817
166,0.634120,103,48,187,0.003808,1.252796
167,0.634906,103,48,186,0.003821,1.253925
168,0.634671,103,48,186,0.003810,1.254525
169,0.634914,104,48,186,0.003802,1.255776
170,0.635361,104,48,185,0.003798,1.257004
171,0.636219,103,48,185,0.003843,1.257856
172,0.636560,103,48,184,0.003836,1.259095
173,0.636493,104,48,184,0.003826,1.260047
174,0.636580,104,48,184,0.003816,1.261184
175,0.637347,103,48,183,0.003829,1.262290
176,0.638159,103,48,183,0.003852,1.263308
177,0.639013,103,47,182,0.003911,1.264157
178,0.639625,102,47,181,0.003912,1.265339
179,0.640378,102,47,181,0.003924,1.266418
180,0.640482,102,47,181,0.003915,1.267572
181,0.640638,102,47,180,0.003906,1.268756
182,0.641461,102,47,180,0.003951,1.269561
183,0.642291,101,46,179,0.004006,1.270328
184,0.642836,101,46,179,0.004005,1.271506
185,0.642917,101,46,178,0.003995,1.272636
186,0.642978,102,47,178,0.003985,1.273744
187,0.643646,101,46,178,0.003990,1.274864
188,0.644234,101,46,177,0.003991,1.276016
189,0.644556,101,46,177,0.003985,1.277190
190,0.644929,101,47,176,0.003979,1.278346
191,0.645444,101,47,175,0.003978,1.279486
192,0.646151,100,46,175,0.003989,1.280543
193,0.646909,100,46,174,0.004009,1.281530
194,0.647663,99,46,174,0.004030,1.282493
195,0.647951,100,46,173,0.004024,1.283647
196,0.648112,100,46,173,0.004015,1.284803
197,0.648638,99,46,173,0.004014,1.285924
198,0.649415,99,46,172,0.004060,1.286663
199,0.649797,99,46,171,0.004055,1.287779
200,0.650531,99,45,171,0.004076,1.288716
201,0.650638,98,45,171,0.004079,1.288489
202,0.651218,98,45,170,0.004081,1.289586
203,0.651731,98,45,170,0.004081,1.290682
204,0.652242,97,45,169,0.004080,1.291768
205,0.652408,97,46,169,0.004071,1.292910
206,0.653057,97,45,168,0.004079,1.293955
207,0.653738,97,45,168,0.004091,1.294955
208,0.654436,96,45,167,0.004107,1.295885
209,0.654852,96,45,167,0.004104,1.296965
210,0.655454,96,45,166,0.004108,1.298002
211,0.656088,95,44,166,0.004116,1.299008
212,0.656189,96,44,166,0.004107,1.300130
213,0.656871,95,44,165,0.004123,1.301035
214,0.657321,95,44,165,0.004121,1.302099
215,0.657630,95,44,164,0.004115,1.303175
216,0.657595,96,45,164,0.004104,1.304194
217,0.657932,95,45,164,0.004100,1.305250
218,0.658164,96,45,164,0.004093,1.306327
219,0.658898,95,45,163,0.004143,1.307084
220,0.658911,96,45,163,0.004133,1.308140
221,0.658991,96,45,163,0.004123,1.309224
222,0.659720,96,45,163,0.004177,1.309958
223,0.659414,96,45,163,0.004165,1.310473
224,0.659351,96,45,163,0.004154,1.311447
225,0.659582,97,45,163,0.004147,1.312493
226,0.660186,96,45,162,0.004154,1.313481
227,0.660779,96,44,162,0.004161,1.314461
228,0.660994,96,45,161,0.004153,1.315501
229,0.660719,96,45,162,0.004142,1.316104
230,0.661107,96,45,161,0.004138,1.317130
231,0.661605,96,45,161,0.004139,1.318146
232,0.662237,95,44,160,0.004152,1.319045
233,0.662778,95,44,160,0.004155,1.320029
234,0.663453,95,44,160,0.004178,1.320931
235,0.664128,94,44,159,0.004202,1.321790
236,0.664795,94,43,159,0.004225,1.322635
237,0.664817,94,44,159,0.004215,1.323670
238,0.665490,94,43,158,0.004247,1.324413
239,0.665935,94,43,158,0.004246,1.325421
240,0.666625,93,43,157,0.004300,1.326117
241,0.667089,93,43,157,0.004299,1.327108
242,0.666917,93,43,157,0.004287,1.327939
243,0.667574,93,43,157,0.004318,1.328668
244,0.667953,93,43,157,0.004314,1.329663
245,0.668481,92,43,156,0.004318,1.330614
246,0.669011,92,43,156,0.004322,1.331550
247,0.669490,92,43,155,0.004323,1.332502
248,0.669306,92,43,156,0.004311,1.333315
249,0.669681,92,43,155,0.004308,1.334293
250,0.670280,91,43,155,0.004320,1.335160
251,0.670945,91,42,154,0.004375,1.335814
252,0.671386,91,42,154,0.004374,1.336763
253,0.671382,91,43,154,0.004364,1.337774
254,0.671975,91,42,154,0.004377,1.338621
255,0.672339,90,42,153,0.004373,1.339583
256,0.672894,90,42,153,0.004381,1.340471
257,0.673411,90,42,153,0.004385,1.341375
258,0.673988,89,42,152,0.004397,1.342202
259,0.674311,89,42,152,0.004393,1.343163
260,0.674960,89,42,151,0.004453,1.343791
261,0.675385,89,42,151,0.004452,1.344714
262,0.675128,89,42,152,0.004440,1.345392
263,0.675735,89,41,151,0.004460,1.346194
264,0.676335,88,41,151,0.004479,1.346981
265,0.676701,88,41,150,0.004476,1.347918
266,0.677063,88,41,150,0.004473,1.348846
267,0.676516,88,42,151,0.004460,1.348132
268,0.676484,89,42,151,0.004449,1.349116
269,0.676910,88,42,151,0.004449,1.350011
270,0.676741,89,42,151,0.004437,1.350850
271,0.677243,88,42,151,0.004441,1.351727
272,0.677718,88,42,150,0.004444,1.352598
273,0.678078,88,42,150,0.004442,1.353505
274,0.678378,88,42,150,0.004437,1.354430
275,0.678847,87,42,149,0.004440,1.355289
276,0.679341,87,41,149,0.004445,1.356136
277,0.679824,87,41,149,0.004450,1.356973
278,0.680197,86,41,148,0.004448,1.357847
279,0.680457,86,41,148,0.004443,1.358768
280,0.680508,87,42,148,0.004434,1.359752
281,0.680273,87,42,149,0.004422,1.360478
282,0.680557,87,42,149,0.004417,1.361380
283,0.681082,87,42,148,0.004427,1.362186
284,0.681421,86,42,148,0.004424,1.363055
285,0.681113,87,42,148,0.004412,1.363612
286,0.681704,86,42,148,0.004447,1.364273
287,0.681977,86,42,148,0.004443,1.365162
288,0.681939,87,42,148,0.004432,1.366119
289,0.682493,86,42,148,0.004448,1.366899
290,0.683044,86,41,148,0.004464,1.367651
291,0.683482,86,41,147,0.004467,1.368480
292,0.684025,85,41,147,0.004483,1.369221
293,0.684438,85,41,147,0.004484,1.370043
294,0.684916,85,41,146,0.004490,1.370846
295,0.685168,85,41,146,0.004485,1.371730
296,0.685403,85,41,146,0.004480,1.372612
297,0.685508,85,41,146,0.004471,1.373529
298,0.685791,85,41,145,0.004467,1.374384
299,0.686373,85,41,145,0.004525,1.374954
300,0.686825,85,41,145,0.004529,1.375752
301,0.687261,84,41,144,0.004533,1.376544
302,0.687717,84,40,144,0.004538,1.377321
303,0.688164,84,40,144,0.004543,1.378090
304,0.688630,83,40,144,0.004550,1.378849
305,0.689171,83,40,143,0.004571,1.379544
306,0.688889,83,40,144,0.004559,1.380176
307,0.689398,83,40,144,0.004572,1.380918
308,0.689911,83,40,143,0.004587,1.381622
309,0.690327,83,40,143,0.004590,1.382386
310,0.690392,83,40,143,0.004581,1.383301
311,0.690887,83,39,143,0.004592,1.384034
312,0.691369,82,39,142,0.004602,1.384771
313,0.691906,82,39,142,0.004628,1.385431
314,0.692213,82,39,142,0.004625,1.386256
315,0.692585,82,39,142,0.004626,1.387036
316,0.692350,82,39,142,0.004614,1.387772
317,0.692244,82,39,142,0.004603,1.388675
318,0.692436,82,40,142,0.004597,1.389534
319,0.692946,82,39,142,0.004615,1.390212
320,0.693471,82,39,142,0.004641,1.390843
321,0.693970,81,39,141,0.004657,1.391507
322,0.694182,82,39,141,0.004651,1.392352
323,0.694644,81,39,141,0.004660,1.393079
324,0.694917,81,39,140,0.004656,1.393892
325,0.695283,81,39,140,0.004657,1.394657
326,0.695035,81,39,141,0.004645,1.395367
327,0.695475,81,39,140,0.004652,1.396094
328,0.695204,81,39,141,0.004640,1.396754
329,0.695430,81,39,141,0.004634,1.397580
330,0.695872,81,39,140,0.004642,1.398294
331,0.695892,81,39,141,0.004632,1.399184
332,0.696385,81,39,140,0.004650,1.399833
333,0.696313,81,39,141,0.004640,1.400736
334,0.696247,82,39,141,0.004629,1.401634
335,0.696515,82,39,141,0.004626,1.402429
336,0.696898,81,39,140,0.004628,1.403163
337,0.696773,82,39,141,0.004617,1.404029
338,0.697297,81,39,141,0.004672,1.404550
339,0.697102,82,39,141,0.004660,1.405338
340,0.697585,81,39,141,0.004678,1.405969
341,0.698030,81,39,141,0.004687,1.406660
342,0.698061,81,39,141,0.004678,1.407514
343,0.698523,81,39,140,0.004692,1.408159
344,0.699026,81,38,140,0.004721,1.408778
345,0.699504,81,38,140,0.004740,1.409393
346,0.699836,80,38,140,0.004739,1.410146
347,0.700108,80,38,139,0.004736,1.410922
348,0.700338,80,38,139,0.004731,1.411711
349,0.700128,81,39,139,0.004719,1.412478
350,0.700586,80,38,139,0.004735,1.413087
351,0.700721,81,38,139,0.004728,1.413901
352,0.701169,80,38,139,0.004742,1.414512
353,0.701483,80,38,139,0.004741,1.415254
354,0.701818,80,38,138,0.004741,1.415981
355,0.702173,80,38,138,0.004743,1.416690
356,0.702568,79,38,138,0.004747,1.417385
357,0.702923,79,38,137,0.004749,1.418080
358,0.702983,79,38,137,0.004741,1.418903
359,0.703279,79,38,137,0.004740,1.419629
360,0.703335,79,38,137,0.004731,1.420445
361,0.703629,79,39,137,0.004730,1.421162
362,0.703835,79,39,137,0.004725,1.421932
363,0.704087,79,39,136,0.004722,1.422667
364,0.704571,79,39,136,0.004757,1.423247
365,0.704375,79,39,137,0.004746,1.424030
366,0.704756,79,38,136,0.004751,1.424712
367,0.704603,79,39,137,0.004740,1.425536
368,0.704422,79,39,137,0.004728,1.426329
369,0.704082,80,39,138,0.004716,1.426808
370,0.704121,80,39,138,0.004708,1.427608
371,0.704293,80,39,138,0.004702,1.428382
372,0.704153,80,39,138,0.004692,1.429199
373,0.703973,81,39,139,0.004681,1.429980
374,0.704064,81,39,139,0.004674,1.430758
375,0.703772,81,39,139,0.004662,1.431356
376,0.703921,81,39,139,0.004665,1.431467
377,0.703691,81,39,139,0.004671,1.430491
378,0.704161,81,39,139,0.004699,1.431074
379,0.704642,80,39,139,0.004752,1.431555
380,0.704512,81,39,139,0.004741,1.432361
381,0.704623,81,39,139,0.004734,1.433137
382,0.705067,81,39,139,0.004751,1.433735
383,0.705020,81,39,139,0.004742,1.434530
384,0.705411,81,39,139,0.004747,1.435203
385,0.705773,80,39,139,0.004751,1.435872
386,0.706185,80,38,138,0.004761,1.436491
387,0.706151,80,38,139,0.004752,1.437275
388,0.706484,80,38,138,0.004754,1.437944
389,0.706864,80,38,138,0.004760,1.438599
390,0.706503,80,38,139,0.004748,1.439012
391,0.706962,80,38,138,0.004780,1.439549
392,0.707416,80,38,138,0.004808,1.440084
393,0.707654,80,38,138,0.004805,1.440806
394,0.707548,80,38,138,0.004795,1.441600
395,0.707980,80,38,138,0.004812,1.442189
396,0.708168,80,38,138,0.004807,1.442930
397,0.708594,80,38,138,0.004823,1.443501
398,0.708358,80,38,138,0.004812,1.444196
399,0.708785,80,38,138,0.004830,1.444759
400,0.709066,79,38,137,0.004828,1.445446
401,0.708581,80,38,138,0.004816,1.445279
402,0.708898,79,38,138,0.004817,1.445935
403,0.709334,79,38,137,0.004838,1.446512
404,0.709684,79,38,137,0.004842,1.447157
405,0.710114,79,38,137,0.004863,1.447711
406,0.710539,78,37,137,0.004883,1.448250
407,0.710950,78,37,136,0.004899,1.448791
408,0.711289,78,37,136,0.004902,1.449427
409,0.711555,78,37,136,0.004900,1.450108
410,0.711592,78,37,136,0.004892,1.450860
411,0.711227,78,37,136,0.004880,1.451252
412,0.711562,78,37,136,0.004883,1.451881
413,0.711882,78,37,136,0.004886,1.452506
414,0.712288,78,37,136,0.004903,1.453029
415,0.712048,78,37,136,0.004891,1.453709
416,0.711914,78,37,137,0.004881,1.454473
417,0.711539,78,37,137,0.004869,1.454830
418,0.711416,79,37,137,0.004859,1.455586
419,0.711595,79,37,137,0.004854,1.456313
420,0.711712,79,38,137,0.004847,1.457059
421,0.712127,79,37,137,0.004868,1.457586
422,0.712395,78,37,137,0.004866,1.458246
423,0.712415,79,38,137,0.004858,1.458977
424,0.712827,78,37,136,0.004879,1.459492
425,0.713134,78,37,136,0.004881,1.460109
426,0.713425,78,37,136,0.004882,1.460727
427,0.713842,78,37,136,0.004906,1.461236
428,0.714253,78,37,135,0.004930,1.461733
429,0.714574,77,37,135,0.004933,1.462343
430,0.714798,77,37,135,0.004929,1.463024
431,0.715168,77,37,135,0.004937,1.463626
432,0.715524,77,37,134,0.004943,1.464242
433,0.715812,77,37,134,0.004944,1.464846
434,0.716030,76,37,134,0.004941,1.465521
435,0.716448,76,37,134,0.004972,1.466045
436,0.716831,76,37,133,0.004987,1.466553
437,0.716952,76,37,133,0.004980,1.467285
438,0.717179,76,37,133,0.004978,1.467943
439,0.717460,76,37,133,0.004979,1.468539
440,0.717807,76,37,132,0.004984,1.469145
441,0.717913,76,37,132,0.004977,1.469873
442,0.718092,76,37,132,0.004973,1.470556
443,0.718418,76,37,132,0.004977,1.471156
444,0.718668,75,37,131,0.004976,1.471766
445,0.718909,75,37,131,0.004975,1.472383
446,0.718616,75,37,132,0.004963,1.472962
447,0.719018,75,37,131,0.004990,1.473454
448,0.719207,75,37,131,0.004986,1.474116
449,0.719590,75,37,131,0.005005,1.474605
450,0.719895,75,37,131,0.005007,1.475194
451,0.720159,75,37,130,0.005008,1.475773
452,0.720491,74,37,130,0.005013,1.476360
453,0.720733,74,37,130,0.005013,1.476948
454,0.720850,74,37,130,0.005006,1.477656
455,0.720415,75,37,130,0.004994,1.477730
456,0.720508,75,37,130,0.004987,1.478444
457,0.720853,75,37,130,0.004995,1.479012
458,0.721153,74,37,129,0.004998,1.479589
459,0.721545,74,37,129,0.005026,1.480063
460,0.721375,74,37,130,0.005016,1.480789
461,0.721752,74,36,129,0.005036,1.481263
462,0.721698,74,37,130,0.005027,1.481974
463,0.721910,74,37,129,0.005024,1.482591
464,0.722203,74,37,129,0.005027,1.483161
465,0.722590,74,36,129,0.005056,1.483624
466,0.722585,74,37,129,0.005047,1.484328
467,0.722612,74,37,129,0.005039,1.485031
468,0.722163,74,37,129,0.005027,1.485012
469,0.722250,75,37,129,0.005021,1.485709
470,0.722090,75,37,130,0.005010,1.486423
471,0.722234,75,37,130,0.005005,1.487088
472,0.721880,75,37,130,0.004994,1.487488
473,0.722097,75,37,130,0.004992,1.488084
474,0.722443,75,37,130,0.005001,1.488626
475,0.722624,75,37,129,0.004998,1.489254
476,0.722908,75,37,129,0.005000,1.489817
477,0.722719,75,37,130,0.004990,1.490511
478,0.722655,75,37,130,0.004981,1.491195
479,0.722514,75,37,130,0.004971,1.491891
480,0.722347,75,37,131,0.004961,1.492581
481,0.722058,76,37,131,0.004950,1.493140
482,0.722077,76,37,131,0.004943,1.493821
483,0.722157,76,37,131,0.004936,1.494500
484,0.722235,76,38,131,0.004930,1.495174
485,0.722600,76,37,131,0.004950,1.495636
486,0.722377,76,37,131,0.004939,1.496286
487,0.722193,76,38,131,0.004929,1.496954
488,0.722561,76,37,131,0.004951,1.497411
489,0.722586,76,37,131,0.004944,1.498081
490,0.722708,77,38,131,0.004939,1.498730
491,0.722786,77,38,131,0.004932,1.499390
492,0.723082,77,37,131,0.004936,1.499955
493,0.723457,76,37,130,0.004965,1.500418
494,0.723750,76,37,130,0.004968,1.500976
495,0.724120,76,37,130,0.004997,1.501407
496,0.723855,76,37,130,0.004986,1.502000
497,0.724168,76,37,130,0.004992,1.502553
498,0.724154,76,37,130,0.004984,1.503204
499,0.724479,76,37,130,0.004992,1.503743
500,0.724255,76,37,131,0.004981,1.504379
501,0.724614,76,37,130,0.005003,1.504820
502,0.724373,76,37,131,0.004993,1.505435
503,0.724660,76,37,131,0.004996,1.505983
504,0.724953,76,37,130,0.005001,1.506525
505,0.725181,76,37,130,0.005000,1.507083
506,0.725370,75,37,130,0.004997,1.507678
507,0.725579,75,37,130,0.004996,1.508240
508,0.725017,75,37,130,0.004985,1.506815
509,0.725280,75,37,130,0.004984,1.506689
510,0.725613,75,37,130,0.004996,1.507179
511,0.725953,75,37,130,0.005011,1.507642
512,0.726291,75,36,129,0.005027,1.508088
513,0.726315,75,36,129,0.005020,1.508742
514,0.726676,75,36,129,0.005050,1.509181
515,0.726820,75,36,129,0.005046,1.509800
516,0.726881,75,36,129,0.005039,1.510447
517,0.726922,75,37,129,0.005032,1.511091
518,0.727278,75,36,129,0.005062,1.511496
519,0.727587,75,36,128,0.005068,1.512028
520,0.727903,75,36,128,0.005077,1.512533
521,0.728229,74,36,128,0.005090,1.512996
522,0.728481,74,36,128,0.005091,1.513529
523,0.728838,74,36,128,0.005125,1.513973
524,0.729181,74,36,127,0.005148,1.514393
525,0.728903,74,36,128,0.005137,1.514950
526,0.728550,74,36,128,0.005126,1.515320
527,0.728781,74,36,128,0.005126,1.515853
528,0.728477,74,36,128,0.005115,1.516353
529,0.728766,74,36,128,0.005120,1.516879
530,0.729013,74,36,128,0.005121,1.517402
531,0.729128,74,36,128,0.005116,1.518022
532,0.728995,74,36,128,0.005107,1.518647
533,0.729155,74,36,128,0.005103,1.519243
534,0.729447,74,36,128,0.005108,1.519761
535,0.729718,74,36,128,0.005112,1.520278
536,0.729840,74,36,127,0.005107,1.520884
537,0.730127,74,36,127,0.005112,1.521391
538,0.730039,74,36,127,0.005103,1.522010
539,0.729796,74,36,128,0.005093,1.522601
540,0.730127,74,36,128,0.005112,1.523019
541,0.730413,74,36,127,0.005118,1.523518
542,0.730416,74,36,128,0.005110,1.524150
543,0.730713,74,35,127,0.005118,1.524639
544,0.730517,74,36,128,0.005108,1.525254
545,0.730282,74,36,128,0.005098,1.525844
546,0.730548,74,35,128,0.005101,1.526347
547,0.730888,74,35,128,0.005131,1.526752
548,0.730540,74,35,128,0.005121,1.527127
549,0.730825,74,35,128,0.005127,1.527611
550,0.731089,74,35,128,0.005131,1.528104
551,0.731261,73,35,127,0.005128,1.528669
552,0.730816,74,35,128,0.005117,1.528597
553,0.730438,74,35,128,0.005106,1.528864
554,0.730590,74,35,128,0.005102,1.529445
555,0.730735,74,35,128,0.005098,1.530025
556,0.731021,74,35,128,0.005105,1.530501
557,0.731324,74,35,127,0.005115,1.530964
558,0.731404,74,35,127,0.005116,1.531495
559,0.731531,74,35,127,0.005111,1.532079
560,0.731810,74,35,127,0.005117,1.532548
561,0.731830,74,35,127,0.005110,1.533174
562,0.731975,74,35,127,0.005106,1.533740
563,0.732128,74,35,127,0.005103,1.534293
564,0.731696,74,35,127,0.005092,1.534286
565,0.731765,74,35,127,0.005086,1.534892
566,0.731224,74,36,127,0.005075,1.533697
567,0.731511,74,35,127,0.005083,1.534160
568,0.731806,74,35,127,0.005093,1.534613
569,0.732073,74,35,127,0.005098,1.535076
570,0.732273,74,35,127,0.005097,1.535603
571,0.732603,74,35,126,0.005128,1.536005
572,0.732319,74,35,127,0.005118,1.536512
573,0.732454,74,35,127,0.005114,1.537069
574,0.732751,74,35,126,0.005125,1.537504
575,0.732761,74,35,126,0.005118,1.538123
576,0.733038,74,35,126,0.005125,1.538573
577,0.733118,74,35,126,0.005120,1.539161
578,0.733438,74,35,126,0.005142,1.539561
579,0.733765,73,35,126,0.005176,1.539962
580,0.733751,74,35,126,0.005168,1.540573
581,0.733991,73,35,126,0.005170,1.541072
582,0.734081,74,35,125,0.005165,1.541645
583,0.734356,73,35,125,0.005172,1.542089
584,0.734023,74,35,126,0.005161,1.542483
585,0.734277,73,35,125,0.005166,1.542944
586,0.734241,74,35,126,0.005158,1.543545
587,0.734273,74,35,126,0.005151,1.544142
588,0.734479,74,35,125,0.005151,1.544658
589,0.734122,74,35,126,0.005140,1.544970
590,0.734408,74,35,126,0.005150,1.545399
591,0.734730,74,35,125,0.005186,1.545775
592,0.734971,73,35,125,0.005188,1.546250
593,0.735279,73,34,125,0.005209,1.546638
594,0.735536,73,34,125,0.005215,1.547080
595,0.735679,73,34,125,0.005211,1.547617
596,0.735657,73,34,125,0.005203,1.548215
597,0.735859,73,34,125,0.005203,1.548724
598,0.736084,73,35,125,0.005204,1.549213
599,0.736231,73,35,124,0.005201,1.549742
600,0.735843,73,35,125,0.005190,1.549920
601,0.736005,73,35,125,0.005188,1.550436
602,0.736289,73,35,124,0.005199,1.550857
603,0.736263,73,35,125,0.005191,1.551451
604,0.736253,73,35,125,0.005184,1.552042
605,0.736243,73,35,125,0.005177,1.552629
606,0.735808,73,35,125,0.005166,1.552544
607,0.735976,73,35,125,0.005164,1.553053
608,0.736192,73,35,125,0.005165,1.553543
609,0.736394,73,35,125,0.005165,1.554033
610,0.736692,73,35,125,0.005182,1.554427
611,0.736360,73,35,125,0.005172,1.554803
612,0.736496,73,35,125,0.005169,1.555324
613,0.736607,73,35,125,0.005165,1.555864
614,0.736571,73,35,125,0.005157,1.556445
615,0.736861,73,35,125,0.005170,1.556869
616,0.737109,73,35,125,0.005176,1.557303
617,0.737215,73,35,124,0.005171,1.557840
618,0.737495,73,35,124,0.005182,1.558256
619,0.737667,73,35,124,0.005181,1.558754
620,0.737935,73,35,124,0.005189,1.559174
621,0.737570,73,35,124,0.005179,1.559432
622,0.737504,73,35,125,0.005171,1.560000
623,0.737801,73,35,124,0.005193,1.560374
624,0.738061,73,35,124,0.005200,1.560800
625,0.738047,73,35,124,0.005193,1.561376
626,0.738352,73,35,124,0.005227,1.561731
627,0.738571,73,35,124,0.005229,1.562197
628,0.738735,72,35,124,0.005227,1.562692
629,0.739008,72,34,124,0.005238,1.563099
630,0.739294,72,34,124,0.005254,1.563478
631,0.739593,72,34,123,0.005282,1.563843
632,0.739796,72,34,123,0.005282,1.564316
633,0.740022,72,34,123,0.005285,1.564761
634,0.740170,72,34,123,0.005282,1.565254
635,0.740401,71,34,123,0.005286,1.565682
636,0.740574,71,34,123,0.005285,1.566163
637,0.740783,71,34,122,0.005286,1.566620
638,0.740990,71,34,122,0.005287,1.567070
639,0.740936,71,34,123,0.005280,1.567637
640,0.740688,71,34,123,0.005270,1.568159
641,0.740972,71,34,123,0.005289,1.568521
642,0.741126,71,34,123,0.005286,1.569004
643,0.740888,71,34,123,0.005277,1.569530
644,0.740881,71,34,123,0.005270,1.570099
645,0.741033,71,35,123,0.005268,1.570577
646,0.741247,71,34,123,0.005270,1.571010
647,0.741020,71,35,123,0.005261,1.571539
648,0.741304,71,34,123,0.005281,1.571899
649,0.741598,71,34,123,0.005316,1.572234
650,0.741870,71,34,123,0.005328,1.572638
651,0.741676,71,34,123,0.005319,1.573173
652,0.741662,71,34,123,0.005312,1.573736
653,0.741935,71,34,123,0.005327,1.574110
654,0.741735,71,34,123,0.005317,1.574639
655,0.741718,71,34,123,0.005310,1.575197
656,0.742002,71,34,123,0.005333,1.575561
657,0.742206,71,34,123,0.005334,1.575997
658,0.742418,71,34,123,0.005337,1.576417
659,0.742357,71,34,123,0.005329,1.576965
660,0.742334,71,34,123,0.005322,1.577515
661,0.742622,71,34,123,0.005358,1.577833
662,0.742610,71,34,124,0.005351,1.578381
663,0.742370,71,34,124,0.005341,1.578890
664,0.742632,71,34,124,0.005352,1.579289
665,0.742867,71,34,123,0.005357,1.579711
666,0.742647,71,34,124,0.005347,1.580225
667,0.742599,71,34,124,0.005340,1.580764
668,0.742248,71,34,124,0.005330,1.581040
669,0.742434,71,34,124,0.005330,1.581494
670,0.742663,71,34,124,0.005334,1.581909
671,0.742742,71,34,124,0.005329,1.582446
672,0.743023,71,34,124,0.005355,1.582787
673,0.743168,71,34,124,0.005353,1.583261
674,0.743021,71,34,124,0.005344,1.583771
675,0.743250,71,34,124,0.005349,1.584181
676,0.743482,71,34,124,0.005354,1.584587
677,0.743600,71,34,124,0.005356,1.584708
678,0.743667,71,34,123,0.005351,1.585243
679,0.743764,71,34,123,0.005346,1.585752
680,0.743861,71,34,123,0.005342,1.586255
681,0.743958,71,34,123,0.005338,1.586751
682,0.744037,72,34,123,0.005333,1.587267
683,0.744317,71,34,123,0.005370,1.587569
684,0.744438,71,34,122,0.005366,1.588041
685,0.744712,71,34,122,0.005389,1.588380
686,0.744935,71,34,122,0.005394,1.588780
687,0.744597,71,34,122,0.005384,1.589091
688,0.744772,71,34,122,0.005383,1.589546
689,0.744576,71,34,123,0.005374,1.590047
690,0.744667,71,34,122,0.005370,1.590534
691,0.744607,72,34,123,0.005362,1.591063
692,0.744560,72,34,123,0.005355,1.591591
693,0.744049,72,34,123,0.005345,1.590290
694,0.744263,72,34,123,0.005349,1.590687
695,0.744536,72,34,123,0.005376,1.591008
696,0.744557,72,34,123,0.005370,1.591536
697,0.744822,72,34,123,0.005388,1.591881
698,0.744968,71,34,123,0.005386,1.592343
699,0.745093,71,34,123,0.005383,1.592805
700,0.745267,71,34,122,0.005382,1.593248
701,0.745520,71,34,122,0.005394,1.593627
702,0.745261,71,34,123,0.005384,1.594094
703,0.745329,71,34,122,0.005379,1.594603
704,0.745397,72,34,122,0.005374,1.595106
705,0.745663,71,34,122,0.005398,1.595424
706,0.745778,71,34,122,0.005395,1.595883
707,0.746006,71,34,122,0.005400,1.596280
708,0.746118,71,34,122,0.005397,1.596735
709,0.746360,71,34,122,0.005405,1.597128
710,0.746553,71,34,121,0.005407,1.597541
711,0.746720,71,34,121,0.005406,1.597980
712,0.746470,71,34,121,0.005397,1.598450
713,0.746156,71,34,122,0.005387,1.598812
714,0.746391,71,34,122,0.005395,1.599197
715,0.746399,71,34,122,0.005388,1.599719
716,0.746226,71,34,122,0.005379,1.600204
717,0.745902,71,34,122,0.005370,1.600534
718,0.745546,72,34,123,0.005360,1.600753
719,0.745579,72,34,123,0.005354,1.601263
720,0.745524,72,34,123,0.005347,1.601778
721,0.745496,72,34,123,0.005340,1.602295
722,0.745203,72,35,123,0.005331,1.602693
723,0.745391,72,35,123,0.005332,1.603104
724,0.745545,72,35,123,0.005331,1.603548
725,0.745463,72,35,123,0.005323,1.604051
726,0.745707,72,35,123,0.005333,1.604428
727,0.745777,72,35,123,0.005328,1.604910
728,0.745733,72,35,123,0.005321,1.605418
729,0.745828,72,35,123,0.005318,1.605875
730,0.746073,72,35,123,0.005330,1.606230
731,0.746269,72,35,123,0.005332,1.606624
732,0.746195,72,35,123,0.005325,1.607124
733,0.746128,72,35,123,0.005318,1.607621
734,0.746166,72,35,123,0.005312,1.608117
735,0.746204,73,35,123,0.005307,1.608610
736,0.746404,72,35,123,0.005310,1.608996
737,0.746661,72,35,123,0.005335,1.609294
738,0.746594,72,35,123,0.005327,1.609788
739,0.746726,72,35,123,0.005325,1.610232
740,0.746772,72,35,123,0.005320,1.610719
741,0.746921,72,35,123,0.005318,1.611156
742,0.746995,72,35,123,0.005314,1.611613
743,0.747077,73,35,123,0.005310,1.612063
744,0.747256,72,35,122,0.005311,1.612467
745,0.747507,72,35,122,0.005329,1.612805
746,0.747756,72,35,122,0.005346,1.613136
747,0.747964,72,35,122,0.005351,1.613523
748,0.748192,72,34,122,0.005358,1.613901
749,0.748354,72,35,122,0.005358,1.614319
750,0.748572,72,34,122,0.005363,1.614703
751,0.748487,72,34,122,0.005356,1.615190
752,0.748236,72,35,122,0.005347,1.615633
753,0.748477,72,34,122,0.005360,1.615981
754,0.748714,72,34,122,0.005372,1.616326
755,0.748365,72,34,122,0.005363,1.616538
756,0.748612,72,34,122,0.005382,1.616853
757,0.748591,72,34,122,0.005375,1.617345
758,0.748780,72,34,122,0.005378,1.617724
759,0.748994,72,34,122,0.005384,1.618101
760,0.748897,72,34,122,0.005376,1.618579
761,0.749053,72,34,122,0.005376,1.618995
762,0.749284,71,34,122,0.005385,1.619347
763,0.749518,71,34,122,0.005398,1.619682
764,0.749727,71,34,121,0.005403,1.620058
765,0.749869,71,34,121,0.005401,1.620486
766,0.750001,71,34,121,0.005399,1.620914
767,0.750041,71,34,121,0.005394,1.621391
768,0.750244,71,34,121,0.005398,1.621766
769,0.750326,71,34,121,0.005394,1.622208
770,0.750238,71,34,121,0.005387,1.622686
771,0.750474,71,34,121,0.005401,1.623013
772,0.750082,71,34,121,0.005392,1.622977
773,0.750123,71,34,121,0.005387,1.623448
774,0.750317,71,34,121,0.005390,1.623819
775,0.750225,71,34,121,0.005383,1.624293
776,0.750116,71,34,121,0.005375,1.624759
777,0.749749,72,34,122,0.005366,1.624864
778,0.749535,72,34,122,0.005358,1.625303
779,0.749751,72,34,122,0.005364,1.625670
780,0.749849,72,34,122,0.005361,1.626105
781,0.750071,71,34,122,0.005369,1.626470
782,0.750269,71,34,121,0.005373,1.626835
783,0.749965,71,34,122,0.005364,1.627174
784,0.750181,71,34,122,0.005371,1.627533
785,0.750319,71,34,121,0.005370,1.627952
786,0.750413,71,34,121,0.005366,1.628383
787,0.750034,71,34,122,0.005357,1.628411
788,0.750217,71,34,121,0.005360,1.628780
789,0.750425,71,34,121,0.005366,1.629135
790,0.750325,71,34,122,0.005359,1.629599
791,0.750284,71,34,122,0.005352,1.630074
792,0.749975,72,34,122,0.005343,1.630393
793,0.750153,71,34,122,0.005345,1.630760
794,0.750386,71,34,122,0.005361,1.631074
795,0.750605,71,34,122,0.005370,1.631417
796,0.750714,71,34,121,0.005367,1.631842
797,0.750900,71,34,121,0.005370,1.632200
798,0.751099,71,34,121,0.005375,1.632554
799,0.751000,71,34,121,0.005368,1.633012
800,0.750574,71,34,122,0.005359,1.632667
801,0.750772,71,34,122,0.005364,1.633015
802,0.750894,71,34,121,0.005362,1.633431
803,0.751096,71,34,121,0.005368,1.633774
804,0.750832,71,34,122,0.005359,1.634168
805,0.751048,71,33,121,0.005368,1.634500
806,0.751258,71,33,121,0.005376,1.634846
807,0.751495,71,33,121,0.005398,1.635148
808,0.751718,71,33,121,0.005410,1.635471
809,0.751938,70,33,121,0.005421,1.635789
810,0.751741,71,33,121,0.005413,1.636211
811,0.751928,70,33,121,0.005416,1.636562
812,0.752100,70,33,121,0.005419,1.636920
813,0.752323,70,33,121,0.005432,1.637231
814,0.752092,70,33,121,0.005424,1.637643
815,0.752000,70,33,121,0.005416,1.638098
816,0.751880,71,33,122,0.005409,1.638539
817,0.751968,71,33,121,0.005406,1.638963
818,0.751900,71,33,122,0.005399,1.639422
819,0.752134,71,33,122,0.005422,1.639711
820,0.752353,71,33,121,0.005435,1.640015
821,0.752542,70,33,121,0.005440,1.640353
822,0.752692,70,33,121,0.005439,1.640755
823,0.752720,70,33,121,0.005433,1.641224
824,0.752541,71,33,121,0.005426,1.641639
825,0.752683,70,33,121,0.005425,1.642038
826,0.752393,71,33,121,0.005416,1.642382
827,0.752499,71,33,121,0.005413,1.642796
828,0.752531,71,33,121,0.005408,1.643259
829,0.752746,71,33,121,0.005420,1.643557
830,0.752770,71,33,121,0.005415,1.644019
831,0.752998,71,33,121,0.005436,1.644299
832,0.753122,70,33,121,0.005434,1.644703
833,0.753142,71,33,121,0.005429,1.645163
834,0.753364,70,33,120,0.005444,1.645467
835,0.753497,70,33,120,0.005442,1.645861
836,0.753400,70,33,121,0.005435,1.646304
837,0.753597,70,33,120,0.005441,1.646644
838,0.753721,70,33,120,0.005440,1.647040
839,0.753879,70,33,120,0.005440,1.647422
840,0.753890,70,33,120,0.005434,1.647878
841,0.753919,70,33,120,0.005429,1.648327
842,0.754064,70,33,120,0.005429,1.648714
843,0.754075,70,33,120,0.005423,1.649165
844,0.754150,70,33,120,0.005419,1.649585
845,0.754285,70,33,119,0.005419,1.649969
846,0.754408,70,34,119,0.005417,1.650355
847,0.754629,70,33,119,0.005434,1.650651
848,0.754776,70,33,119,0.005434,1.651029
849,0.754875,70,33,119,0.005435,1.651282
850,0.755049,70,33,119,0.005439,1.651626
851,0.755175,70,33,119,0.005437,1.652003
852,0.755318,70,33,119,0.005437,1.652376
853,0.755510,69,33,118,0.005443,1.652710
854,0.755647,69,33,118,0.005442,1.653081
855,0.755318,69,33,119,0.005434,1.653294
856,0.755119,70,34,119,0.005426,1.653695
857,0.755265,69,34,119,0.005426,1.654061
858,0.755282,70,34,119,0.005421,1.654506
859,0.755479,69,34,119,0.005427,1.654838
860,0.755380,70,34,119,0.005420,1.655276
861,0.755516,69,34,119,0.005420,1.655640
862,0.755704,69,34,119,0.005426,1.655965
863,0.755884,69,33,118,0.005430,1.656290
864,0.755798,69,33,119,0.005423,1.656730
865,0.755975,69,33,119,0.005428,1.657051
866,0.755975,69,33,119,0.005422,1.657494
867,0.755982,70,33,119,0.005417,1.657934
868,0.756169,69,33,118,0.005423,1.658255
869,0.756083,70,33,119,0.005416,1.658691
870,0.755977,70,33,119,0.005409,1.659117
871,0.756170,70,33,119,0.005416,1.659438
872,0.756357,69,33,119,0.005422,1.659753
873,0.756116,70,33,119,0.005414,1.660138
874,0.756335,69,33,119,0.005436,1.660413
875,0.756439,69,33,119,0.005434,1.660807
876,0.756658,69,33,118,0.005458,1.661081
877,0.756766,69,33,118,0.005456,1.661466
878,0.756971,69,33,118,0.005468,1.661759
879,0.757160,69,33,118,0.005474,1.662072
880,0.757042,69,33,118,0.005467,1.662492
881,0.757247,69,33,118,0.005480,1.662781
882,0.757387,69,33,118,0.005480,1.663141
883,0.757458,69,33,118,0.005476,1.663556
884,0.757468,69,33,118,0.005471,1.663991
885,0.757625,69,33,118,0.005472,1.664339
886,0.757790,69,33,118,0.005475,1.664675
887,0.757336,69,33,118,0.005466,1.663571
888,0.757501,69,33,118,0.005469,1.663897
889,0.757714,69,33,118,0.005489,1.664161
890,0.757893,69,33,118,0.005495,1.664468
891,0.758082,68,33,117,0.005501,1.664780
892,0.758243,68,33,117,0.005504,1.665107
893,0.758312,68,33,117,0.005500,1.665518
894,0.758375,68,33,117,0.005501,1.666027
895,0.758589,68,33,117,0.005525,1.666301
896,0.758205,68,33,117,0.005516,1.666151
897,0.758243,69,33,117,0.005511,1.666567
898,0.758444,68,33,117,0.005524,1.666852
899,0.758637,68,32,117,0.005531,1.667169
900,0.758675,68,33,117,0.005527,1.667581
901,0.758683,69,33,117,0.005521,1.668009
902,0.758741,69,33,117,0.005517,1.668415
903,0.758932,69,33,117,0.005525,1.668724
904,0.759089,68,32,117,0.005527,1.669048
905,0.759275,68,32,116,0.005534,1.669351
906,0.759486,68,32,116,0.005558,1.669612
907,0.759367,68,32,117,0.005551,1.670029
908,0.759503,68,32,116,0.005551,1.670384
909,0.759715,68,32,116,0.005576,1.670654
910,0.759809,68,32,116,0.005574,1.671041
911,0.759950,68,32,116,0.005574,1.671389
912,0.760114,68,32,116,0.005578,1.671700
913,0.760277,68,32,116,0.005581,1.672007
914,0.760468,68,32,116,0.005590,1.672304
915,0.760563,67,32,116,0.005587,1.672685
916,0.760727,67,32,115,0.005591,1.672988
917,0.760621,67,32,116,0.005584,1.673406
918,0.760415,68,32,116,0.005577,1.673785
919,0.760479,68,32,116,0.005573,1.674185
920,0.760480,68,32,116,0.005567,1.674611
921,0.760654,68,32,116,0.005573,1.674911
922,0.760745,68,32,116,0.005570,1.675289
923,0.760941,68,32,116,0.005582,1.675570
924,0.760903,68,32,116,0.005576,1.675999
925,0.760577,68,32,116,0.005567,1.676170
926,0.760780,68,32,116,0.005587,1.676421
927,0.760900,68,32,116,0.005586,1.676777
928,0.760901,68,32,116,0.005581,1.677197
929,0.760969,68,32,116,0.005577,1.677591
930,0.761158,68,32,116,0.005587,1.677870
931,0.761208,68,32,116,0.005583,1.678267
932,0.761410,68,32,116,0.005604,1.678506
933,0.761407,68,32,116,0.005598,1.678924
934,0.761606,68,32,116,0.005614,1.679201
935,0.761247,68,32,116,0.005605,1.679181
936,0.761301,68,32,116,0.005601,1.679574
937,0.761303,68,32,116,0.005596,1.679986
938,0.761426,68,32,116,0.005595,1.680334
939,0.761183,68,32,116,0.005587,1.680695
940,0.761365,68,32,116,0.005594,1.680993
941,0.761022,68,32,116,0.005586,1.681061
942,0.761021,68,32,116,0.005580,1.681470
943,0.761177,68,32,116,0.005584,1.681770
944,0.761343,68,32,116,0.005588,1.682066
945,0.761350,68,32,116,0.005583,1.682465
946,0.761439,68,32,116,0.005580,1.682837
947,0.761568,68,32,116,0.005580,1.683180
948,0.761691,68,32,116,0.005580,1.683521
949,0.761871,68,32,116,0.005587,1.683811
950,0.762015,68,32,115,0.005588,1.684141
951,0.762153,67,32,115,0.005589,1.684475
952,0.761877,68,32,116,0.005581,1.684789
953,0.761987,67,32,115,0.005579,1.685139
954,0.762010,68,32,115,0.005575,1.685529
955,0.762147,67,32,115,0.005575,1.685858
956,0.762264,67,32,115,0.005575,1.686195
957,0.762313,67,32,115,0.005571,1.686582
958,0.762421,67,33,115,0.005569,1.686925
959,0.762619,67,32,115,0.005592,1.687167
960,0.762808,67,32,115,0.005603,1.687449
961,0.762744,67,32,115,0.005597,1.687871
962,0.762933,67,32,115,0.005608,1.688150
963,0.762621,67,32,115,0.005600,1.688351
964,0.762703,67,32,115,0.005597,1.688721
965,0.762896,67,32,115,0.005613,1.688983
966,0.762879,67,32,115,0.005607,1.689391
967,0.762784,67,32,115,0.005600,1.689804
968,0.762944,67,32,115,0.005605,1.690096
969,0.762940,67,32,115,0.005599,1.690491
970,0.763130,67,32,115,0.005612,1.690768
971,0.763166,67,32,115,0.005608,1.691152
972,0.763317,67,32,115,0.005611,1.691445
973,0.763300,67,32,115,0.005606,1.691844
974,0.763481,67,32,115,0.005616,1.692110
975,0.763382,67,32,115,0.005609,1.692519
976,0.763045,68,32,116,0.005601,1.692592
977,0.763144,67,32,115,0.005599,1.692941
978,0.763132,68,32,116,0.005594,1.693333
979,0.763209,68,32,116,0.005591,1.693701
980,0.763377,68,32,115,0.005596,1.693995
981,0.763424,68,32,115,0.005592,1.694374
982,0.763474,68,32,115,0.005588,1.694750
983,0.763156,68,32,115,0.005580,1.694912
984,0.763132,68,32,116,0.005575,1.695308
985,0.763173,68,33,116,0.005570,1.695683
986,0.763234,68,33,115,0.005567,1.696051
987,0.763334,68,33,115,0.005565,1.696393
988,0.763497,68,33,115,0.005571,1.696682
989,0.763547,68,33,115,0.005567,1.697050
990,0.763531,68,33,115,0.005561,1.697438
991,0.763722,68,33,115,0.005582,1.697666
992,0.763800,68,33,115,0.005579,1.698024
993,0.763454,68,33,115,0.005571,1.698021
994,0.763431,68,33,115,0.005565,1.698409
995,0.763625,68,33,115,0.005588,1.698668
996,0.763596,68,33,116,0.005582,1.699056
997,0.763731,68,33,115,0.005583,1.699374
998,0.763918,68,33,115,0.005599,1.699623
999,0.763861,68,33,116,0.005593,1.700024
1000,0.763541,68,33,116,0.005585,1.700157
1001,0.763665,68,33,116,0.005585,1.700485
1002,0.763833,68,33,116,0.005591,1.700770
1003,0.764006,68,32,115,0.005599,1.701047
1004,0.764033,68,33,115,0.005595,1.701416
1005,0.763630,68,33,116,0.005587,1.700841
1006,0.763781,68,32,115,0.005590,1.701127
1007,0.763703,68,33,116,0.005584,1.701531
1008,0.763782,68,33,116,0.005581,1.701884
1009,0.763748,68,33,116,0.005576,1.702268
1010,0.763637,69,33,116,0.005569,1.702666
1011,0.763817,68,33,116,0.005580,1.702936
1012,0.763899,68,33,116,0.005577,1.703282
1013,0.764068,68,33,116,0.005584,1.703556
1014,0.764259,68,32,116,0.005608,1.703804
1015,0.764421,68,32,115,0.005613,1.704087
1016,0.764292,68,32,116,0.005606,1.704477
1017,0.764169,68,32,116,0.005599,1.704867
1018,0.764343,68,32,116,0.005609,1.705125
1019,0.764448,68,32,116,0.005608,1.705453
1020,0.764515,68,32,116,0.005605,1.705806
1021,0.764264,68,32,116,0.005597,1.706123
1022,0.764396,68,33,116,0.005598,1.706436
1023,0.764566,68,32,116,0.005607,1.706702
1024,0.764722,68,32,115,0.005611,1.706983
1025,0.764845,68,32,115,0.005611,1.707302
1026,0.764802,68,32,116,0.005605,1.707685
1027,0.764957,68,32,115,0.005610,1.707961
1028,0.765017,68,32,115,0.005607,1.708313
1029,0.765194,68,32,115,0.005618,1.708579
1030,0.765058,68,32,115,0.005611,1.708959
1031,0.764927,68,32,116,0.005604,1.709340
1032,0.765057,68,32,116,0.005605,1.709647
1033,0.765209,68,32,115,0.005610,1.709920
1034,0.765386,68,32,115,0.005621,1.710178
1035,0.765569,68,32,115,0.005641,1.710406
1036,0.765723,68,32,115,0.005646,1.710676
1037,0.765462,68,32,115,0.005638,1.710973
1038,0.765647,68,32,115,0.005661,1.711212
1039,0.765585,68,32,115,0.005655,1.711597
1040,0.765753,68,32,115,0.005664,1.711848
1041,0.765871,68,32,115,0.005664,1.712163
1042,0.766054,67,32,115,0.005685,1.712390
1043,0.766095,68,32,115,0.005681,1.712750
1044,0.766266,67,32,115,0.005691,1.713003
1045,0.766431,67,32,115,0.005699,1.713261
1046,0.766504,67,32,115,0.005696,1.713603
1047,0.766565,68,32,115,0.005693,1.713947
1048,0.766435,68,32,115,0.005686,1.714324
1049,0.766399,68,32,115,0.005680,1.714699
1050,0.766132,68,32,115,0.005673,1.714982
1051,0.765905,68,32,115,0.005665,1.715304
1052,0.765928,68,32,115,0.005661,1.715668
1053,0.766082,68,32,115,0.005666,1.715938
1054,0.766257,68,32,115,0.005678,1.716197
1055,0.766353,68,32,115,0.005676,1.716524
1056,0.766322,68,32,115,0.005671,1.716895
1057,0.766482,68,32,115,0.005677,1.717161
1058,0.766596,68,32,115,0.005677,1.717475
1059,0.766737,68,32,115,0.005680,1.717755
1060,0.766898,67,32,115,0.005687,1.718007
1061,0.766924,68,32,115,0.005683,1.718368
1062,0.766932,68,32,115,0.005678,1.718726
1063,0.766831,68,32,115,0.005672,1.719109
1064,0.767001,68,32,115,0.005683,1.719357
1065,0.767143,68,32,115,0.005686,1.719629
1066,0.766863,68,32,115,0.005678,1.719874
1067,0.766477,68,32,115,0.005670,1.719368
1068,0.766647,68,32,115,0.005682,1.719611
1069,0.766704,68,32,115,0.005678,1.719953
1070,0.766813,68,32,115,0.005677,1.720269
1071,0.766835,68,32,115,0.005673,1.720625
1072,0.766991,68,32,115,0.005679,1.720892
1073,0.767022,68,32,114,0.005675,1.721242
1074,0.767121,68,32,114,0.005674,1.721560
1075,0.766994,68,32,115,0.005667,1.721931
1076,0.767108,68,32,114,0.005667,1.722235
1077,0.767155,68,32,114,0.005663,1.722575
1078,0.767325,68,32,114,0.005675,1.722820
1079,0.767345,67,32,114,0.005686,1.722048
1080,0.767521,67,32,114,0.005706,1.722265
1081,0.767546,67,32,114,0.005702,1.722615
1082,0.767699,67,32,114,0.005707,1.722878
1083,0.767832,67,32,114,0.005709,1.723164
1084,0.767981,67,32,114,0.005714,1.723426
1085,0.768128,67,31,113,0.005719,1.723685
1086,0.768277,67,31,113,0.005725,1.723938
1087,0.768304,67,31,113,0.005720,1.724284
1088,0.768339,67,31,113,0.005717,1.724623
1089,0.768354,67,32,113,0.005712,1.724971
1090,0.768117,67,32,113,0.005705,1.725277
1091,0.768173,67,32,113,0.005702,1.725611
1092,0.768291,67,32,113,0.005702,1.725911
1093,0.768307,67,32,113,0.005697,1.726255
1094,0.768266,68,32,113,0.005692,1.726626
1095,0.768424,67,32,113,0.005700,1.726870
1096,0.768574,67,32,113,0.005706,1.727121
1097,0.768711,67,31,113,0.005709,1.727387
1098,0.768863,67,31,113,0.005715,1.727636
1099,0.768877,67,31,113,0.005711,1.727977
1100,0.769009,67,31,113,0.005713,1.728250
1101,0.769169,67,31,113,0.005722,1.728494
1102,0.769312,67,31,112,0.005730,1.728061
1103,0.769261,67,31,113,0.005724,1.728432
1104,0.769368,67,31,112,0.005724,1.728732
1105,0.769381,67,31,112,0.005719,1.729070
1106,0.769459,67,31,112,0.005717,1.729400
1107,0.769592,67,31,112,0.005720,1.729666
1108,0.769761,67,31,112,0.005738,1.729879
1109,0.769933,67,31,112,0.005758,1.730092
1110,0.770103,67,31,112,0.005777,1.730297
1111,0.770119,67,31,112,0.005773,1.730629
1112,0.770291,67,31,112,0.005794,1.730858
1113,0.770022,67,31,112,0.005787,1.731112
1114,0.770168,67,31,112,0.005792,1.731356
1115,0.770315,67,31,112,0.005798,1.731598
1116,0.770373,67,31,112,0.005795,1.731929
1117,0.770373,67,31,112,0.005790,1.732270
1118,0.770451,67,31,112,0.005788,1.732595
1119,0.770553,67,31,112,0.005787,1.732894
1120,0.770416,67,31,112,0.005781,1.733258
1121,0.770469,67,31,112,0.005777,1.733586
1122,0.770383,67,31,112,0.005771,1.733963
1123,0.770462,67,31,112,0.005769,1.734284
1124,0.770555,67,31,112,0.005767,1.734595
1125,0.770602,67,31,111,0.005764,1.734920
1126,0.770541,67,31,112,0.005758,1.735288
1127,0.770692,67,31,112,0.005765,1.735528
1128,0.770716,67,31,111,0.005761,1.735853
1129,0.770813,67,31,111,0.005760,1.736152
1130,0.770891,67,31,111,0.005758,1.736469
1131,0.771011,67,31,111,0.005759,1.736766
1132,0.770744,67,31,111,0.005751,1.737018
1133,0.770838,67,31,111,0.005750,1.737321
1134,0.770985,67,31,111,0.005757,1.737558
1135,0.771106,66,31,111,0.005757,1.737848
1136,0.771227,66,31,111,0.005758,1.738133
1137,0.771090,66,31,111,0.005752,1.738492
1138,0.771131,67,31,111,0.005748,1.738813
1139,0.771243,66,31,111,0.005748,1.739106
1140,0.771396,66,31,111,0.005757,1.739345
1141,0.771195,66,31,111,0.005750,1.739659
1142,0.771362,66,31,111,0.005770,1.739862
1143,0.771094,66,31,111,0.005763,1.740105
1144,0.771261,66,31,111,0.005784,1.740322
1145,0.771426,66,31,111,0.005803,1.740519
1146,0.771559,66,31,111,0.005806,1.740777
1147,0.771317,66,31,111,0.005799,1.741059
1148,0.771460,66,31,111,0.005805,1.741292
1149,0.771419,66,31,111,0.005799,1.741654
1150,0.771578,66,31,111,0.005810,1.741894
1151,0.771645,66,31,111,0.005807,1.742212
1152,0.771633,66,31,111,0.005802,1.742553
1153,0.771707,66,31,111,0.005800,1.742865
1154,0.771553,66,31,111,0.005793,1.743207
1155,0.771704,66,31,111,0.005801,1.743441
1156,0.771868,66,31,111,0.005822,1.743638
1157,0.771562,66,31,111,0.005814,1.743724
1158,0.771702,66,31,111,0.005820,1.743955
1159,0.771793,66,31,111,0.005819,1.744252
1160,0.771521,66,31,111,0.005811,1.744476
1161,0.771684,66,31,111,0.005831,1.744665
1162,0.771553,66,31,111,0.005824,1.745020
1163,0.771664,66,31,111,0.005824,1.745310
1164,0.771770,66,31,111,0.005824,1.745596
1165,0.771624,66,31,111,0.005817,1.745938
1166,0.771756,66,31,111,0.005821,1.746191
1167,0.771597,66,31,111,0.005814,1.746521
1168,0.771717,66,31,111,0.005815,1.746794
1169,0.771605,66,31,111,0.005809,1.747153
1170,0.771470,66,31,112,0.005802,1.747497
1171,0.771159,66,31,112,0.005795,1.747540
1172,0.771311,66,31,112,0.005803,1.747773
1173,0.771461,66,31,112,0.005812,1.748001
1174,0.771607,66,31,112,0.005819,1.748229
1175,0.771643,66,31,111,0.005816,1.748547
1176,0.771620,66,31,112,0.005811,1.748894
1177,0.771734,66,31,112,0.005811,1.749171
1178,0.771854,66,31,111,0.005813,1.749436
1179,0.771822,66,31,112,0.005808,1.749787
1180,0.771888,66,31,112,0.005805,1.750100
1181,0.771752,66,31,112,0.005798,1.750440
1182,0.771671,66,31,112,0.005793,1.750799
1183,0.771833,66,31,112,0.005814,1.751011
1184,0.771962,66,31,112,0.005817,1.751261
1185,0.771968,66,31,112,0.005812,1.751586
1186,0.772055,66,31,112,0.005811,1.751882
1187,0.772189,66,31,112,0.005815,1.752123
1188,0.771907,66,31,112,0.005808,1.752298
1189,0.771585,66,31,112,0.005800,1.752259
1190,0.771697,66,31,112,0.005801,1.752532
1191,0.771774,66,31,112,0.005799,1.752834
1192,0.771654,66,31,112,0.005793,1.753180
1193,0.771694,66,31,112,0.005789,1.753496
1194,0.771554,66,31,112,0.005783,1.753828
1195,0.771651,66,31,112,0.005782,1.754112
1196,0.771718,66,31,112,0.005780,1.754418
1197,0.771864,66,31,112,0.005788,1.754641
1198,0.771846,66,31,112,0.005783,1.754977
1199,0.771955,66,31,112,0.005783,1.755251
1200,0.772016,66,31,112,0.005781,1.755557
1201,0.772139,66,31,112,0.005783,1.755809
1202,0.772283,66,31,112,0.005791,1.756027
1203,0.772352,66,31,111,0.005789,1.756326
1204,0.772096,66,31,112,0.005782,1.756560
1205,0.771999,66,31,112,0.005776,1.756911
1206,0.772097,66,31,112,0.005775,1.757192
1207,0.772255,66,31,112,0.005795,1.757380
1208,0.772201,66,31,112,0.005790,1.757731
1209,0.772355,66,31,112,0.005801,1.757967
1210,0.772074,66,31,112,0.005794,1.758128
1211,0.772082,66,31,112,0.005789,1.758447
1212,0.772093,66,31,112,0.005785,1.758763
1213,0.772252,66,31,112,0.005806,1.758966
1214,0.772205,66,31,112,0.005801,1.759315
1215,0.772332,66,31,112,0.005804,1.759559
1216,0.772413,66,31,112,0.005802,1.759851
1217,0.772572,66,31,112,0.005824,1.760051
1218,0.772700,66,31,112,0.005828,1.760289
1219,0.772645,66,31,112,0.005822,1.760635
1220,0.772680,66,31,112,0.005819,1.760947
1221,0.772828,66,31,112,0.005828,1.761176
1222,0.772713,66,31,112,0.005821,1.761517
1223,0.772839,66,31,112,0.005825,1.761754
1224,0.772933,66,31,112,0.005824,1.762032
1225,0.773030,66,31,111,0.005824,1.762307
1226,0.773180,66,31,111,0.005833,1.762544
1227,0.773077,66,31,112,0.005827,1.762886
1228,0.773215,66,31,111,0.005833,1.763113
1229,0.773370,66,31,111,0.005854,1.763295
1230,0.773526,66,31,111,0.005876,1.763488
1231,0.773476,66,31,111,0.005870,1.763831
1232,0.773535,66,31,111,0.005868,1.764132
1233,0.773612,66,31,111,0.005866,1.764422
1234,0.773647,66,31,111,0.005862,1.764731
1235,0.773680,66,31,111,0.005859,1.765037
1236,0.773428,66,31,111,0.005852,1.765267
1237,0.773506,66,31,111,0.005850,1.765552
1238,0.773503,66,31,111,0.005845,1.765875
1239,0.773589,66,31,111,0.005844,1.766149
1240,0.773715,66,31,111,0.005848,1.766380
1241,0.773832,66,31,111,0.005850,1.766630
1242,0.773596,66,31,111,0.005843,1.766879
1243,0.773708,66,31,111,0.005844,1.767139
1244,0.773798,66,31,111,0.005844,1.767410
1245,0.773745,66,31,111,0.005838,1.767750
1246,0.773711,66,31,111,0.005833,1.768082
1247,0.773848,66,31,111,0.005840,1.768301
1248,0.773942,66,31,111,0.005839,1.768570
1249,0.773972,66,31,111,0.005836,1.768874
1250,0.774099,66,31,111,0.005840,1.769102
1251,0.774179,66,31,111,0.005839,1.769375
1252,0.774248,66,31,111,0.005837,1.769662
1253,0.774402,65,31,111,0.005859,1.769850
1254,0.774555,65,31,111,0.005882,1.770032
1255,0.774195,65,31,111,0.005875,1.769447
1256,0.773930,66,31,111,0.005868,1.769639
1257,0.773811,66,31,111,0.005862,1.769973
1258,0.773915,66,31,111,0.005862,1.770238
1259,0.774004,65,31,111,0.005861,1.770504
1260,0.773895,66,31,111,0.005855,1.770838
1261,0.773849,66,31,111,0.005850,1.771173
1262,0.773973,66,31,111,0.005854,1.771398
1263,0.773765,66,31,111,0.005847,1.771661
1264,0.773839,66,31,111,0.005845,1.771940
1265,0.773976,66,31,111,0.005853,1.772154
1266,0.774094,65,31,111,0.005855,1.772390
1267,0.773964,66,31,111,0.005849,1.772712
1268,0.774084,65,31,111,0.005853,1.772938
1269,0.774225,65,31,111,0.005861,1.773160
1270,0.774269,65,31,111,0.005857,1.773461
1271,0.773988,66,31,111,0.005850,1.773587
1272,0.773773,66,31,111,0.005844,1.773839
1273,0.773904,66,31,111,0.005849,1.774064
1274,0.774045,65,31,111,0.005857,1.774284
1275,0.774129,65,31,111,0.005856,1.774547
1276,0.774170,65,31,111,0.005853,1.774847
1277,0.774320,65,31,111,0.005873,1.775022
1278,0.774388,65,31,111,0.005871,1.775303
1279,0.774525,65,31,111,0.005878,1.775516
1280,0.774674,65,31,111,0.005899,1.775686
1281,0.774797,65,31,111,0.005903,1.775907
1282,0.774850,65,31,111,0.005900,1.776202
1283,0.774799,65,31,111,0.005895,1.776534
1284,0.774750,65,31,111,0.005889,1.776864
1285,0.774774,65,31,111,0.005886,1.777164
1286,0.774868,65,31,111,0.005885,1.777427
1287,0.775012,65,31,111,0.005896,1.777651
1288,0.774718,65,31,111,0.005889,1.777704
1289,0.774810,65,31,111,0.005888,1.777964
1290,0.774913,65,31,111,0.005889,1.778223
1291,0.774978,65,31,111,0.005887,1.778503
1292,0.775088,65,31,110,0.005888,1.778752
1293,0.775222,65,31,110,0.005895,1.778960
1294,0.775316,65,31,110,0.005895,1.779218
1295,0.775464,65,31,110,0.005916,1.779383
1296,0.775606,65,31,110,0.005925,1.779611
1297,0.775654,65,31,110,0.005922,1.779903
1298,0.775703,65,31,110,0.005919,1.780192
1299,0.775661,65,31,110,0.005914,1.780518
1300,0.775761,65,31,110,0.005914,1.780773
1301,0.775906,65,31,110,0.005930,1.780955
1302,0.775702,65,31,110,0.005923,1.781211
1303,0.775732,65,31,110,0.005920,1.781507
1304,0.775669,65,31,110,0.005915,1.781833
1305,0.775772,65,31,110,0.005915,1.782084
1306,0.775759,65,31,110,0.005911,1.782403
1307,0.775861,65,31,110,0.005911,1.782651
1308,0.775760,65,31,110,0.005905,1.782978
1309,0.775727,65,31,111,0.005900,1.783295
1310,0.775804,65,31,111,0.005902,1.783516
1311,0.775898,65,31,110,0.005902,1.783769
1312,0.776018,65,31,110,0.005905,1.783987
1313,0.776059,65,31,110,0.005902,1.784276
1314,0.776149,65,31,110,0.005902,1.784528
1315,0.776292,65,31,110,0.005919,1.784703
1316,0.776020,65,31,110,0.005912,1.784843
1317,0.775908,65,31,110,0.005906,1.785166
1318,0.776035,65,31,110,0.005911,1.785378
1319,0.776134,65,31,110,0.005912,1.785624
1320,0.776272,65,31,110,0.005920,1.785848
1321,0.776417,65,31,110,0.005942,1.786024
1322,0.776407,65,31,110,0.005937,1.786339
1323,0.776463,65,31,110,0.005935,1.786618
1324,0.776601,65,31,110,0.005943,1.786836
1325,0.776737,65,31,110,0.005952,1.787051
1326,0.776670,65,31,110,0.005946,1.787372
1327,0.776804,65,31,110,0.005954,1.787584
1328,0.776929,65,31,110,0.005959,1.787794
1329,0.776692,65,31,110,0.005952,1.788014
1330,0.776807,65,31,110,0.005956,1.788229
1331,0.776755,65,31,110,0.005951,1.788547
1332,0.776896,65,31,110,0.005967,1.788717
1333,0.776950,65,31,110,0.005965,1.788995
1334,0.776973,65,31,110,0.005961,1.789288
1335,0.776744,65,31,110,0.005954,1.789512
1336,0.776818,65,31,110,0.005953,1.789774
1337,0.776917,65,31,110,0.005954,1.790016
1338,0.777025,65,31,110,0.005955,1.790256
1339,0.777067,65,31,110,0.005952,1.790538
1340,0.777110,65,31,110,0.005949,1.790818
1341,0.777248,65,31,110,0.005959,1.791032
1342,0.777382,65,31,110,0.005968,1.791238
1343,0.777408,65,31,109,0.005964,1.791526
1344,0.777549,65,31,109,0.005984,1.791686
1345,0.777611,65,31,109,0.005982,1.791958
1346,0.777732,65,31,109,0.005986,1.792178
1347,0.777805,64,31,109,0.005985,1.792437
1348,0.777779,65,31,109,0.005980,1.792748
1349,0.777906,64,31,109,0.005987,1.792952
1350,0.777990,64,31,109,0.005986,1.793204
1351,0.777655,64,31,109,0.005979,1.792810
1352,0.777772,64,31,109,0.005983,1.793026
1353,0.777902,64,31,109,0.005990,1.793231
1354,0.778040,64,31,109,0.006007,1.793396
1355,0.778077,64,31,109,0.006004,1.793673
1356,0.778168,64,31,109,0.006004,1.793915
1357,0.778293,64,31,109,0.006010,1.794116
1358,0.778155,64,31,109,0.006004,1.794422
1359,0.778288,64,31,109,0.006012,1.794630
1360,0.778390,64,31,109,0.006013,1.794869
1361,0.778506,64,31,109,0.006017,1.795083
1362,0.778530,64,31,109,0.006013,1.795367
1363,0.778239,64,31,109,0.006006,1.795383
1364,0.778365,64,31,109,0.006013,1.795582
1365,0.778269,64,31,109,0.006007,1.795902
1366,0.778351,64,31,109,0.006007,1.796151
1367,0.778487,64,31,109,0.006017,1.796355
1368,0.778620,64,30,109,0.006026,1.796566
1369,0.778705,64,30,109,0.006026,1.796810
1370,0.778431,64,31,109,0.006019,1.796916
1371,0.778571,64,30,109,0.006040,1.797087
1372,0.778711,64,30,109,0.006061,1.797254
1373,0.778724,64,30,108,0.006057,1.797546
1374,0.778767,64,30,108,0.006054,1.797819
1375,0.778903,64,30,108,0.006072,1.797978
1376,0.779034,64,30,108,0.006080,1.798184
1377,0.779153,64,30,108,0.006085,1.798391
1378,0.778893,64,30,108,0.006078,1.798545
1379,0.779026,64,30,108,0.006087,1.798746
1380,0.779126,64,30,108,0.006088,1.798982
1381,0.778969,64,30,108,0.006082,1.799267
1382,0.779007,64,30,108,0.006079,1.799539
1383,0.779065,64,30,108,0.006077,1.799807
1384,0.779199,64,30,108,0.006087,1.800003
1385,0.779074,64,30,108,0.006081,1.800312
1386,0.779066,64,30,108,0.006077,1.800619
1387,0.778991,64,30,108,0.006071,1.800933
1388,0.779108,64,30,108,0.006075,1.801142
1389,0.779228,64,30,108,0.006081,1.801342
1390,0.779325,64,30,108,0.006081,1.801576
1391,0.779463,64,30,108,0.006103,1.801738
1392,0.779541,64,30,108,0.006102,1.801982
1393,0.779667,64,30,108,0.006109,1.802181
1394,0.779742,63,30,108,0.006108,1.802427
1395,0.779846,63,30,108,0.006110,1.802657
1396,0.779752,63,30,108,0.006104,1.802970
1397,0.779866,63,30,108,0.006108,1.803178
1398,0.779947,63,30,108,0.006107,1.803416
1399,0.780005,63,30,108,0.006105,1.803681
1400,0.779748,63,30,108,0.006098,1.803831
1401,0.779858,63,30,108,0.006101,1.804040
1402,0.779856,63,30,108,0.006097,1.804340
1403,0.779958,63,30,108,0.006098,1.804567
1404,0.779993,63,30,108,0.006095,1.804837
1405,0.779840,63,30,108,0.006089,1.805121
1406,0.779851,64,30,108,0.006085,1.805408
1407,0.779962,64,30,108,0.006080,1.804980
1408,0.779972,64,30,108,0.006076,1.805265
1409,0.780033,64,30,108,0.006074,1.805524
1410,0.779898,64,30,108,0.006068,1.805821
1411,0.779914,64,30,108,0.006065,1.806098
1412,0.779804,64,30,108,0.006059,1.806404
1413,0.779785,64,30,108,0.006054,1.806711
1414,0.779798,64,30,108,0.006050,1.806989
1415,0.779798,64,30,108,0.006046,1.807279
1416,0.779918,64,30,108,0.006052,1.807473
1417,0.779788,64,30,108,0.006046,1.807769
1418,0.779483,64,30,108,0.006040,1.807607
1419,0.779616,64,30,108,0.006058,1.807762
1420,0.779717,64,30,108,0.006060,1.807985
1421,0.779654,64,30,108,0.006054,1.808295
1422,0.779762,64,30,108,0.006058,1.808500
1423,0.779860,64,30,108,0.006059,1.808721
1424,0.779985,64,30,108,0.006066,1.808918
1425,0.780075,64,30,108,0.006067,1.809153
1426,0.780145,64,30,108,0.006065,1.809400
1427,0.780267,64,30,108,0.006072,1.809593
1428,0.780219,64,30,108,0.006067,1.809901
1429,0.780342,64,30,108,0.006074,1.810092
1430,0.780412,64,30,108,0.006073,1.810335
1431,0.780515,64,30,108,0.006075,1.810552
1432,0.780380,64,30,108,0.006069,1.810843
1433,0.780370,64,30,108,0.006065,1.811138
1434,0.780461,64,30,108,0.006065,1.811369
1435,0.780585,64,30,108,0.006073,1.811562
1436,0.780575,64,30,108,0.006068,1.811854
1437,0.780565,64,30,108,0.006064,1.812143
1438,0.780603,64,30,108,0.006061,1.812408
1439,0.780696,64,30,108,0.006062,1.812633
1440,0.780594,64,30,108,0.006056,1.812935
1441,0.780718,64,30,108,0.006064,1.813128
1442,0.780795,64,30,108,0.006063,1.813364
1443,0.780493,64,30,108,0.006057,1.813207
1444,0.780617,64,30,108,0.006065,1.813398
1445,0.780739,64,30,108,0.006073,1.813581
1446,0.780851,63,30,108,0.006077,1.813782
1447,0.780981,63,30,108,0.006093,1.813936
1448,0.781090,63,30,108,0.006097,1.814138
1449,0.781210,63,30,108,0.006104,1.814319
1450,0.781334,63,30,108,0.006113,1.814509
1451,0.781349,63,30,108,0.006109,1.814780
1452,0.781229,63,30,108,0.006103,1.815075
1453,0.781241,63,30,108,0.006100,1.815345
1454,0.781237,63,30,108,0.006095,1.815626
1455,0.781288,64,30,108,0.006093,1.815888
1456,0.781142,64,30,108,0.006087,1.816166
1457,0.781029,64,30,108,0.006081,1.816459
1458,0.780881,64,30,108,0.006075,1.816733
1459,0.780959,64,30,108,0.006074,1.816966
1460,0.780941,64,30,108,0.006070,1.817261
1461,0.780886,64,30,108,0.006065,1.817566
1462,0.781017,64,30,108,0.006085,1.817725
1463,0.781000,64,30,108,0.006081,1.818013
1464,0.781086,64,30,108,0.006081,1.818242
1465,0.781016,64,30,108,0.006076,1.818542
1466,0.781008,64,30,108,0.006071,1.818820
1467,0.781092,64,30,108,0.006071,1.819049
1468,0.781202,64,30,108,0.006075,1.819245
1469,0.781298,64,30,108,0.006077,1.819462
1470,0.781382,64,30,108,0.006077,1.819686
1471,0.781213,64,30,108,0.006071,1.819938
1472,0.781144,64,30,108,0.006065,1.820237
1473,0.781094,64,30,109,0.006060,1.820536
1474,0.781121,64,30,109,0.006057,1.820798
1475,0.781232,64,30,108,0.006062,1.820991
1476,0.780956,64,30,109,0.006055,1.821004
1477,0.780967,64,30,109,0.006052,1.821270
1478,0.781024,64,30,108,0.006050,1.821525
1479,0.781016,64,30,109,0.006045,1.821799
1480,0.780991,64,30,109,0.006041,1.822091
1481,0.781074,64,30,109,0.006041,1.822313
1482,0.781198,64,30,109,0.006051,1.822501
1483,0.781289,64,30,108,0.006052,1.822721
1484,0.781193,64,30,109,0.006046,1.823011
1485,0.781322,64,30,109,0.006067,1.823165
1486,0.781368,64,30,108,0.006064,1.823425
1487,0.781234,64,30,109,0.006058,1.823702
1488,0.781100,64,30,109,0.006053,1.823978
1489,0.781135,64,30,109,0.006050,1.824237
1490,0.781182,64,31,109,0.006047,1.824492
1491,0.781311,64,30,109,0.006068,1.824643
1492,0.781251,64,30,109,0.006063,1.824939
1493,0.781258,64,31,109,0.006059,1.825203
1494,0.781384,64,30,109,0.006075,1.825352
1495,0.781473,64,30,109,0.006076,1.825568
1496,0.781601,64,30,108,0.006098,1.825715
1497,0.781279,64,30,109,0.006091,1.825193
1498,0.781357,64,30,109,0.006090,1.825421
1499,0.781475,64,30,108,0.006098,1.825601
1500,0.781192,64,30,109,0.006091,1.825544
1501,0.781318,64,30,109,0.006109,1.825695
1502,0.781315,64,30,109,0.006105,1.825962
1503,0.781435,64,30,109,0.006113,1.826149
1504,0.781499,64,30,108,0.006111,1.826391
1505,0.781627,64,30,108,0.006133,1.826535
1506,0.781749,64,30,108,0.006143,1.826716
1507,0.781835,64,30,108,0.006144,1.826933
1508,0.781930,64,30,108,0.006145,1.827145
1509,0.781976,64,30,108,0.006142,1.827399
1510,0.782083,64,30,108,0.006146,1.827591
1511,0.782003,64,30,108,0.006141,1.827880
1512,0.782045,64,30,108,0.006138,1.828132
1513,0.781972,64,30,108,0.006133,1.828422
1514,0.781694,64,30,108,0.006127,1.828391
1515,0.781770,64,30,108,0.006126,1.828615
1516,0.781825,64,30,108,0.006124,1.828864
1517,0.781949,64,30,108,0.006140,1.829009
1518,0.782068,64,30,108,0.006148,1.829198
1519,0.782195,64,30,108,0.006170,1.829338
1520,0.782257,64,30,108,0.006168,1.829577
1521,0.782279,64,30,108,0.006165,1.829834
1522,0.782254,64,30,108,0.006161,1.830122
1523,0.782281,64,30,108,0.006157,1.830377
1524,0.782399,64,30,108,0.006165,1.830558
1525,0.782355,64,30,108,0.006161,1.830847
1526,0.782458,64,30,108,0.006164,1.831040
1527,0.782531,64,30,108,0.006163,1.831264
1528,0.782576,64,30,108,0.006161,1.831512
1529,0.782682,64,30,108,0.006165,1.831701
1530,0.782763,64,30,108,0.006165,1.831917
1531,0.782887,64,30,108,0.006182,1.832063
1532,0.783009,63,30,107,0.006198,1.832204
1533,0.783008,64,30,108,0.006194,1.832467
1534,0.783064,63,30,107,0.006192,1.832712
1535,0.783104,64,30,107,0.006189,1.832959
1536,0.783159,64,30,107,0.006187,1.833201
1537,0.782929,64,30,107,0.006181,1.833366
1538,0.782985,64,30,107,0.006179,1.833604
1539,0.783071,63,30,107,0.006179,1.833815
1540,0.782850,64,30,107,0.006173,1.833993
1541,0.782940,63,30,107,0.006174,1.834203
1542,0.782940,64,30,107,0.006170,1.834463
1543,0.782963,64,30,107,0.006167,1.834716
1544,0.783046,64,30,107,0.006167,1.834926
1545,0.783099,63,30,107,0.006165,1.835164
1546,0.783109,64,30,107,0.006162,1.835419
1547,0.783178,63,31,107,0.006161,1.835646
1548,0.783237,63,31,107,0.006159,1.835877
1549,0.783328,63,30,107,0.006160,1.836085
1550,0.783452,63,30,107,0.006182,1.836222
1551,0.783544,63,30,107,0.006183,1.836428
1552,0.783655,63,30,107,0.006190,1.836603
1553,0.783771,63,30,107,0.006198,1.836783
1554,0.783642,63,30,107,0.006192,1.837056
1555,0.783755,63,30,107,0.006199,1.837230
1556,0.783770,63,30,107,0.006196,1.837481
1557,0.783745,63,30,107,0.006191,1.837764
1558,0.783796,63,30,107,0.006189,1.838000
1559,0.783709,63,30,107,0.006184,1.838282
1560,0.783827,63,30,107,0.006194,1.838456
1561,0.783914,63,30,107,0.006195,1.838660
1562,0.783659,63,30,107,0.006189,1.838737
1563,0.783775,63,30,107,0.006197,1.838918
1564,0.783839,63,30,107,0.006196,1.839144
1565,0.783915,63,30,107,0.006195,1.839357
1566,0.783890,63,30,107,0.006191,1.839637
1567,0.783860,63,30,107,0.006186,1.839919
1568,0.783875,63,30,107,0.006183,1.840168
1569,0.783958,63,30,107,0.006184,1.840371
1570,0.784046,63,30,107,0.006185,1.840572
1571,0.784016,63,30,107,0.006180,1.840851
1572,0.784036,63,30,107,0.006177,1.841099
1573,0.784106,63,30,107,0.006176,1.841316
1574,0.784175,63,31,107,0.006175,1.841532
1575,0.784290,63,30,107,0.006184,1.841706
1576,0.784143,63,30,107,0.006179,1.841964
1577,0.784264,63,30,107,0.006200,1.842098
1578,0.784356,63,30,107,0.006202,1.842302
1579,0.784372,63,30,107,0.006198,1.842547
1580,0.784450,63,30,107,0.006199,1.842753
1581,0.784518,63,30,107,0.006198,1.842967
1582,0.784273,63,30,107,0.006191,1.843077
1583,0.784377,63,30,107,0.006196,1.843265
1584,0.784451,63,30,107,0.006195,1.843473
1585,0.784174,63,30,107,0.006189,1.843395
1586,0.784202,63,30,107,0.006186,1.843639
1587,0.784284,63,31,106,0.006187,1.843838
1588,0.784138,63,31,107,0.006181,1.844094
1589,0.784210,63,31,107,0.006181,1.844301
1590,0.784247,63,31,106,0.006178,1.844544
1591,0.784358,63,31,106,0.006185,1.844715
1592,0.784303,63,31,107,0.006180,1.844999
1593,0.784423,63,31,106,0.006202,1.845131
1594,0.784529,63,30,106,0.006207,1.845320
1595,0.784578,63,30,106,0.006205,1.845553
1596,0.784687,63,30,106,0.006211,1.845722
1597,0.784341,63,30,106,0.006205,1.844199
1598,0.784446,63,30,106,0.006209,1.844385
1599,0.784543,63,30,106,0.006212,1.844581
1600,0.784303,63,30,106,0.006206,1.844698
1601,0.783978,63,30,107,0.006199,1.843904
1602,0.783875,63,30,107,0.006194,1.844179
1603,0.783869,63,30,107,0.006190,1.844438
1604,0.783735,63,30,107,0.006184,1.844700
1605,0.783821,63,30,107,0.006185,1.844898
1606,0.783908,63,30,107,0.006186,1.845095
1607,0.783956,63,30,107,0.006184,1.845326
1608,0.784022,63,30,107,0.006184,1.845536
1609,0.784085,63,31,107,0.006182,1.845757
1610,0.784168,63,31,107,0.006183,1.845950
1611,0.784234,63,31,106,0.006183,1.846156
1612,0.784351,63,31,106,0.006199,1.846299
1613,0.784328,63,31,107,0.006194,1.846567
1614,0.784300,63,31,107,0.006190,1.846838
1615,0.784378,63,31,107,0.006190,1.847038
1616,0.784414,63,31,107,0.006187,1.847279
1617,0.784452,63,31,106,0.006185,1.847516
1618,0.784565,63,31,106,0.006194,1.847684
1619,0.784370,63,31,107,0.006189,1.847875
1620,0.784446,63,31,106,0.006189,1.848074
1621,0.784208,63,31,107,0.006183,1.848189
1622,0.784176,63,31,107,0.006178,1.848462
1623,0.784208,63,31,107,0.006175,1.848701
1624,0.784174,63,31,107,0.006171,1.848972
1625,0.784180,63,31,107,0.006167,1.849220
1626,0.784102,63,31,107,0.006162,1.849499
1627,0.784174,63,31,107,0.006162,1.849700
1628,0.784207,63,31,107,0.006159,1.849936
1629,0.784298,63,31,107,0.006161,1.850136
1630,0.784221,63,31,107,0.006156,1.850414
1631,0.784326,63,31,107,0.006160,1.850598
1632,0.784420,63,31,107,0.006163,1.850792
1633,0.784468,63,31,107,0.006161,1.851020
1634,0.784199,63,31,107,0.006154,1.850963
1635,0.784159,63,31,107,0.006150,1.851235
1636,0.784122,63,31,107,0.006145,1.851505
1637,0.784167,63,31,107,0.006143,1.851732
1638,0.784277,63,31,107,0.006151,1.851907
1639,0.784373,63,31,107,0.006153,1.852095
1640,0.784487,63,31,107,0.006168,1.852232
1641,0.784544,63,31,107,0.006166,1.852456
1642,0.784559,63,31,107,0.006163,1.852697
1643,0.784651,63,31,107,0.006165,1.852893
1644,0.784730,63,31,106,0.006166,1.853084
1645,0.784693,63,31,107,0.006161,1.853351
1646,0.784372,63,31,107,0.006155,1.852523
1647,0.784488,63,31,107,0.006176,1.852652
1648,0.784199,63,31,107,0.006170,1.852394
1649,0.784050,63,31,107,0.006164,1.852638
1650,0.784154,63,31,107,0.006169,1.852816
1651,0.784270,63,31,107,0.006191,1.852942
1652,0.784382,63,31,107,0.006201,1.853104
1653,0.784390,63,31,107,0.006198,1.853345
1654,0.784450,63,31,107,0.006196,1.853560
1655,0.784547,63,31,107,0.006199,1.853743
1656,0.784604,63,31,106,0.006198,1.853962
1657,0.784645,63,31,106,0.006196,1.854189
1658,0.784717,63,31,106,0.006195,1.854386
1659,0.784820,63,31,106,0.006201,1.854556
1660,0.784829,63,31,106,0.006198,1.854794
1661,0.784905,63,31,106,0.006198,1.854985
1662,0.784907,63,31,106,0.006194,1.855227
1663,0.784897,63,31,106,0.006190,1.855482
1664,0.784971,63,31,106,0.006191,1.855672
1665,0.785058,63,31,106,0.006192,1.855868
1666,0.785074,63,31,106,0.006189,1.856104
1667,0.785187,63,31,106,0.006204,1.856243
1668,0.785273,63,31,106,0.006206,1.856437
1669,0.785209,63,31,106,0.006201,1.856715
1670,0.785232,63,31,106,0.006198,1.856949
1671,0.785209,63,31,106,0.006194,1.857205
1672,0.785295,63,31,106,0.006195,1.857397
1673,0.785285,63,31,106,0.006191,1.857648
1674,0.785386,63,31,106,0.006196,1.857827
1675,0.785494,63,31,106,0.006203,1.857995
1676,0.785602,63,31,106,0.006211,1.858162
1677,0.785526,63,31,106,0.006206,1.858437
1678,0.785578,63,31,106,0.006204,1.858658
1679,0.785509,63,31,106,0.006199,1.858932
1680,0.785620,63,31,106,0.006214,1.859065
1681,0.785583,63,31,106,0.006209,1.859327
1682,0.785687,63,31,106,0.006216,1.859494
1683,0.785676,63,31,106,0.006212,1.859743
1684,0.785773,63,30,106,0.006215,1.859925
1685,0.785839,63,31,106,0.006215,1.860125
1686,0.785948,63,30,106,0.006225,1.860281
1687,0.786036,63,30,106,0.006226,1.860471
1688,0.786147,63,30,106,0.006242,1.860607
1689,0.786245,63,30,106,0.006246,1.860785
1690,0.786282,63,30,106,0.006243,1.861012
1691,0.786252,63,30,106,0.006239,1.861266
1692,0.786277,63,30,106,0.006236,1.861498
1693,0.786382,63,30,106,0.006243,1.861666
1694,0.786419,63,30,106,0.006240,1.861889
1695,0.786455,63,30,106,0.006238,1.862112
1696,0.786518,63,30,106,0.006237,1.862310
1697,0.786515,63,30,106,0.006233,1.862550
1698,0.786606,63,30,106,0.006236,1.862735
1699,0.786692,63,30,106,0.006237,1.862922
1700,0.786744,63,30,106,0.006236,1.863141
1701,0.786783,63,30,106,0.006233,1.863359
1702,0.786641,63,30,106,0.006228,1.863606
1703,0.786748,63,30,106,0.006236,1.863769
1704,0.786730,63,30,106,0.006232,1.864017
1705,0.786811,63,30,106,0.006233,1.864207
1706,0.786814,63,30,106,0.006230,1.864440
1707,0.786918,63,30,106,0.006237,1.864603
1708,0.786899,63,30,106,0.006233,1.864848
1709,0.786956,63,30,106,0.006231,1.865058
1710,0.786998,63,30,106,0.006229,1.865274
1711,0.786984,63,30,106,0.006225,1.865517
1712,0.787092,63,30,106,0.006240,1.865647
1713,0.787102,63,30,106,0.006236,1.865877
1714,0.787179,63,30,106,0.006237,1.866065
1715,0.787290,63,30,106,0.006258,1.866189
1716,0.787401,63,30,105,0.006279,1.866310
1717,0.787109,63,30,106,0.006272,1.865894
1718,0.787217,63,30,105,0.006287,1.866021
1719,0.786983,63,30,106,0.006281,1.866109
1720,0.787085,63,30,106,0.006288,1.866271
1721,0.787114,63,30,105,0.006285,1.866496
1722,0.787193,63,30,105,0.006286,1.866683
1723,0.787169,63,30,106,0.006282,1.866927
1724,0.787128,63,30,106,0.006277,1.867186
1725,0.787174,63,30,106,0.006275,1.867401
1726,0.787259,63,30,106,0.006277,1.867585
1727,0.787369,63,30,105,0.006298,1.867704
1728,0.787475,63,30,105,0.006308,1.867856
1729,0.787399,63,30,106,0.006303,1.868126
1730,0.787446,63,30,105,0.006301,1.868340
1731,0.787528,63,30,105,0.006302,1.868524
1732,0.787559,63,30,105,0.006300,1.868744
1733,0.787630,63,30,105,0.006300,1.868929
1734,0.787731,62,30,105,0.006307,1.869085
1735,0.787798,62,30,105,0.006306,1.869277
1736,0.787844,62,30,105,0.006305,1.869489
1737,0.787878,62,30,105,0.006302,1.869703
1738,0.787899,63,30,105,0.006299,1.869931
1739,0.787981,62,30,105,0.006301,1.870111
1740,0.788003,63,30,105,0.006298,1.870338
1741,0.787966,63,30,105,0.006293,1.870588
1742,0.788045,63,30,105,0.006294,1.870771
1743,0.788123,62,30,105,0.006295,1.870952
1744,0.787989,63,30,105,0.006290,1.871201
1745,0.788078,62,30,105,0.006292,1.871383
1746,0.788101,63,30,105,0.006289,1.871604
1747,0.788156,62,30,105,0.006288,1.871810
1748,0.788078,63,30,105,0.006283,1.872079
1749,0.788037,63,30,105,0.006279,1.872332
1750,0.787881,63,30,105,0.006273,1.872557
1751,0.787563,63,30,105,0.006267,1.871419
1752,0.787658,63,30,105,0.006271,1.871593
1753,0.787678,63,30,105,0.006268,1.871817
1754,0.787785,63,30,105,0.006283,1.871949
1755,0.787653,63,30,105,0.006277,1.872197
1756,0.787700,63,30,105,0.006276,1.872407
1757,0.787702,63,30,105,0.006272,1.872636
1758,0.787709,63,30,105,0.006269,1.872863
1759,0.787769,63,30,105,0.006268,1.873061
1760,0.787875,63,30,105,0.006282,1.873184
1761,0.787812,63,30,105,0.006278,1.873449
1762,0.787798,63,30,105,0.006274,1.873688
1763,0.787829,63,30,105,0.006271,1.873900
1764,0.787851,63,30,105,0.006269,1.874117
1765,0.787927,63,30,105,0.006269,1.874300
1766,0.787969,63,30,105,0.006267,1.874509
1767,0.788070,63,30,105,0.006274,1.874667
1768,0.788089,63,30,105,0.006271,1.874885
1769,0.788126,63,30,105,0.006269,1.875093
1770,0.788218,63,30,105,0.006273,1.875267
1771,0.788262,63,30,105,0.006271,1.875473
1772,0.788346,63,30,105,0.006272,1.875653
1773,0.788284,63,30,105,0.006268,1.875916
1774,0.788048,63,30,105,0.006262,1.875972
1775,0.788125,63,30,105,0.006263,1.876149
1776,0.788197,63,30,105,0.006264,1.876331
1777,0.788254,63,30,105,0.006262,1.876529
1778,0.788179,63,30,105,0.006258,1.876794
1779,0.788136,63,30,105,0.006253,1.877044
1780,0.788234,63,30,105,0.006259,1.877203
1781,0.788280,63,30,105,0.006257,1.877408
1782,0.788360,63,30,105,0.006259,1.877585
1783,0.788450,63,30,105,0.006262,1.877761
1784,0.788501,63,30,105,0.006260,1.877964
1785,0.788498,63,30,105,0.006257,1.878192
1786,0.788480,63,30,105,0.006253,1.878429
1787,0.788587,63,30,105,0.006273,1.878545
1788,0.788650,63,30,105,0.006273,1.878736
1789,0.788673,63,30,105,0.006270,1.878948
1790,0.788658,63,30,105,0.006266,1.879181
1791,0.788658,63,30,105,0.006263,1.879405
1792,0.788721,63,30,105,0.006263,1.879593
1793,0.788439,63,30,105,0.006257,1.879195
1794,0.788538,63,30,105,0.006264,1.879352
1795,0.788622,63,30,105,0.006266,1.879529
1796,0.788702,63,30,105,0.006267,1.879704
1797,0.788731,63,30,105,0.006265,1.879912
1798,0.788682,63,30,105,0.006260,1.880165
1799,0.788778,63,30,105,0.006267,1.880318
1800,0.788849,63,30,105,0.006267,1.880497
1801,0.788864,63,30,105,0.006264,1.880715
1802,0.788608,63,30,105,0.006258,1.880625
1803,0.788649,63,30,105,0.006256,1.880828
1804,0.788502,63,30,105,0.006251,1.881056
1805,0.788452,63,30,105,0.006247,1.881308
1806,0.788510,63,30,105,0.006246,1.881500
1807,0.788598,63,30,105,0.006248,1.881673
1808,0.788597,63,30,105,0.006245,1.881896
1809,0.788697,63,30,105,0.006253,1.882053
1810,0.788753,63,30,105,0.006252,1.882246
1811,0.788838,63,30,105,0.006254,1.882423
1812,0.788901,63,30,105,0.006254,1.882607
1813,0.788898,63,30,105,0.006250,1.882828
1814,0.788949,63,30,105,0.006249,1.883028
1815,0.788998,63,30,105,0.006247,1.883225
1816,0.789095,63,30,104,0.006254,1.883378
1817,0.789145,62,30,104,0.006253,1.883571
1818,0.789184,63,30,104,0.006251,1.883773
1819,0.789229,63,31,104,0.006249,1.883971
1820,0.789022,63,31,104,0.006243,1.884100
1821,0.789095,63,31,104,0.006244,1.884276
1822,0.789189,62,31,104,0.006249,1.884439
1823,0.789139,63,31,104,0.006245,1.884688
1824,0.789233,62,30,104,0.006250,1.884844
1825,0.789329,62,30,104,0.006257,1.884996
1826,0.789356,62,30,104,0.006254,1.885202
1827,0.789105,63,30,104,0.006248,1.885134
1828,0.789193,62,30,104,0.006251,1.885305
1829,0.789071,63,30,104,0.006246,1.885553
1830,0.789118,62,30,104,0.006245,1.885748
1831,0.789197,62,30,104,0.006246,1.885921
1832,0.789256,62,30,104,0.006246,1.886106
1833,0.789350,62,30,104,0.006252,1.886256
1834,0.789264,62,30,104,0.006247,1.886514
1835,0.789196,62,30,104,0.006242,1.886771
1836,0.789209,62,30,104,0.006239,1.886988
1837,0.789246,63,30,104,0.006237,1.887186
1838,0.789290,62,31,104,0.006236,1.887380
1839,0.789330,63,31,104,0.006234,1.887575
1840,0.789406,62,30,104,0.006235,1.887746
1841,0.789256,63,31,104,0.006230,1.887965
1842,0.788997,63,31,104,0.006224,1.887822
1843,0.789057,63,31,104,0.006224,1.888003
1844,0.789093,63,31,104,0.006222,1.888200
1845,0.789194,63,31,104,0.006236,1.888325
1846,0.789289,62,30,104,0.006242,1.888473
1847,0.789292,63,31,104,0.006239,1.888692
1848,0.789358,62,31,104,0.006239,1.888871
1849,0.789413,62,31,104,0.006238,1.889059
1850,0.789466,62,31,104,0.006237,1.889246
1851,0.789556,62,31,104,0.006241,1.889416
1852,0.789634,62,30,104,0.006243,1.889585
1853,0.789557,62,31,104,0.006238,1.889842
1854,0.789639,62,30,104,0.006240,1.890017
1855,0.789723,62,30,104,0.006242,1.890189
1856,0.789794,62,30,104,0.006243,1.890362
1857,0.789806,62,30,104,0.006240,1.890576
1858,0.789871,62,30,104,0.006240,1.890752
1859,0.789798,62,31,104,0.006235,1.891008
1860,0.789887,62,30,104,0.006239,1.891175
1861,0.789988,62,30,104,0.006258,1.891290
1862,0.790090,62,30,104,0.006278,1.891402
1863,0.790030,62,30,104,0.006273,1.891650
1864,0.790088,62,30,104,0.006273,1.891830
1865,0.790071,62,30,104,0.006269,1.892061
1866,0.790075,62,30,104,0.006266,1.892276
1867,0.789940,62,30,104,0.006261,1.892509
1868,0.790001,62,31,104,0.006260,1.892686
1869,0.790099,62,30,104,0.006269,1.892833
1870,0.790151,62,30,104,0.006268,1.893017
1871,0.790024,62,31,104,0.006263,1.893255
1872,0.790035,62,31,104,0.006260,1.893466
1873,0.790126,62,30,104,0.006264,1.893628
1874,0.790212,62,30,104,0.006268,1.893793
1875,0.790312,62,30,104,0.006281,1.893920
1876,0.790338,62,30,104,0.006279,1.894123
1877,0.790420,62,30,104,0.006281,1.894294
1878,0.790576,62,30,103,0.006288,1.893906
1879,0.790671,62,30,103,0.006295,1.894056
1880,0.790666,62,30,103,0.006292,1.894273
1881,0.790396,62,30,104,0.006286,1.893948
1882,0.790349,62,30,104,0.006282,1.894192
1883,0.790329,62,30,104,0.006278,1.894424
1884,0.790228,62,30,104,0.006273,1.894674
1885,0.790157,62,30,104,0.006268,1.894925
1886,0.790155,62,30,104,0.006265,1.895139
1887,0.790031,62,30,104,0.006260,1.895377
1888,0.790011,62,30,104,0.006256,1.895607
1889,0.790041,62,31,104,0.006254,1.895804
1890,0.789892,62,31,104,0.006249,1.896017
1891,0.789941,62,31,104,0.006248,1.896203
1892,0.789951,62,31,104,0.006245,1.896412
1893,0.790000,62,31,104,0.006244,1.896595
1894,0.790095,62,31,104,0.006251,1.896747
1895,0.790101,62,31,104,0.006248,1.896955
1896,0.790064,62,31,104,0.006244,1.897192
1897,0.790153,62,31,104,0.006249,1.897347
1898,0.790252,62,31,104,0.006262,1.897472
1899,0.790282,62,31,104,0.006260,1.897666
1900,0.790375,62,30,104,0.006267,1.897812
1901,0.790475,62,30,104,0.006286,1.897922
1902,0.790518,62,30,104,0.006285,1.898112
1903,0.790281,62,30,104,0.006279,1.898104
1904,0.790381,62,30,104,0.006299,1.898212
1905,0.790394,62,30,104,0.006296,1.898417
1906,0.790371,62,30,104,0.006292,1.898647
1907,0.790458,62,30,104,0.006295,1.898810
1908,0.790494,62,30,104,0.006294,1.899000
1909,0.790567,62,30,104,0.006295,1.899168
1910,0.790410,62,30,104,0.006290,1.899365
1911,0.790471,62,30,104,0.006289,1.899540
1912,0.790468,62,30,104,0.006286,1.899751
1913,0.790418,62,31,104,0.006282,1.899992
1914,0.790425,62,31,104,0.006279,1.900196
1915,0.790505,62,30,104,0.006281,1.900363
1916,0.790570,62,30,104,0.006281,1.900536
1917,0.790612,62,31,104,0.006280,1.900724
1918,0.790578,62,31,104,0.006276,1.900955
1919,0.790604,62,31,104,0.006273,1.901152
1920,0.790533,63,31,104,0.006269,1.901400
1921,0.790563,63,31,104,0.006267,1.901590
1922,0.790575,63,31,104,0.006264,1.901793
1923,0.790665,63,31,104,0.006270,1.901938
1924,0.790713,63,31,104,0.006269,1.902119
1925,0.790799,62,31,104,0.006272,1.902280
1926,0.790820,63,31,104,0.006270,1.902482
1927,0.790772,63,31,104,0.006266,1.902719
1928,0.790854,63,31,104,0.006268,1.902885
1929,0.790953,62,31,104,0.006288,1.902991
1930,0.791006,62,31,103,0.006287,1.903169
1931,0.790743,62,31,104,0.006281,1.902868
1932,0.790782,62,31,104,0.006280,1.903055
1933,0.790851,62,31,103,0.006281,1.903224
1934,0.790879,62,31,103,0.006279,1.903413
1935,0.790829,63,31,104,0.006274,1.903649
1936,0.790914,62,31,103,0.006278,1.903809
1937,0.790781,63,31,104,0.006273,1.904034
1938,0.790634,63,31,104,0.006267,1.904242
1939,0.790685,63,31,104,0.006267,1.904420
1940,0.790720,63,31,104,0.006265,1.904606
1941,0.790479,63,31,104,0.006259,1.904539
1942,0.790254,63,31,104,0.006254,1.904577
1943,0.790296,63,31,104,0.006253,1.904760
1944,0.790332,63,31,104,0.006251,1.904944
1945,0.790203,63,31,104,0.006246,1.905170
1946,0.790163,63,31,104,0.006242,1.905399
1947,0.790250,63,31,104,0.006247,1.905548
1948,0.790303,63,31,104,0.006246,1.905723
1949,0.790365,63,31,104,0.006246,1.905894
1950,0.790387,63,31,104,0.006244,1.906093
1951,0.790434,63,31,104,0.006243,1.906269
1952,0.790492,63,31,104,0.006242,1.906442
1953,0.790512,63,31,104,0.006240,1.906640
1954,0.790608,63,31,103,0.006253,1.906762
1955,0.790470,63,31,104,0.006248,1.906976
1956,0.790462,63,31,104,0.006245,1.907189
1957,0.790532,63,31,104,0.006246,1.907353
1958,0.790622,63,31,104,0.006252,1.907496
1959,0.790679,63,31,104,0.006251,1.907666
1960,0.790729,63,31,103,0.006251,1.907839
1961,0.790803,62,31,103,0.006252,1.908008
1962,0.790899,62,31,103,0.006265,1.908127
1963,0.790852,62,31,103,0.006261,1.908358
1964,0.790934,62,31,103,0.006264,1.908517
1965,0.790888,62,31,104,0.006260,1.908745
1966,0.790863,63,31,104,0.006256,1.908971
1967,0.790907,62,31,104,0.006255,1.909150
1968,0.790987,62,31,103,0.006258,1.909311
1969,0.791063,62,31,103,0.006259,1.909479
1970,0.791152,62,31,103,0.006265,1.909621
1971,0.791242,62,31,103,0.006272,1.909764
1972,0.791268,62,31,103,0.006270,1.909951
1973,0.791294,62,31,103,0.006267,1.910136
1974,0.791315,62,31,103,0.006265,1.910329
1975,0.791382,62,31,103,0.006266,1.910494
1976,0.791477,62,31,103,0.006280,1.910610
1977,0.791567,62,31,103,0.006286,1.910753
1978,0.791627,62,31,103,0.006286,1.910922
1979,0.791668,62,31,103,0.006285,1.911100
1980,0.791747,62,31,103,0.006287,1.911262
1981,0.791797,62,31,103,0.006286,1.911433
1982,0.791680,62,31,103,0.006281,1.911664
1983,0.791717,62,31,103,0.006280,1.911844
1984,0.791781,62,31,103,0.006280,1.912013
1985,0.791792,62,31,103,0.006277,1.912212
1986,0.791883,62,31,103,0.006284,1.912357
1987,0.791968,62,31,103,0.006289,1.912502
1988,0.792022,62,31,103,0.006289,1.912671
1989,0.792076,62,31,103,0.006288,1.912839
1990,0.792053,62,31,103,0.006285,1.913062
1991,0.792143,62,31,103,0.006291,1.913202
1992,0.792208,62,31,103,0.006292,1.913364
1993,0.792288,62,31,102,0.006295,1.913520
1994,0.792184,62,31,103,0.006290,1.913757
1995,0.792122,62,31,103,0.006286,1.913994
1996,0.792157,62,31,103,0.006284,1.914174
1997,0.792238,62,31,103,0.006287,1.914330
1998,0.792322,62,31,103,0.006292,1.914473
1999,0.792341,62,31,102,0.006289,1.914664
2000,0.792410,62,31,102,0.006290,1.914828
2001,0.792481,62,30,102,0.006291,1.914991
2002,0.792462,62,31,102,0.006288,1.915210
2003,0.792442,62,31,103,0.006284,1.915428
2004,0.792531,62,30,103,0.006291,1.915569
2005,0.792547,62,31,102,0.006289,1.915763
2006,0.792628,62,30,102,0.006292,1.915919
2007,0.792715,62,30,102,0.006298,1.916054
2008,0.792794,62,30,102,0.006301,1.916205
2009,0.792808,62,30,102,0.006298,1.916398
2010,0.792893,62,30,102,0.006303,1.916538
2011,0.792915,62,30,102,0.006301,1.916721
2012,0.792990,62,30,102,0.006303,1.916885
2013,0.793042,62,30,102,0.006302,1.917051
2014,0.793124,62,30,102,0.006306,1.917206
2015,0.793103,62,30,102,0.006302,1.917422
2016,0.793155,62,30,102,0.006302,1.917586
2017,0.793245,62,30,102,0.006309,1.917728
2018,0.793138,62,30,102,0.006305,1.917962
2019,0.793208,62,30,102,0.006306,1.918123
2020,0.793221,62,30,102,0.006303,1.918315
2021,0.793191,62,30,102,0.006300,1.918535
2022,0.793241,62,30,102,0.006299,1.918700
2023,0.793329,62,30,102,0.006306,1.918836
2024,0.793417,62,30,102,0.006313,1.918973
2025,0.793489,62,30,102,0.006314,1.919136
2026,0.793572,62,30,102,0.006319,1.919273
2027,0.793652,62,30,102,0.006322,1.919426
2028,0.793700,61,30,102,0.006322,1.919590
2029,0.793712,62,30,102,0.006319,1.919780
2030,0.793778,61,30,102,0.006320,1.919938
2031,0.793798,62,30,102,0.006318,1.920121
2032,0.793844,61,30,101,0.006317,1.920288
2033,0.793903,61,30,101,0.006317,1.920456
2034,0.793887,61,30,102,0.006313,1.920667
2035,0.793586,62,30,102,0.006308,1.918825
2036,0.793610,62,30,102,0.006306,1.919006
2037,0.793696,62,30,102,0.006312,1.919141
2038,0.793767,61,30,101,0.006314,1.919302
2039,0.793848,61,30,101,0.006317,1.919450
2040,0.793854,61,30,101,0.006315,1.919648
2041,0.793920,61,30,101,0.006316,1.919805
2042,0.793994,61,30,101,0.006317,1.919965
2043,0.793951,61,30,101,0.006313,1.920188
2044,0.793976,61,30,101,0.006311,1.920367
2045,0.794056,61,30,101,0.006315,1.920515
2046,0.793853,61,30,101,0.006310,1.920598
2047,0.793884,61,30,101,0.006312,1.921646
2048,0.793835,61,30,101,0.006308,1.921870
2049,0.793927,61,30,101,0.006325,1.921974
2050,0.794006,61,30,101,0.006329,1.922122
2051,0.794084,61,30,101,0.006332,1.922270
2052,0.794153,61,30,101,0.006333,1.922429
2053,0.794236,61,30,101,0.006338,1.922567
2054,0.794315,61,30,101,0.006342,1.922711
2055,0.794401,61,30,101,0.006349,1.922843
2056,0.793976,61,30,101,0.006353,1.921388
2057,0.794039,61,30,101,0.006354,1.921553
2058,0.794095,61,30,101,0.006354,1.921719
2059,0.794156,61,30,101,0.006354,1.921885
2060,0.793918,61,30,101,0.006348,1.921775
2061,0.794010,61,30,101,0.006366,1.921878
2062,0.794094,61,30,101,0.006373,1.922009
2063,0.794184,61,30,101,0.006383,1.922128
2064,0.793965,61,30,101,0.006378,1.922148
2065,0.794033,61,30,101,0.006379,1.922305
2066,0.794073,61,30,101,0.006378,1.922481
2067,0.794157,61,30,101,0.006384,1.922612
2068,0.794082,61,30,101,0.006380,1.922858
2069,0.794174,61,30,101,0.006398,1.922959
2070,0.794204,61,30,101,0.006396,1.923139
2071,0.794284,61,30,101,0.006400,1.923281
2072,0.794343,61,30,101,0.006400,1.923446
2073,0.794382,61,30,101,0.006399,1.923621
2074,0.794447,61,30,101,0.006399,1.923777
2075,0.794479,61,30,101,0.006398,1.923955
2076,0.794398,61,30,101,0.006393,1.924197
2077,0.794324,61,30,101,0.006389,1.924438
2078,0.794347,61,30,101,0.006386,1.924617
2079,0.794433,61,30,101,0.006394,1.924749
2080,0.794434,61,30,101,0.006391,1.924950
2081,0.794525,61,30,101,0.006409,1.925049
2082,0.794612,61,30,101,0.006416,1.925186
2083,0.794702,61,30,101,0.006435,1.925284
2084,0.794765,61,30,101,0.006436,1.925442
2085,0.794849,61,30,101,0.006442,1.925569
2086,0.794877,61,30,101,0.006440,1.925746
2087,0.794911,61,30,101,0.006439,1.925920
2088,0.794982,61,30,101,0.006440,1.926078
2089,0.795068,61,30,101,0.006448,1.926212
2090,0.795056,61,30,101,0.006444,1.926419
2091,0.795100,61,30,101,0.006443,1.926590
2092,0.795128,61,30,101,0.006441,1.926765
2093,0.795045,61,30,101,0.006437,1.927004
2094,0.795006,61,30,101,0.006433,1.927223
2095,0.794928,61,30,101,0.006428,1.927461
2096,0.794950,61,30,101,0.006426,1.927636
2097,0.794874,61,30,101,0.006422,1.927872
2098,0.794943,61,30,101,0.006423,1.928028
2099,0.794986,61,30,101,0.006422,1.928197
2100,0.795072,61,30,101,0.006430,1.928327
2101,0.794933,61,30,101,0.006425,1.928529
2102,0.795002,61,30,101,0.006426,1.928682
2103,0.795020,61,30,101,0.006424,1.928861
2104,0.795050,61,30,101,0.006422,1.929033
2105,0.795131,61,30,101,0.006427,1.929169
2106,0.795202,61,30,101,0.006429,1.929323
2107,0.795098,61,30,101,0.006424,1.929550
2108,0.795188,61,30,101,0.006443,1.929646
2109,0.795196,61,30,101,0.006440,1.929836
2110,0.795272,61,30,101,0.006443,1.929981
2111,0.795288,61,30,101,0.006440,1.930157
2112,0.795367,61,29,100,0.006445,1.930290
2113,0.795409,61,30,100,0.006444,1.930456
2114,0.795493,61,29,100,0.006451,1.930585
2115,0.795548,61,29,100,0.006450,1.930749
2116,0.795634,61,29,100,0.006461,1.930865
2117,0.795675,61,29,100,0.006460,1.931031
2118,0.795708,61,29,100,0.006458,1.931202
2119,0.795785,61,29,100,0.006461,1.931342
2120,0.795810,61,29,100,0.006459,1.931514
2121,0.795875,61,29,100,0.006460,1.931667
2122,0.795783,61,29,100,0.006456,1.931897
2123,0.795846,61,29,100,0.006457,1.932050
2124,0.795856,61,29,100,0.006454,1.932236
2125,0.795913,61,29,100,0.006454,1.932398
2126,0.795671,61,29,100,0.006449,1.932179
2127,0.795738,61,29,100,0.006450,1.932330
2128,0.795816,61,29,100,0.006454,1.932467
2129,0.795849,61,29,100,0.006452,1.932637
2130,0.795886,61,29,100,0.006451,1.932805
2131,0.795750,61,29,100,0.006446,1.933007
2132,0.795787,61,29,100,0.006445,1.933173
2133,0.795832,61,30,100,0.006444,1.933334
2134,0.795856,61,30,100,0.006442,1.933505
2135,0.795906,61,30,100,0.006441,1.933666
2136,0.795958,61,30,100,0.006441,1.933828
2137,0.796012,61,30,100,0.006441,1.933988
2138,0.795946,61,30,100,0.006436,1.934217
2139,0.795971,61,30,100,0.006434,1.934386
2140,0.795984,61,30,100,0.006432,1.934564
2141,0.796057,61,30,100,0.006434,1.934710
2142,0.796003,61,30,100,0.006430,1.934934
2143,0.796087,61,30,100,0.006438,1.935060
2144,0.796161,61,30,100,0.006441,1.935203
2145,0.796161,61,30,100,0.006438,1.935400
2146,0.796247,61,30,100,0.006450,1.935514
2147,0.796298,61,30,100,0.006449,1.935673
2148,0.796369,61,30,100,0.006451,1.935827
2149,0.796391,61,30,100,0.006449,1.935995
2150,0.796470,61,29,99,0.006454,1.936128
2151,0.796540,61,29,99,0.006456,1.936281
2152,0.796624,61,29,99,0.006464,1.936404
2153,0.796661,60,29,99,0.006462,1.936568
2154,0.796735,60,29,99,0.006465,1.936709
2155,0.796682,60,29,99,0.006461,1.936929
2156,0.796764,60,29,99,0.006468,1.937057
2157,0.796847,60,29,99,0.006476,1.937177
2158,0.796924,60,29,99,0.006481,1.937308
2159,0.796973,60,29,99,0.006480,1.937465
2160,0.797053,60,29,99,0.006486,1.937592
2161,0.797095,60,29,99,0.006485,1.937752
2162,0.796833,60,29,99,0.006480,1.937146
2163,0.796802,60,29,99,0.006476,1.937361
2164,0.796780,60,29,99,0.006472,1.937571
2165,0.796554,60,29,99,0.006467,1.937492
2166,0.796609,60,29,99,0.006467,1.937652
2167,0.796688,60,29,99,0.006473,1.937774
2168,0.796770,60,29,99,0.006480,1.937902
2169,0.796828,60,29,99,0.006480,1.938060
2170,0.796881,60,29,99,0.006479,1.938217
2171,0.796944,60,29,99,0.006480,1.938367
2172,0.797010,60,29,99,0.006482,1.938516
2173,0.797066,60,29,99,0.006482,1.938673
2174,0.797144,60,29,99,0.006486,1.938804
2175,0.797170,60,29,99,0.006484,1.938970
2176,0.797223,60,29,99,0.006484,1.939125
2177,0.796984,60,29,99,0.006479,1.938903
2178,0.797059,60,29,99,0.006483,1.939037
2179,0.797121,60,29,99,0.006484,1.939185
2180,0.797200,60,29,99,0.006490,1.939306
2181,0.797247,60,29,99,0.006489,1.939462
2182,0.797315,60,29,99,0.006491,1.939613
2183,0.797391,60,29,99,0.006495,1.939741
2184,0.797423,60,29,99,0.006494,1.939907
2185,0.797422,60,29,99,0.006491,1.940103
2186,0.797506,60,29,99,0.006502,1.940215
2187,0.797478,60,29,99,0.006499,1.940426
2188,0.797518,60,29,99,0.006497,1.940585
2189,0.797532,60,29,99,0.006495,1.940758
2190,0.797611,60,29,99,0.006501,1.940879
2191,0.797618,60,29,99,0.006499,1.941063
2192,0.797389,60,29,99,0.006494,1.940948
2193,0.797456,60,29,99,0.006495,1.941096
2194,0.797542,60,29,99,0.006513,1.941191
2195,0.797582,60,29,99,0.006512,1.941348
2196,0.797507,60,29,99,0.006507,1.941578
2197,0.797563,60,29,99,0.006507,1.941732
2198,0.797581,60,29,99,0.006505,1.941899
2199,0.797369,60,29,99,0.006500,1.941901
2200,0.797391,60,29,99,0.006498,1.942066
2201,0.797311,60,29,99,0.006494,1.942295
2202,0.797387,60,29,99,0.006498,1.942423
2203,0.797309,60,29,99,0.006494,1.942651
2204,0.797301,60,29,99,0.006491,1.942853
2205,0.797266,60,29,99,0.006487,1.943066
2206,0.797333,60,29,99,0.006489,1.943212
2207,0.797384,60,29,99,0.006488,1.943366
2208,0.797387,60,29,99,0.006485,1.943553
2209,0.797451,60,29,99,0.006487,1.943699
2210,0.797527,60,29,99,0.006491,1.943825
2211,0.797587,60,29,99,0.006492,1.943974
2212,0.797651,60,29,99,0.006493,1.944117
2213,0.797637,60,29,99,0.006490,1.944322
2214,0.797721,60,29,99,0.006507,1.944415
2215,0.797754,60,29,99,0.006506,1.944578
2216,0.797835,60,29,99,0.006514,1.944695
2217,0.797805,60,29,99,0.006511,1.944903
2218,0.797774,60,29,99,0.006507,1.945111
2219,0.797854,60,29,99,0.006514,1.945237
2220,0.797603,60,29,99,0.006508,1.944793
2221,0.797674,60,29,99,0.006511,1.944933
2222,0.797714,60,29,99,0.006510,1.945088
2223,0.797635,60,29,99,0.006506,1.945313
2224,0.797697,60,29,99,0.006507,1.945458
2225,0.797617,60,29,99,0.006502,1.945682
2226,0.797679,60,29,99,0.006503,1.945824
2227,0.797734,60,29,99,0.006503,1.945976
2228,0.797798,60,29,99,0.006505,1.946118
2229,0.797832,60,29,99,0.006503,1.946277
2230,0.797912,60,29,99,0.006510,1.946400
2231,0.797924,60,29,99,0.006508,1.946571
2232,0.797960,60,29,99,0.006507,1.946728
2233,0.798041,60,29,98,0.006515,1.946842
2234,0.798052,60,29,98,0.006513,1.947013
2235,0.798018,60,29,99,0.006509,1.947220
2236,0.798102,60,29,98,0.006527,1.947312
2237,0.798120,60,29,98,0.006524,1.947476
2238,0.798033,60,29,99,0.006520,1.947698
2239,0.798018,60,29,99,0.006517,1.947901
2240,0.797905,60,29,99,0.006512,1.948116
2241,0.797913,60,29,99,0.006509,1.948293
2242,0.797829,60,29,99,0.006505,1.948513
2243,0.797738,60,29,99,0.006501,1.948731
2244,0.797617,60,29,99,0.006496,1.948939
2245,0.797677,60,29,99,0.006497,1.949083
2246,0.797448,60,29,99,0.006492,1.948932
2247,0.797442,60,29,99,0.006489,1.949129
2248,0.797235,60,29,99,0.006484,1.949138
2249,0.797271,60,29,99,0.006482,1.949292
2250,0.797353,60,29,99,0.006494,1.949402
2251,0.797422,60,29,99,0.006496,1.949538
2252,0.797440,60,29,99,0.006494,1.949701
2253,0.797498,60,29,99,0.006494,1.949850
2254,0.797550,60,29,99,0.006494,1.950001
2255,0.797428,60,29,99,0.006490,1.950206
2256,0.797378,60,29,99,0.006486,1.950424
2257,0.797343,60,29,99,0.006482,1.950630
2258,0.797371,60,29,99,0.006480,1.950794
2259,0.797396,60,29,99,0.006479,1.950957
2260,0.797478,60,29,99,0.006490,1.951064
2261,0.797483,60,29,99,0.006487,1.951245
2262,0.797439,60,29,99,0.006483,1.951454
2263,0.797498,60,29,99,0.006484,1.951596
2264,0.797572,60,29,99,0.006489,1.951720
2265,0.797646,60,29,99,0.006493,1.951844
2266,0.797724,60,29,99,0.006499,1.951966
2267,0.797790,60,29,99,0.006501,1.952112
2268,0.797787,60,29,99,0.006498,1.952304
2269,0.797760,60,29,99,0.006494,1.952506
2270,0.797780,60,29,99,0.006492,1.952666
2271,0.797852,60,29,99,0.006496,1.952793
2272,0.797890,60,29,99,0.006495,1.952945
2273,0.797772,60,29,99,0.006491,1.953152
2274,0.797761,60,29,99,0.006487,1.953350
2275,0.797777,60,29,99,0.006485,1.953511
2276,0.797739,60,29,99,0.006482,1.953715
2277,0.797805,60,29,99,0.006483,1.953860
2278,0.797875,60,29,99,0.006486,1.953997
2279,0.797952,60,29,99,0.006492,1.954116
2280,0.797947,60,29,99,0.006489,1.954307
2281,0.797828,60,29,99,0.006484,1.954511
2282,0.797898,60,29,99,0.006487,1.954645
2283,0.797947,60,29,99,0.006487,1.954796
2284,0.798028,60,29,99,0.006498,1.954901
2285,0.798043,60,29,99,0.006496,1.955060
2286,0.798122,60,29,99,0.006505,1.955174
2287,0.798136,60,29,99,0.006503,1.955332
2288,0.798147,60,29,99,0.006501,1.955497
2289,0.798208,60,29,99,0.006502,1.955635
2290,0.798212,60,29,99,0.006499,1.955816
2291,0.798216,60,29,99,0.006497,1.955994
2292,0.798140,60,29,99,0.006492,1.956211
2293,0.798170,60,29,99,0.006491,1.956372
2294,0.798168,60,29,99,0.006488,1.956557
2295,0.798236,60,29,99,0.006490,1.956692
2296,0.798220,60,29,99,0.006487,1.956891
2297,0.798139,60,29,99,0.006483,1.957106
2298,0.798132,60,29,99,0.006480,1.957296
2299,0.798183,60,29,99,0.006480,1.957444
2300,0.798227,60,29,99,0.006479,1.957599
2301,0.798176,60,29,99,0.006475,1.957813
2302,0.798222,60,29,99,0.006474,1.957964
2303,0.798298,60,29,99,0.006481,1.958082
2304,0.798375,60,29,99,0.006487,1.958202
2305,0.798389,60,29,99,0.006485,1.958358
2306,0.798464,60,29,99,0.006491,1.958473
2307,0.798532,60,29,99,0.006494,1.958605
2308,0.798564,60,29,99,0.006492,1.958760
2309,0.798640,60,29,99,0.006499,1.958876
2310,0.798694,60,29,99,0.006499,1.959025
2311,0.798771,60,29,99,0.006506,1.959140
2312,0.798764,60,29,99,0.006503,1.959328
2313,0.798845,60,29,99,0.006519,1.959418
2314,0.798767,60,29,99,0.006515,1.959632
2315,0.798837,60,29,99,0.006518,1.959762
2316,0.798845,60,29,99,0.006516,1.959929
2317,0.798871,60,29,99,0.006514,1.960090
2318,0.798900,60,29,99,0.006512,1.960246
2319,0.798924,60,29,99,0.006511,1.960405
2320,0.798987,60,29,98,0.006512,1.960547
2321,0.799026,60,29,98,0.006511,1.960699
2322,0.799090,60,29,98,0.006512,1.960840
2323,0.799165,60,29,98,0.006519,1.960953
2324,0.799234,60,29,98,0.006522,1.961081
2325,0.799147,60,29,98,0.006518,1.961292
2326,0.799093,60,29,98,0.006514,1.961505
2327,0.799057,60,29,99,0.006511,1.961706
2328,0.798946,60,29,99,0.006506,1.961910
2329,0.798941,60,29,99,0.006503,1.962093
2330,0.798965,60,29,99,0.006501,1.962250
2331,0.799023,60,29,99,0.006502,1.962388
2332,0.798823,60,29,99,0.006498,1.962396
2333,0.798895,60,29,99,0.006502,1.962518
2334,0.798968,60,29,99,0.006507,1.962637
2335,0.799023,60,29,99,0.006507,1.962782
2336,0.799090,60,29,99,0.006510,1.962913
2337,0.799143,60,29,99,0.006510,1.963060
2338,0.799215,60,29,98,0.006515,1.963175
2339,0.799257,60,29,98,0.006514,1.963327
2340,0.799312,60,29,98,0.006515,1.963468
2341,0.799202,60,29,98,0.006510,1.963670
2342,0.799271,60,29,98,0.006514,1.963794
2343,0.799345,60,29,98,0.006520,1.963910
2344,0.799393,60,29,98,0.006519,1.964057
2345,0.799473,60,29,98,0.006536,1.964146
2346,0.799513,60,29,98,0.006535,1.964297
2347,0.799585,60,29,98,0.006540,1.964409
2348,0.799500,60,29,98,0.006536,1.964617
2349,0.799504,60,29,98,0.006534,1.964791
2350,0.799568,60,29,98,0.006535,1.964931
2351,0.799472,60,29,98,0.006531,1.965135
2352,0.799493,60,29,98,0.006529,1.965291
2353,0.799422,60,29,98,0.006525,1.965501
2354,0.799388,60,29,98,0.006521,1.965700
2355,0.799409,60,29,98,0.006519,1.965855
2356,0.799443,60,29,98,0.006518,1.966005
2357,0.799498,60,29,98,0.006519,1.966143
2358,0.799571,60,29,98,0.006525,1.966255
2359,0.799646,60,29,98,0.006532,1.966368
2360,0.799653,60,29,98,0.006529,1.966534
2361,0.799723,60,29,98,0.006533,1.966655
2362,0.799726,60,29,98,0.006531,1.966828
2363,0.799777,60,29,98,0.006531,1.966974
2364,0.799726,60,29,98,0.006527,1.967182
2365,0.799777,60,29,98,0.006527,1.967326
2366,0.799836,60,29,98,0.006528,1.967464
2367,0.799832,60,29,98,0.006525,1.967644
2368,0.799853,60,29,98,0.006523,1.967799
2369,0.799926,60,29,98,0.006529,1.967908
2370,0.799889,60,29,98,0.006526,1.968105
2371,0.799833,60,29,98,0.006522,1.968315
2372,0.799779,60,29,98,0.006518,1.968523
2373,0.799857,60,29,98,0.006534,1.968611
2374,0.799904,60,29,98,0.006534,1.968756
2375,0.799950,60,29,98,0.006534,1.968901
2376,0.800028,60,29,98,0.006550,1.968988
2377,0.800102,60,29,98,0.006557,1.969099
2378,0.800152,60,29,98,0.006557,1.969242
2379,0.800176,60,29,98,0.006555,1.969396
2380,0.800236,60,29,98,0.006557,1.969533
2381,0.800279,60,29,98,0.006556,1.969681
2382,0.800185,60,29,98,0.006552,1.969883
2383,0.800212,60,29,98,0.006550,1.970037
2384,0.800201,60,29,98,0.006547,1.970227
2385,0.800162,60,29,98,0.006543,1.970423
2386,0.800155,60,29,98,0.006540,1.970605
2387,0.800210,60,29,98,0.006541,1.970740
2388,0.800258,60,29,98,0.006541,1.970882
2389,0.800329,60,29,98,0.006546,1.970994
2390,0.800347,60,29,98,0.006544,1.971146
2391,0.800388,60,29,98,0.006544,1.971294
2392,0.800369,60,29,98,0.006540,1.971490
2393,0.800419,60,29,98,0.006540,1.971631
2394,0.800469,60,29,98,0.006540,1.971771
2395,0.800524,60,29,98,0.006541,1.971905
2396,0.800589,60,29,98,0.006544,1.972032
2397,0.800569,60,29,98,0.006540,1.972226
2398,0.800512,60,29,98,0.006537,1.972434
2399,0.800551,60,29,98,0.006536,1.972581
2400,0.800624,60,29,98,0.006542,1.972690
2401,0.800539,60,29,98,0.006538,1.972893
2402,0.800581,60,29,98,0.006537,1.973038
2403,0.800638,60,29,98,0.006538,1.973173
2404,0.800637,60,29,98,0.006536,1.973347
2405,0.800632,60,29,98,0.006533,1.973522
2406,0.800689,60,29,98,0.006534,1.973656
2407,0.800762,60,29,98,0.006541,1.973765
2408,0.800840,60,29,98,0.006557,1.973850
2409,0.800845,60,29,98,0.006555,1.974015
2410,0.800810,60,29,98,0.006551,1.974209
2411,0.800873,60,29,98,0.006553,1.974340
2412,0.800879,60,29,98,0.006551,1.974503
2413,0.800841,60,29,98,0.006547,1.974696
2414,0.800859,60,29,98,0.006545,1.974847
2415,0.800815,60,29,98,0.006542,1.975041
2416,0.800800,60,29,98,0.006539,1.975231
2417,0.800805,60,29,98,0.006536,1.975393
2418,0.800683,60,29,98,0.006532,1.975587
2419,0.800757,60,29,98,0.006539,1.975698
2420,0.800634,60,29,98,0.006535,1.975888
2421,0.800706,60,29,98,0.006541,1.975994
2422,0.800731,60,29,98,0.006540,1.976146
2423,0.800783,60,29,98,0.006540,1.976286
2424,0.800799,60,29,98,0.006538,1.976435
2425,0.800834,60,29,98,0.006537,1.976584
2426,0.800712,60,29,98,0.006532,1.976773
2427,0.800738,60,29,98,0.006531,1.976924
2428,0.800772,60,29,98,0.006530,1.977071
2429,0.800682,60,29,98,0.006526,1.977271
2430,0.800756,60,29,98,0.006534,1.977382
2431,0.800825,60,29,98,0.006538,1.977499
2432,0.800874,60,29,98,0.006538,1.977637
2433,0.800758,60,29,98,0.006534,1.977827
2434,0.800539,60,29,98,0.006529,1.977630
2435,0.800506,60,29,98,0.006525,1.977821
2436,0.800566,60,29,98,0.006527,1.977959
2437,0.800530,60,29,98,0.006523,1.978148
2438,0.800551,60,29,98,0.006521,1.978297
2439,0.800538,60,29,98,0.006518,1.978481
2440,0.800536,60,29,98,0.006516,1.978653
2441,0.800547,60,29,98,0.006513,1.978807
2442,0.800528,60,29,98,0.006510,1.978998
2443,0.800598,60,29,98,0.006516,1.979104
2444,0.800472,60,29,98,0.006512,1.979287
2445,0.800388,60,29,99,0.006508,1.979486
2446,0.800458,60,29,99,0.006513,1.979595
2447,0.800364,60,29,99,0.006509,1.979789
2448,0.800339,60,29,99,0.006506,1.979979
2449,0.800281,60,29,99,0.006502,1.980184
2450,0.800271,60,29,99,0.006499,1.980363
2451,0.800341,60,29,99,0.006505,1.980466
2452,0.800369,60,29,99,0.006504,1.980616
2453,0.800445,60,29,99,0.006520,1.980701
2454,0.800484,60,29,99,0.006519,1.980845
2455,0.800519,60,29,99,0.006518,1.980990
2456,0.800563,60,29,99,0.006518,1.981132
2457,0.800503,60,29,99,0.006514,1.981336
2458,0.800564,60,29,99,0.006516,1.981470
2459,0.800524,60,29,99,0.006512,1.981659
2460,0.800393,60,29,99,0.006508,1.981833
2461,0.800416,60,29,99,0.006506,1.981981
2462,0.800477,60,29,99,0.006507,1.982117
2463,0.800535,60,29,99,0.006509,1.982251
2464,0.800494,60,29,99,0.006505,1.982438
2465,0.800495,60,29,99,0.006502,1.982603
2466,0.800514,60,29,99,0.006501,1.982750
2467,0.800590,60,29,99,0.006517,1.982833
2468,0.800661,60,29,99,0.006524,1.982937
2469,0.800476,60,29,99,0.006519,1.982973
2470,0.800539,60,29,99,0.006521,1.983099
2471,0.800517,60,29,99,0.006518,1.983287
2472,0.800565,60,29,99,0.006518,1.983424
2473,0.800621,60,29,99,0.006519,1.983555
2474,0.800695,60,29,99,0.006529,1.983658
2475,0.800708,60,29,99,0.006527,1.983807
2476,0.800722,60,29,99,0.006525,1.983953
2477,0.800728,60,29,98,0.006523,1.984112
2478,0.800733,60,29,98,0.006520,1.984269
2479,0.800674,60,29,99,0.006517,1.984471
2480,0.800714,60,29,98,0.006516,1.984614
2481,0.800768,60,29,98,0.006517,1.984745
2482,0.800725,60,29,99,0.006513,1.984931
2483,0.800796,60,29,98,0.006520,1.985038
2484,0.800839,60,29,98,0.006520,1.985178
2485,0.800788,60,29,99,0.006516,1.985370
2486,0.800820,60,29,98,0.006515,1.985516
2487,0.800878,60,29,98,0.006516,1.985649
2488,0.800935,60,29,98,0.006517,1.985780
2489,0.800923,60,29,98,0.006514,1.985957
2490,0.800977,60,29,98,0.006515,1.986086
2491,0.801040,60,29,98,0.006517,1.986210
2492,0.800919,60,29,98,0.006513,1.986392
2493,0.800964,60,29,98,0.006513,1.986530
2494,0.800908,60,29,99,0.006509,1.986728
2495,0.800930,60,29,98,0.006508,1.986875
2496,0.800746,60,29,99,0.006503,1.986906
2497,0.800751,60,29,99,0.006501,1.987062
2498,0.800659,60,29,99,0.006497,1.987254
2499,0.800729,60,29,99,0.006503,1.987357
2500,0.800764,60,29,99,0.006502,1.987499
2501,0.800779,60,29,98,0.006501,1.987644
2502,0.800848,60,29,98,0.006507,1.987745
2503,0.800854,60,29,98,0.006505,1.987899
2504,0.800834,60,29,98,0.006501,1.988086
2505,0.800659,60,29,99,0.006497,1.988151
2506,0.800727,60,29,99,0.006502,1.988259
2507,0.800793,60,29,98,0.006506,1.988373
2508,0.800864,60,29,98,0.006513,1.988481
2509,0.800844,60,29,99,0.006510,1.988666
2510,0.800788,60,29,99,0.006506,1.988863
2511,0.800695,60,29,99,0.006502,1.989053
2512,0.800754,60,29,99,0.006503,1.989185
2513,0.800794,60,29,99,0.006503,1.989326
2514,0.800833,60,29,99,0.006502,1.989466
2515,0.800699,60,29,99,0.006498,1.989628
2516,0.800773,60,29,99,0.006514,1.989710
2517,0.800836,60,29,99,0.006516,1.989833
2518,0.800857,60,29,98,0.006515,1.989978
2519,0.800907,60,29,98,0.006515,1.990113
2520,0.801104,60,29,98,0.006528,1.991115
2521,0.801151,60,29,98,0.006528,1.991250
2522,0.801140,60,29,98,0.006525,1.991426
2523,0.801141,60,29,98,0.006522,1.991583
2524,0.801079,60,29,98,0.006519,1.991781
2525,0.801087,60,29,98,0.006516,1.991932
2526,0.801124,60,29,98,0.006516,1.992072
2527,0.801178,60,29,98,0.006517,1.992200
2528,0.801200,60,29,98,0.006515,1.992345
2529,0.801249,60,29,98,0.006515,1.992479
2530,0.801116,60,29,98,0.006511,1.992642
2531,0.801134,60,29,98,0.006509,1.992785
2532,0.801206,60,29,98,0.006517,1.992893
2533,0.801088,60,29,98,0.006513,1.993071
2534,0.801122,60,29,98,0.006512,1.993211
2535,0.801013,60,29,98,0.006508,1.993391
2536,0.801011,60,29,98,0.006505,1.993559
2537,0.801067,60,29,98,0.006506,1.993689
2538,0.800826,60,29,98,0.006501,1.992827
2539,0.800755,60,29,99,0.006498,1.993023
2540,0.800829,60,29,99,0.006513,1.993104
2541,0.800755,60,29,99,0.006510,1.993297
2542,0.800806,60,29,99,0.006510,1.993428
2543,0.799667,61,30,99,0.006462,1.991166
2544,0.799674,61,30,99,0.006459,1.991317
2545,0.799675,61,30,99,0.006457,1.991473
2546,0.799740,61,30,99,0.006460,1.991598
2547,0.799809,61,30,99,0.006466,1.991697
2548,0.799841,61,30,99,0.006465,1.991840
2549,0.799869,61,30,99,0.006464,1.991986
2550,0.799907,61,30,99,0.006463,1.992124
2551,0.800022,61,30,99,0.006466,1.992128
2552,0.800091,61,30,99,0.006473,1.992227
2553,0.800064,61,30,99,0.006469,1.992412
2554,0.800130,61,30,99,0.006473,1.992534
2555,0.800197,61,30,99,0.006478,1.992643
2556,0.800259,61,30,99,0.006480,1.992771
2557,0.800309,61,30,99,0.006480,1.992904
2558,0.800294,61,30,99,0.006477,1.993081
2559,0.800322,61,30,99,0.006476,1.993227
2560,0.800200,61,30,99,0.006471,1.993399
2561,0.800063,61,30,99,0.006467,1.993551
2562,0.800111,61,30,99,0.006467,1.993684
2563,0.800182,61,30,99,0.006475,1.993790
2564,0.800052,61,30,99,0.006471,1.993951
2565,0.799959,61,30,99,0.006467,1.994137
2566,0.800026,61,30,99,0.006471,1.994250
2567,0.800083,61,30,99,0.006472,1.994382
2568,0.800020,61,30,99,0.006469,1.994575
2569,0.800086,61,30,99,0.006473,1.994686
2570,0.800128,61,30,99,0.006473,1.994823
2571,0.800163,61,30,99,0.006472,1.994960
2572,0.800212,61,30,99,0.006472,1.995093
2573,0.800259,61,30,99,0.006472,1.995224
2574,0.800291,61,30,99,0.006471,1.995364
2575,0.800237,61,30,99,0.006468,1.995554
2576,0.800295,61,30,99,0.006469,1.995685
2577,0.800362,61,30,99,0.006474,1.995791
2578,0.800373,61,30,99,0.006472,1.995937
2579,0.800422,61,30,99,0.006472,1.996068
2580,0.800452,61,30,99,0.006471,1.996209
2581,0.800497,61,30,99,0.006471,1.996341
2582,0.800540,61,30,99,0.006471,1.996477
2583,0.800613,61,30,99,0.006487,1.996556
2584,0.800608,61,30,99,0.006484,1.996726
2585,0.800635,61,30,99,0.006483,1.996870
2586,0.800542,61,30,99,0.006479,1.997055
2587,0.800584,61,30,99,0.006478,1.997190
2588,0.800489,61,30,99,0.006474,1.997371
2589,0.800488,61,30,99,0.006472,1.997529
2590,0.800455,61,30,99,0.006468,1.997712
2591,0.800520,61,30,99,0.006472,1.997830
2592,0.800574,61,30,99,0.006473,1.997957
2593,0.800441,61,30,99,0.006469,1.998112
2594,0.800350,61,30,99,0.006465,1.998295
2595,0.800339,61,30,99,0.006462,1.998467
2596,0.800404,61,30,99,0.006466,1.998582
2597,0.800390,61,30,99,0.006463,1.998755
2598,0.800349,61,30,99,0.006459,1.998936
2599,0.800373,61,30,99,0.006458,1.999080
2600,0.800426,61,30,99,0.006459,1.999205
2601,0.800385,61,30,99,0.006456,1.999386
2602,0.800452,61,30,99,0.006462,1.999483
2603,0.800510,61,30,99,0.006463,1.999613
2604,0.800522,61,30,99,0.006461,1.999757
2605,0.800594,61,30,99,0.006477,1.999836
2606,0.800638,61,30,99,0.006477,1.999966
2607,0.800688,61,30,99,0.006478,2.000096
2608,0.800750,61,30,99,0.006480,2.000219
2609,0.800767,61,30,99,0.006478,2.000360
2610,0.800836,61,30,99,0.006485,2.000464
2611,0.800908,61,30,99,0.006501,2.000542
2612,0.800681,61,30,99,0.006497,1.999983
2613,0.800657,61,30,99,0.006493,2.000166
2614,0.800721,61,30,99,0.006497,2.000277
2615,0.800747,61,30,99,0.006496,2.000419
2616,0.800800,61,30,99,0.006497,2.000545
2617,0.800863,61,30,99,0.006500,2.000668
2618,0.800888,61,30,99,0.006498,2.000809
2619,0.800943,61,30,99,0.006499,2.000936
2620,0.801000,61,30,99,0.006501,2.001064
2621,0.800943,61,30,99,0.006497,2.001255
2622,0.800974,61,30,99,0.006496,2.001393
2623,0.801039,61,30,99,0.006501,2.001496
2624,0.800867,61,30,99,0.006497,2.001546
2625,0.800939,61,30,99,0.006513,2.001623
2626,0.800957,61,30,99,0.006511,2.001763
2627,0.800741,61,30,99,0.006507,2.001427
2628,0.800622,61,30,99,0.006503,2.001592
2629,0.800578,61,30,99,0.006499,2.001772
2630,0.800315,61,30,99,0.006510,2.000486
2631,0.800283,61,30,99,0.006506,2.000666
2632,0.800260,61,30,99,0.006503,2.000846
2633,0.800217,61,30,100,0.006500,2.001023
2634,0.800268,61,30,99,0.006500,2.001151
2635,0.800207,61,30,100,0.006497,2.001341
2636,0.800228,61,30,100,0.006495,2.001482
2637,0.800286,61,30,99,0.006497,2.001610
2638,0.800353,61,30,99,0.006503,2.001708
2639,0.800258,61,30,100,0.006499,2.001885
2640,0.800283,61,30,99,0.006498,2.002025
2641,0.800226,61,30,100,0.006494,2.002212
2642,0.800029,61,30,100,0.006490,2.002115
2643,0.800087,61,30,100,0.006491,2.002243
2644,0.800064,61,30,100,0.006488,2.002422
2645,0.799947,61,30,100,0.006484,2.002587
2646,0.799995,61,30,100,0.006484,2.002714
2647,0.800012,61,30,100,0.006483,2.002854
2648,0.800062,61,30,100,0.006483,2.002980
2649,0.800134,61,30,100,0.006499,2.003056
2650,0.800172,61,30,100,0.006499,2.003192
2651,0.800304,61,30,99,0.006502,2.003136
2652,0.800206,61,30,100,0.006498,2.003309
2653,0.800175,61,30,100,0.006495,2.003486
2654,0.800235,61,30,100,0.006497,2.003609
2655,0.800282,61,30,100,0.006497,2.003738
2656,0.800260,61,30,100,0.006494,2.003914
2657,0.800308,61,30,100,0.006495,2.004039
2658,0.800350,61,30,100,0.006494,2.004174
2659,0.800405,61,30,100,0.006495,2.004300
2660,0.800475,61,30,99,0.006504,2.004401
2661,0.800452,61,30,100,0.006501,2.004577
2662,0.800428,61,30,100,0.006498,2.004750
2663,0.800299,61,30,100,0.006494,2.004903
2664,0.800308,61,30,100,0.006492,2.005051
2665,0.800365,61,30,100,0.006493,2.005178
2666,0.800407,61,30,100,0.006493,2.005311
2667,0.800466,61,30,100,0.006495,2.005435
2668,0.800472,61,30,100,0.006492,2.005584
2669,0.800542,61,30,99,0.006506,2.004805
2670,0.800489,61,30,99,0.006502,2.004986
2671,0.800535,61,30,99,0.006502,2.005112
2672,0.800602,61,30,99,0.006509,2.005213
2673,0.800632,61,30,99,0.006508,2.005351
2674,0.800580,61,30,99,0.006504,2.005531
2675,0.800651,61,30,99,0.006520,2.005606
2676,0.800691,61,30,99,0.006520,2.005739
2677,0.800576,61,30,99,0.006516,2.005901
2678,0.800485,61,30,99,0.006512,2.006077
2679,0.800509,61,30,99,0.006511,2.006217
2680,0.800657,61,30,99,0.006515,2.006065
2681,0.800722,61,30,99,0.006520,2.006166
2682,0.800776,61,29,99,0.006521,2.006290
2683,0.800823,61,30,99,0.006522,2.006414
2684,0.800794,61,30,99,0.006518,2.006589
2685,0.800772,61,30,99,0.006515,2.006762
2686,0.800828,61,30,99,0.006517,2.006886
2687,0.800863,61,30,99,0.006516,2.007023
2688,0.800828,61,30,99,0.006513,2.007197
2689,0.800885,61,30,99,0.006514,2.007321
2690,0.800918,61,30,99,0.006513,2.007456
2691,0.800975,60,29,99,0.006515,2.007578
2692,0.801013,60,30,99,0.006514,2.007712
2693,0.801024,60,30,99,0.006512,2.007855
2694,0.800936,61,30,99,0.006508,2.008033
2695,0.800952,61,30,99,0.006507,2.008171
2696,0.800996,61,30,99,0.006507,2.008301
2697,0.800906,61,30,99,0.006503,2.008476
2698,0.800976,61,30,99,0.006519,2.008550
2699,0.801005,60,30,99,0.006518,2.008688
2700,0.800844,61,30,99,0.006514,2.008763
2701,0.800894,60,30,99,0.006514,2.008886
2702,0.800763,61,30,99,0.006510,2.009033
2703,0.800815,61,30,99,0.006511,2.009155
2704,0.800856,60,30,99,0.006511,2.009285
2705,0.800868,61,30,99,0.006509,2.009426
2706,0.800907,60,30,99,0.006508,2.009555
2707,0.800974,60,30,99,0.006515,2.009659
2708,0.801032,60,30,99,0.006517,2.009780
2709,0.801084,60,29,99,0.006518,2.009901
2710,0.801139,60,29,99,0.006519,2.010023
2711,0.801043,60,29,99,0.006515,2.010192
2712,0.801068,60,29,99,0.006514,2.010330
2713,0.801092,60,30,99,0.006513,2.010467
2714,0.801066,60,30,99,0.006509,2.010640
2715,0.801129,60,29,99,0.006513,2.010748
2716,0.801197,60,29,99,0.006522,2.010847
2717,0.801257,60,29,99,0.006524,2.010968
2718,0.801325,60,29,99,0.006531,2.011072
2719,0.801395,60,29,99,0.006547,2.011145
2720,0.801445,60,29,99,0.006548,2.011264
2721,0.801401,60,29,99,0.006545,2.011439
2722,0.801389,60,29,99,0.006542,2.011609
2723,0.801388,60,29,99,0.006540,2.011770
2724,0.801341,60,29,99,0.006536,2.011945
2725,0.801257,60,29,99,0.006532,2.012123
2726,0.801319,60,29,99,0.006535,2.012244
2727,0.801370,60,29,99,0.006536,2.012363
2728,0.801386,60,29,99,0.006534,2.012500
2729,0.801413,60,29,99,0.006533,2.012636
2730,0.801454,60,29,99,0.006533,2.012764
2731,0.801475,60,29,99,0.006531,2.012901
2732,0.801461,60,29,99,0.006528,2.013070
2733,0.801522,60,29,99,0.006531,2.013189
2734,0.801534,60,29,99,0.006529,2.013326
2735,0.801563,60,29,99,0.006528,2.013461
2736,0.801606,60,29,99,0.006528,2.013588
2737,0.801667,60,29,99,0.006531,2.013706
2738,0.801722,60,29,99,0.006532,2.013825
2739,0.801787,60,29,99,0.006538,2.013924
2740,0.801772,60,29,99,0.006536,2.014093
2741,0.801743,60,29,99,0.006532,2.014264
2742,0.801807,60,29,99,0.006538,2.014360
2743,0.801847,60,29,99,0.006538,2.014486
2744,0.801715,60,29,99,0.006534,2.014628
2745,0.801729,60,29,99,0.006532,2.014763
2746,0.801716,60,29,99,0.006530,2.014930
2747,0.801745,60,29,99,0.006528,2.015064
2748,0.801737,60,29,99,0.006526,2.015230
2749,0.801788,60,29,99,0.006527,2.015349
2750,0.801849,60,29,99,0.006530,2.015463
2751,0.801908,60,29,99,0.006532,2.015582
2752,0.801950,60,29,99,0.006532,2.015707
2753,0.801937,60,29,99,0.006529,2.015872
2754,0.801992,60,29,99,0.006531,2.015991
2755,0.801875,60,29,99,0.006527,2.016146
2756,0.801900,60,29,99,0.006526,2.016280
2757,0.801869,60,29,99,0.006522,2.016450
2758,0.801900,60,29,99,0.006521,2.016583
2759,0.801856,60,29,99,0.006518,2.016755
2760,0.801924,60,29,99,0.006534,2.016827
2761,0.802075,60,29,99,0.006539,2.016656
2762,0.802099,60,29,99,0.006537,2.016789
2763,0.802135,60,29,99,0.006537,2.016922
2764,0.802141,60,29,99,0.006535,2.017067
2765,0.802081,60,29,99,0.006531,2.017253
2766,0.802014,60,29,99,0.006527,2.017436
2767,0.801924,60,29,99,0.006524,2.017606
2768,0.801944,60,29,99,0.006522,2.017741
2769,0.802003,60,29,99,0.006525,2.017856
2770,0.802044,60,29,99,0.006525,2.017981
2771,0.801846,60,29,99,0.006520,2.017793
2772,0.801884,60,29,99,0.006520,2.017918
2773,0.801930,60,30,99,0.006520,2.018041
2774,0.801999,60,29,99,0.006536,2.018113
2775,0.802033,60,29,99,0.006536,2.018245
2776,0.802052,60,30,99,0.006534,2.018380
2777,0.802034,60,30,99,0.006531,2.018546
2778,0.801850,60,30,99,0.006527,2.018502
2779,0.801884,60,30,99,0.006526,2.018633
2780,0.801938,60,30,99,0.006528,2.018751
2781,0.801995,60,29,99,0.006529,2.018871
2782,0.802060,60,29,99,0.006536,2.018971
2783,0.802113,60,29,99,0.006537,2.019088
2784,0.802150,60,29,99,0.006537,2.019215
2785,0.802062,60,29,99,0.006533,2.019385
2786,0.802109,60,29,99,0.006533,2.019508
2787,0.802173,60,29,99,0.006539,2.019606
2788,0.802220,60,29,98,0.006540,2.019726
2789,0.802252,60,29,98,0.006539,2.019858
2790,0.802151,60,29,99,0.006535,2.020018
2791,0.802139,60,29,99,0.006532,2.020181
2792,0.802191,60,29,99,0.006533,2.020302
2793,0.802242,60,29,99,0.006534,2.020421
2794,0.802292,60,29,98,0.006535,2.020538
2795,0.802294,60,29,98,0.006533,2.020688
2796,0.802359,60,29,98,0.006540,2.020787
2797,0.802357,60,29,99,0.006537,2.020945
2798,0.802412,60,29,98,0.006539,2.021062
2799,0.802350,60,29,99,0.006535,2.021244
2800,0.802396,60,29,99,0.006536,2.021364
2801,0.802431,60,29,98,0.006535,2.021492
2802,0.802487,60,29,98,0.006537,2.021610
2803,0.802400,60,29,99,0.006533,2.021779
2804,0.802465,60,29,98,0.006540,2.021881
2805,0.802500,60,29,98,0.006539,2.022007
2806,0.802524,60,29,98,0.006538,2.022139
2807,0.802578,60,29,98,0.006540,2.022253
2808,0.802611,60,29,98,0.006539,2.022380
2809,0.802662,60,29,98,0.006540,2.022497
2810,0.802719,60,29,98,0.006542,2.022613
2811,0.802554,60,29,98,0.006538,2.022657
2812,0.802575,60,29,98,0.006537,2.022789
2813,0.802618,60,29,98,0.006537,2.022910
2814,0.802507,60,29,98,0.006533,2.023065
2815,0.802537,60,29,98,0.006532,2.023196
2816,0.802559,60,29,98,0.006530,2.023326
2817,0.802611,60,29,98,0.006532,2.023441
2818,0.802398,60,29,98,0.006527,2.022968
2819,0.802462,60,29,98,0.006534,2.023065
2820,0.802509,60,29,98,0.006535,2.023183
2821,0.802570,60,29,98,0.006538,2.023290
2822,0.802607,60,29,98,0.006538,2.023414
2823,0.802619,60,29,98,0.006536,2.023548
2824,0.802637,60,29,98,0.006535,2.023680
2825,0.802629,60,29,98,0.006532,2.023844
2826,0.802658,60,29,98,0.006531,2.023974
2827,0.802626,60,29,98,0.006528,2.024143
2828,0.802678,60,29,98,0.006529,2.024256
2829,0.802728,60,29,98,0.006530,2.024371
2830,0.802756,60,29,98,0.006529,2.024501
2831,0.802773,60,29,98,0.006528,2.024632
2832,0.802683,60,29,98,0.006524,2.024797
2833,0.802724,60,29,98,0.006524,2.024920
2834,0.802779,60,29,98,0.006526,2.025035
2835,0.802818,60,29,98,0.006526,2.025157
2836,0.802811,60,29,98,0.006523,2.025320
2837,0.802862,60,29,98,0.006524,2.025433
2838,0.802923,60,29,98,0.006529,2.025531
2839,0.802900,60,29,98,0.006526,2.025697
2840,0.802904,60,29,98,0.006524,2.025843
2841,0.802964,60,29,98,0.006527,2.025947
2842,0.803010,60,29,98,0.006528,2.026063
2843,0.802913,60,29,98,0.006524,2.026221
2844,0.802969,60,29,98,0.006526,2.026337
2845,0.802985,60,29,98,0.006525,2.026468
2846,0.802997,60,29,98,0.006523,2.026600
2847,0.803045,60,29,98,0.006524,2.026715
2848,0.803088,60,29,98,0.006524,2.026836
2849,0.803128,60,29,98,0.006524,2.026955
2850,0.803131,60,29,98,0.006522,2.027101
2851,0.803191,60,29,98,0.006526,2.027203
2852,0.803257,60,29,98,0.006541,2.027273
2853,0.803255,60,29,98,0.006539,2.027425
2854,0.803227,60,29,98,0.006536,2.027592
2855,0.803253,60,29,98,0.006535,2.027721
2856,0.803293,60,29,98,0.006535,2.027839
2857,0.803354,60,29,98,0.006539,2.027935
2858,0.803351,60,29,98,0.006537,2.028089
2859,0.803342,60,29,98,0.006534,2.028250
2860,0.803373,60,29,98,0.006533,2.028377
2861,0.803387,60,29,98,0.006532,2.028508
2862,0.803424,60,29,98,0.006531,2.028629
2863,0.803484,60,29,98,0.006536,2.028728
2864,0.803399,60,29,98,0.006532,2.028895
2865,0.803429,60,29,98,0.006531,2.029022
2866,0.803458,60,29,98,0.006530,2.029148
2867,0.803449,60,29,98,0.006528,2.029309
2868,0.803469,60,29,98,0.006526,2.029437
2869,0.803437,60,29,98,0.006523,2.029603
2870,0.803483,60,29,98,0.006524,2.029717
2871,0.803541,60,29,98,0.006527,2.029828
2872,0.803599,60,29,98,0.006530,2.029933
2873,0.803628,60,29,98,0.006529,2.030058
2874,0.803793,60,29,97,0.006537,2.029656
2875,0.803798,60,29,97,0.006535,2.029799
2876,0.803673,60,29,98,0.006531,2.029943
2877,0.803722,60,29,97,0.006532,2.030055
2878,0.803676,60,29,98,0.006529,2.030227
2879,0.803659,60,29,98,0.006526,2.030388
2880,0.803675,60,29,98,0.006525,2.030516
2881,0.803697,60,29,98,0.006524,2.030644
2882,0.803675,60,29,98,0.006521,2.030806
2883,0.803578,60,29,98,0.006517,2.030963
2884,0.803450,60,29,98,0.006513,2.031101
2885,0.803418,60,29,98,0.006510,2.031266
2886,0.803437,60,29,98,0.006509,2.031392
2887,0.803678,60,29,98,0.006510,2.033962
2888,0.803683,60,29,98,0.006508,2.034102
2889,0.803715,60,29,98,0.006507,2.034226
2890,0.803774,60,29,98,0.006511,2.034323
2891,0.803742,60,29,98,0.006508,2.034486
2892,0.803785,60,29,98,0.006509,2.034605
2893,0.803831,60,29,98,0.006509,2.034717
2894,0.803876,60,29,98,0.006510,2.034827
2895,0.803878,60,29,98,0.006508,2.034970
2896,0.803906,60,29,98,0.006507,2.035094
2897,0.803783,60,29,98,0.006503,2.035237
2898,0.803821,60,30,98,0.006503,2.035356
2899,0.803764,60,30,98,0.006500,2.035537
2900,0.803817,60,29,98,0.006501,2.035650
2901,0.803804,60,30,98,0.006499,2.035808
2902,0.803862,60,29,98,0.006502,2.035910
2903,0.803912,60,29,98,0.006504,2.036021
2904,0.803975,60,29,98,0.006511,2.036119
2905,0.803977,60,29,98,0.006509,2.036260
2906,0.803986,60,29,98,0.006507,2.036393
2907,0.803896,60,29,98,0.006504,2.036554
2908,0.803863,60,29,98,0.006501,2.036717
2909,0.803882,60,29,98,0.006499,2.036842
2910,0.803749,60,30,98,0.006495,2.036965
2911,0.803749,60,30,98,0.006493,2.037108
2912,0.803814,60,29,98,0.006508,2.037178
2913,0.803875,60,29,98,0.006514,2.037273
2914,0.803939,60,29,98,0.006529,2.037342
2915,0.803965,60,29,98,0.006528,2.037468
2916,0.804017,60,29,98,0.006529,2.037581
2917,0.804069,60,29,98,0.006531,2.037693
2918,0.804006,60,29,98,0.006527,2.037873
2919,0.804031,60,29,98,0.006526,2.037997
2920,0.804075,60,29,98,0.006527,2.038113
2921,0.804094,60,29,98,0.006525,2.038238
2922,0.804133,60,29,97,0.006525,2.038355
2923,0.804190,60,29,97,0.006528,2.038463
2924,0.804183,60,29,98,0.006526,2.038621
2925,0.804245,60,29,97,0.006532,2.038717
2926,0.804276,60,29,97,0.006531,2.038840
2927,0.804237,60,29,98,0.006528,2.039004
2928,0.804216,60,29,98,0.006525,2.039164
2929,0.804277,60,29,98,0.006531,2.039257
2930,0.804148,60,29,98,0.006527,2.039386
2931,0.804175,60,29,98,0.006526,2.039508
2932,0.804237,60,29,98,0.006533,2.039607
2933,0.804178,60,29,98,0.006529,2.039787
2934,0.804116,60,29,98,0.006526,2.039964
2935,0.804150,60,29,98,0.006525,2.040086
2936,0.804090,60,29,98,0.006522,2.040263
2937,0.804140,60,29,98,0.006523,2.040373
2938,0.803959,60,29,98,0.006519,2.040289
2939,0.803996,60,29,98,0.006519,2.040406
2940,0.804046,60,29,98,0.006521,2.040514
2941,0.804087,60,29,98,0.006521,2.040631
2942,0.803954,60,29,98,0.006517,2.040750
2943,0.803936,60,29,98,0.006514,2.040906
2944,0.804000,60,29,98,0.006529,2.040974
2945,0.804007,60,29,98,0.006527,2.041113
2946,0.804068,60,29,98,0.006533,2.041204
2947,0.804082,60,29,98,0.006532,2.041331
2948,0.804072,60,29,98,0.006529,2.041488
2949,0.803889,60,29,98,0.006525,2.041380
2950,0.803952,60,29,98,0.006533,2.041476
2951,0.803993,60,29,98,0.006533,2.041591
2952,0.803992,60,29,98,0.006530,2.041734
2953,0.803971,60,30,98,0.006528,2.041892
2954,0.803850,60,30,98,0.006524,2.042031
2955,0.803843,60,30,98,0.006521,2.042186
2956,0.803886,60,30,98,0.006522,2.042300
2957,0.803938,60,30,98,0.006523,2.042410
2958,0.803930,60,30,98,0.006521,2.042565
2959,0.803733,60,30,98,0.006517,2.042266
2960,0.803775,60,30,98,0.006517,2.042379
2961,0.803783,60,30,98,0.006515,2.042514
2962,0.803818,60,30,98,0.006515,2.042632
2963,0.803853,60,30,98,0.006515,2.042749
2964,0.803917,60,30,98,0.006530,2.042816
2965,0.803940,60,30,98,0.006528,2.042942
2966,0.803962,60,30,98,0.006527,2.043066
2967,0.803991,60,30,98,0.006526,2.043187
2968,0.803969,60,30,98,0.006524,2.043344
2969,0.804006,60,30,98,0.006523,2.043459
2970,0.804049,60,30,98,0.006524,2.043569
2971,0.804103,60,30,98,0.006526,2.043685
2972,0.803974,60,30,98,0.006522,2.043808
2973,0.804031,60,30,98,0.006526,2.043907
2974,0.804007,60,30,98,0.006523,2.044064
2975,0.804029,60,30,98,0.006522,2.044187
2976,0.804074,60,30,98,0.006522,2.044298
2977,0.804135,60,30,98,0.006528,2.044391
2978,0.804126,60,30,98,0.006526,2.044544
2979,0.804170,60,30,98,0.006527,2.044653
2980,0.804187,60,30,98,0.006525,2.044776
2981,0.804227,60,30,98,0.006525,2.044889
2982,0.804164,60,30,98,0.006522,2.045063
2983,0.804193,60,30,98,0.006521,2.045184
2984,0.804199,60,30,98,0.006519,2.045321
2985,0.804256,60,30,98,0.006523,2.045415
2986,0.804244,60,30,98,0.006521,2.045568
2987,0.804288,60,30,98,0.006522,2.045676
2988,0.804344,60,30,98,0.006525,2.045773
2989,0.804357,60,30,98,0.006524,2.045900
2990,0.804390,60,30,98,0.006523,2.046019
2991,0.804422,60,30,98,0.006523,2.046138
2992,0.804400,60,30,98,0.006520,2.046293
2993,0.804449,60,30,98,0.006521,2.046401
2994,0.804508,60,30,98,0.006527,2.046490
2995,0.804505,60,30,98,0.006525,2.046637
2996,0.804462,60,30,98,0.006522,2.046803
2997,0.804516,60,30,98,0.006523,2.046917
2998,0.804470,60,30,98,0.006520,2.047086
2999,0.804501,60,30,98,0.006520,2.047206
3000,0.804543,60,30,98,0.006520,2.047316
3001,0.804366,60,30,98,0.006516,2.047247
3002,0.804304,60,30,98,0.006513,2.047420
3003,0.804365,60,30,98,0.006519,2.047517
3004,0.804278,60,30,98,0.006515,2.047677
3005,0.804299,60,30,98,0.006514,2.047799
3006,0.804166,60,30,98,0.006510,2.047910
3007,0.804206,60,30,98,0.006511,2.048024
3008,0.804255,60,30,98,0.006512,2.048131
3009,0.804302,60,30,98,0.006513,2.048242
3010,0.804311,60,30,98,0.006511,2.048372
3011,0.804317,60,30,98,0.006509,2.048506
3012,0.804326,60,30,98,0.006508,2.048634
3013,0.804385,60,30,98,0.006514,2.048726
3014,0.804426,60,30,98,0.006514,2.048835
3015,0.804414,60,30,98,0.006511,2.048987
3016,0.804372,60,30,98,0.006508,2.049151
3017,0.804431,60,30,98,0.006514,2.049238
3018,0.804425,60,30,98,0.006512,2.049387
3019,0.804401,60,30,98,0.006509,2.049541
3020,0.804456,60,30,98,0.006511,2.049652
3021,0.804480,60,30,98,0.006510,2.049773
3022,0.804416,60,30,98,0.006507,2.049945
3023,0.804359,60,30,98,0.006504,2.050115
3024,0.804298,60,30,98,0.006501,2.050286
3025,0.804332,60,30,98,0.006500,2.050400
3026,0.804383,60,30,98,0.006502,2.050511
3027,0.804349,60,30,98,0.006499,2.050671
3028,0.804380,60,30,98,0.006498,2.050788
3029,0.804314,60,30,98,0.006495,2.050956
3030,0.804282,60,30,98,0.006492,2.051115
3031,0.804292,60,30,98,0.006490,2.051243
3032,0.804347,60,30,98,0.006493,2.051347
3033,0.804409,60,30,98,0.006508,2.051414
3034,0.804470,60,30,98,0.006515,2.051507
3035,0.804500,60,30,98,0.006514,2.051625
3036,0.804541,60,30,98,0.006515,2.051731
3037,0.804552,60,30,98,0.006513,2.051857
3038,0.804566,60,30,98,0.006512,2.051981
3039,0.804553,60,30,98,0.006509,2.052132
3040,0.804608,60,30,98,0.006513,2.052226
3041,0.804637,60,30,98,0.006512,2.052344
3042,0.804587,60,30,98,0.006509,2.052511
3043,0.804582,60,30,98,0.006506,2.052658
3044,0.804589,60,30,98,0.006505,2.052785
3045,0.804639,60,30,98,0.006506,2.052894
3046,0.804633,60,30,98,0.006504,2.053039
3047,0.804654,60,30,98,0.006503,2.053160
3048,0.804714,60,30,98,0.006509,2.053254
3049,0.804703,60,30,98,0.006506,2.053403
3050,0.804690,60,30,98,0.006504,2.053552
3051,0.804660,60,30,98,0.006501,2.053708
3052,0.804685,60,30,98,0.006500,2.053828
3053,0.804575,60,30,98,0.006496,2.053968
3054,0.804462,60,30,98,0.006493,2.054105
3055,0.804482,60,30,98,0.006492,2.054226
3056,0.804537,60,30,98,0.006495,2.054318
3057,0.804547,60,30,98,0.006494,2.054442
3058,0.804583,60,30,98,0.006494,2.054556
3059,0.804620,60,30,98,0.006494,2.054670
3060,0.804594,60,30,98,0.006491,2.054823
3061,0.804650,60,30,98,0.006495,2.054916
3062,0.804687,60,30,98,0.006495,2.055029
3063,0.804473,60,30,98,0.006491,2.054063
3064,0.804525,60,30,98,0.006493,2.054174
3065,0.804521,60,30,98,0.006490,2.054317
3066,0.804433,60,30,98,0.006487,2.054472
3067,0.804492,60,30,98,0.006493,2.054563
3068,0.804372,60,30,98,0.006489,2.054693
3069,0.804176,60,30,98,0.006485,2.054289
3070,0.804116,60,30,98,0.006482,2.054456
3071,0.804103,60,30,98,0.006480,2.054604
3072,0.804037,60,30,98,0.006476,2.054769
3073,0.804050,60,30,98,0.006475,2.054892
3074,0.804109,60,30,98,0.006481,2.054985
3075,0.804117,60,30,98,0.006479,2.055109
3076,0.803928,60,30,98,0.006476,2.054839
3077,0.803971,60,30,98,0.006476,2.054946
3078,0.803926,60,30,98,0.006473,2.055110
3079,0.803893,60,30,98,0.006470,2.055266
3080,0.803924,60,30,98,0.006470,2.055381
3081,0.803877,60,30,98,0.006467,2.055545
3082,0.803895,60,30,98,0.006465,2.055665
3083,0.803941,60,30,98,0.006466,2.055774
3084,0.803987,60,30,98,0.006467,2.055881
3085,0.803906,60,30,98,0.006464,2.056040
3086,0.803893,60,30,98,0.006461,2.056187
3087,0.803902,60,30,98,0.006460,2.056309
3088,0.803963,60,30,98,0.006474,2.056375
3089,0.804000,60,30,98,0.006474,2.056487
3090,0.804032,60,30,98,0.006473,2.056601
3091,0.804026,60,30,98,0.006471,2.056744
3092,0.803981,60,30,98,0.006468,2.056904
3093,0.803986,60,30,98,0.006466,2.057039
3094,0.804042,60,30,98,0.006470,2.057131
3095,0.804070,60,30,98,0.006470,2.057248
3096,0.803990,60,30,98,0.006466,2.057407
3097,0.804038,60,30,98,0.006468,2.057513
3098,0.804086,60,30,98,0.006469,2.057617
3099,0.804085,60,30,98,0.006467,2.057755
3100,0.804108,60,30,98,0.006466,2.057874
3101,0.804075,60,30,98,0.006463,2.058029
3102,0.804114,60,30,98,0.006463,2.058137
3103,0.804152,60,30,98,0.006463,2.058248
3104,0.804202,60,30,98,0.006465,2.058355
3105,0.804190,60,30,98,0.006462,2.058500
3106,0.804173,60,30,98,0.006460,2.058646
3107,0.804224,60,30,98,0.006462,2.058756
3108,0.804136,60,30,99,0.006458,2.058908
3109,0.804122,60,30,99,0.006456,2.059051
3110,0.804149,60,30,99,0.006455,2.059168
3111,0.804180,60,30,99,0.006454,2.059281
3112,0.804130,60,30,99,0.006451,2.059444
3113,0.804156,60,30,99,0.006451,2.059559
3114,0.804207,60,30,98,0.006452,2.059669
3115,0.804255,60,30,98,0.006454,2.059773
3116,0.804299,60,30,98,0.006455,2.059880
3117,0.804293,60,30,98,0.006452,2.060020
3118,0.804287,60,30,99,0.006450,2.060160
3119,0.804344,60,30,99,0.006455,2.060253
3120,0.804343,60,30,99,0.006453,2.060389
3121,0.804393,60,30,99,0.006454,2.060496
3122,0.804397,60,30,99,0.006452,2.060629
3123,0.804430,60,30,98,0.006452,2.060741
3124,0.804455,60,30,98,0.006451,2.060856
3125,0.804472,60,30,98,0.006450,2.060976
3126,0.804423,60,30,98,0.006447,2.061137
3127,0.804398,60,30,99,0.006444,2.061288
3128,0.804444,60,30,98,0.006445,2.061394
3129,0.804359,60,30,99,0.006442,2.061547
3130,0.804414,60,30,99,0.006446,2.061637
3131,0.804305,60,30,99,0.006442,2.061772
3132,0.804338,60,30,99,0.006442,2.061883
3133,0.804398,60,30,99,0.006456,2.061948
3134,0.804381,60,30,99,0.006453,2.062092
3135,0.804412,60,30,99,0.006453,2.062203
3136,0.804426,60,30,99,0.006452,2.062324
3137,0.804376,60,30,99,0.006448,2.062484
3138,0.804327,60,30,99,0.006445,2.062643
3139,0.804230,60,30,99,0.006442,2.062785
3140,0.804250,60,30,99,0.006441,2.062903
3141,0.804302,60,30,99,0.006443,2.063013
3142,0.804311,60,30,99,0.006441,2.063134
3143,0.804366,60,30,99,0.006445,2.063227
3144,0.804325,60,30,99,0.006442,2.063382
3145,0.804360,60,30,99,0.006442,2.063493
3146,0.804390,60,30,99,0.006442,2.063603
3147,0.804356,60,30,99,0.006439,2.063756
3148,0.804264,60,30,99,0.006436,2.063900
3149,0.804274,60,30,99,0.006434,2.064021
3150,0.804303,60,30,99,0.006434,2.064132
3151,0.804320,60,30,99,0.006432,2.064250
3152,0.804254,60,30,99,0.006429,2.064412
3153,0.804311,60,30,99,0.006435,2.064501
3154,0.804279,60,30,99,0.006432,2.064652
3155,0.804317,60,30,99,0.006432,2.064761
3156,0.804300,60,30,99,0.006430,2.064904
3157,0.804123,60,30,99,0.006426,2.064759
3158,0.804151,60,30,99,0.006426,2.064872
3159,0.804102,60,30,99,0.006423,2.065029
3160,0.804160,60,30,99,0.006429,2.065120
3161,0.804047,60,30,99,0.006425,2.065249
3162,0.804051,61,30,99,0.006423,2.065377
3163,0.804073,61,30,99,0.006422,2.065494
3164,0.804133,60,30,99,0.006436,2.065559
3165,0.804052,61,30,99,0.006433,2.065712
3166,0.803874,61,30,99,0.006429,2.065533
3167,0.803839,61,30,99,0.006426,2.065684
3168,0.803894,61,30,99,0.006430,2.065774
3169,0.803944,61,30,99,0.006432,2.065881
3170,0.804000,60,30,99,0.006438,2.065967
3171,0.803991,61,30,99,0.006435,2.066107
3172,0.803868,61,30,99,0.006432,2.066222
3173,0.803916,61,30,99,0.006433,2.066326
3174,0.803963,60,30,99,0.006435,2.066429
3175,0.803995,60,30,99,0.006434,2.066538
3176,0.804055,60,30,99,0.006448,2.066602
3177,0.804055,60,30,99,0.006446,2.066737
3178,0.804005,60,30,99,0.006443,2.066893
3179,0.804061,60,30,99,0.006449,2.066977
3180,0.804084,60,30,99,0.006448,2.067093
3181,0.804098,60,30,99,0.006446,2.067212
3182,0.804152,60,30,99,0.006450,2.067301
3183,0.804189,60,30,99,0.006450,2.067408
3184,0.804230,60,30,99,0.006451,2.067513
3185,0.804239,60,30,99,0.006449,2.067632
3186,0.804238,60,30,99,0.006447,2.067767
3187,0.804256,60,30,99,0.006446,2.067883
3188,0.804191,61,30,99,0.006443,2.068043
3189,0.804173,61,30,99,0.006441,2.068186
3190,0.804113,61,30,99,0.006437,2.068345
3191,0.804163,61,30,99,0.006439,2.068451
3192,0.804217,61,30,99,0.006443,2.068542
3193,0.804267,60,30,99,0.006445,2.068647
3194,0.804278,61,30,99,0.006444,2.068765
3195,0.804319,60,30,99,0.006444,2.068871
3196,0.804373,60,30,99,0.006448,2.068959
3197,0.804348,60,30,99,0.006446,2.069108
3198,0.804392,60,30,99,0.006447,2.069213
3199,0.804357,60,30,99,0.006444,2.069363
3200,0.804175,61,30,99,0.006440,2.069117
3201,0.804232,60,30,99,0.006446,2.069208
3202,0.804291,60,30,99,0.006460,2.069271
3203,0.804302,60,30,99,0.006458,2.069389
3204,0.804292,61,30,99,0.006456,2.069528
3205,0.804268,61,30,99,0.006453,2.069675
3206,0.804291,61,30,99,0.006453,2.069789
3207,0.804310,61,30,99,0.006451,2.069904
3208,0.804339,61,30,99,0.006451,2.070013
3209,0.804388,61,30,99,0.006453,2.070117
3210,0.804430,60,30,99,0.006453,2.070222
3211,0.804423,61,30,99,0.006451,2.070359
3212,0.804438,61,30,99,0.006450,2.070476
3213,0.804403,61,30,99,0.006447,2.070625
3214,0.804430,61,30,99,0.006446,2.070736
3215,0.804486,61,30,99,0.006452,2.070825
3216,0.804542,60,30,99,0.006458,2.070910
3217,0.804565,60,30,99,0.006457,2.071024
3218,0.804498,61,30,99,0.006454,2.071181
3219,0.804500,61,30,99,0.006452,2.071312
3220,0.804521,61,30,99,0.006451,2.071426
3221,0.804523,61,30,99,0.006449,2.071556
3222,0.804524,61,30,99,0.006447,2.071686
3223,0.804558,61,30,99,0.006447,2.071795
3224,0.804440,61,30,99,0.006444,2.071914
3225,0.804442,61,30,99,0.006442,2.072042
3226,0.804486,61,30,99,0.006443,2.072144
3227,0.804538,61,30,99,0.006445,2.072245
3228,0.804596,61,30,99,0.006459,2.072308
3229,0.804639,61,30,98,0.006460,2.072412
3230,0.804560,61,30,99,0.006456,2.072562
3231,0.804558,61,30,99,0.006454,2.072695
3232,0.804554,61,30,99,0.006452,2.072828
3233,0.804610,61,30,99,0.006458,2.072912
3234,0.804635,61,30,99,0.006457,2.073023
3235,0.804692,61,30,99,0.006464,2.073115
3236,0.804689,61,30,99,0.006462,2.073247
3237,0.804701,61,30,99,0.006460,2.073364
3238,0.804684,61,30,99,0.006458,2.073504
3239,0.804645,61,30,99,0.006455,2.073654
3240,0.804621,61,30,99,0.006452,2.073800
3241,0.804638,61,30,99,0.006451,2.073913
3242,0.804684,61,30,99,0.006452,2.074016
3243,0.804743,61,30,99,0.006466,2.074078
3244,0.804775,61,30,99,0.006466,2.074186
3245,0.804820,61,30,99,0.006467,2.074286
3246,0.804870,61,30,99,0.006469,2.074393
3247,0.804671,61,30,99,0.006465,2.073691
3248,0.804730,61,30,99,0.006479,2.073752
3249,0.804745,61,30,99,0.006478,2.073867
3250,0.804801,61,30,99,0.006484,2.073951
3251,0.804792,61,30,99,0.006481,2.074086
3252,0.804811,61,30,99,0.006480,2.074199
3253,0.804848,61,30,99,0.006480,2.074304
3254,0.804779,61,30,99,0.006477,2.074459
3255,0.804754,61,30,99,0.006475,2.074605
3256,0.804794,61,30,99,0.006475,2.074708
3257,0.804788,61,30,99,0.006473,2.074840
3258,0.804822,61,30,99,0.006473,2.074948
3259,0.804799,61,30,99,0.006470,2.075091
3260,0.804832,61,30,99,0.006470,2.075197
3261,0.804869,61,30,99,0.006470,2.075302
3262,0.804884,61,30,99,0.006469,2.075416
3263,0.804936,61,30,99,0.006473,2.075503
3264,0.804954,61,30,99,0.006472,2.075614
3265,0.804833,61,30,99,0.006468,2.075725
3266,0.804883,61,30,99,0.006470,2.075832
3267,0.804932,61,30,99,0.006472,2.075937
3268,0.804818,61,30,99,0.006468,2.076058
3269,0.804864,61,30,99,0.006470,2.076160
3270,0.804878,61,30,99,0.006468,2.076273
3271,0.804880,61,30,99,0.006467,2.076399
3272,0.804899,61,30,99,0.006465,2.076510
3273,0.804889,61,30,99,0.006463,2.076646
3274,0.804938,61,30,99,0.006465,2.076749
3275,0.804994,61,30,99,0.006471,2.076840
3276,0.805052,61,30,98,0.006485,2.076901
3277,0.805106,61,30,98,0.006491,2.076982
3278,0.804982,61,30,99,0.006487,2.077082
3279,0.804901,61,30,99,0.006484,2.077229
3280,0.804923,61,30,99,0.006483,2.077341
3281,0.804957,61,30,99,0.006483,2.077447
3282,0.804765,61,30,99,0.006479,2.076895
3283,0.804726,61,30,99,0.006477,2.077044
3284,0.804769,61,30,99,0.006477,2.077145
3285,0.804793,61,30,99,0.006477,2.077256
3286,0.804844,61,30,99,0.006480,2.077346
3287,0.804889,61,30,98,0.006481,2.077446
3288,0.804878,61,30,99,0.006479,2.077581
3289,0.804832,61,30,99,0.006476,2.077733
3290,0.804833,61,30,99,0.006474,2.077858
3291,0.804877,61,30,99,0.006475,2.077957
3292,0.804922,61,30,99,0.006477,2.078056
3293,0.804962,61,30,99,0.006477,2.078159
3294,0.804950,61,30,99,0.006475,2.078293
3295,0.804989,61,30,99,0.006475,2.078395
3296,0.805044,61,30,99,0.006481,2.078477
3297,0.805074,61,30,98,0.006481,2.078585
3298,0.805131,61,30,98,0.006494,2.078645
3299,0.805165,60,30,98,0.006494,2.078751
3300,0.805202,60,30,98,0.006494,2.078854
3301,0.805240,60,30,98,0.006495,2.078955
3302,0.805128,60,30,98,0.006491,2.079076
3303,0.805168,60,30,98,0.006492,2.079178
3304,0.805121,60,30,98,0.006489,2.079329
3305,0.805168,60,30,98,0.006491,2.079429
3306,0.805223,60,30,98,0.006497,2.079519
3307,0.805273,60,30,98,0.006499,2.079623
3308,0.805144,60,30,98,0.006495,2.079708
3309,0.805062,60,30,98,0.006492,2.079853
3310,0.805073,60,30,98,0.006491,2.079969
3311,0.805113,60,30,98,0.006491,2.080071
3312,0.805088,60,30,98,0.006489,2.080214
3313,0.805108,60,30,98,0.006488,2.080324
3314,0.805133,60,30,98,0.006487,2.080434
3315,0.805159,60,30,98,0.006486,2.080542
3316,0.805165,60,30,98,0.006485,2.080663
3317,0.805206,60,30,98,0.006485,2.080763
3318,0.805160,60,30,98,0.006482,2.080913
3319,0.805209,60,30,98,0.006484,2.081015
3320,0.805244,60,30,98,0.006484,2.081120
3321,0.805231,60,30,98,0.006482,2.081254
3322,0.805260,60,30,98,0.006482,2.081361
3323,0.805300,60,30,98,0.006482,2.081462
3324,0.805352,60,30,98,0.006486,2.081551
3325,0.805405,60,30,98,0.006490,2.081641
3326,0.805390,60,30,98,0.006488,2.081777
3327,0.805435,60,30,98,0.006489,2.081876
3328,0.805448,60,30,98,0.006488,2.081987
3329,0.805464,60,30,98,0.006487,2.082098
3330,0.805472,60,30,98,0.006485,2.082213
3331,0.805460,60,30,98,0.006483,2.082345
3332,0.805490,60,30,98,0.006482,2.082450
3333,0.805425,60,30,98,0.006479,2.082604
3334,0.805419,60,30,98,0.006477,2.082734
3335,0.805388,60,30,98,0.006475,2.082879
3336,0.805435,60,30,98,0.006476,2.082980
3337,0.805479,60,30,98,0.006477,2.083078
3338,0.805478,60,30,98,0.006475,2.083205
3339,0.805460,60,30,98,0.006473,2.083343
3340,0.805494,60,30,98,0.006473,2.083447
3341,0.805516,60,30,98,0.006472,2.083556
3342,0.805616,60,30,98,0.006474,2.083590
3343,0.805664,60,30,98,0.006476,2.083691
3344,0.805620,60,30,98,0.006473,2.083838
3345,0.805585,60,30,98,0.006471,2.083983
3346,0.805605,60,30,98,0.006470,2.084092
3347,0.805628,60,30,98,0.006469,2.084199
3348,0.805661,60,30,98,0.006469,2.084303
3349,0.805708,60,30,98,0.006470,2.084402
3350,0.805731,60,30,98,0.006470,2.084509
3351,0.805726,60,30,98,0.006468,2.084637
3352,0.805640,60,30,98,0.006464,2.084778
3353,0.805692,60,30,98,0.006468,2.084866
3354,0.805631,60,30,98,0.006465,2.085021
3355,0.805618,60,30,98,0.006463,2.085151
3356,0.805655,60,30,98,0.006464,2.085250
3357,0.805611,60,30,99,0.006461,2.085396
3358,0.805609,60,30,99,0.006459,2.085521
3359,0.805621,61,30,99,0.006457,2.085634
3360,0.805652,60,30,99,0.006457,2.085738
3361,0.805668,61,30,98,0.006456,2.085847
3362,0.805671,61,30,98,0.006454,2.085970
3363,0.805670,61,30,98,0.006452,2.086093
3364,0.805726,61,30,98,0.006466,2.086153
3365,0.805774,61,30,98,0.006467,2.086254
3366,0.805815,60,30,98,0.006468,2.086353
3367,0.805858,60,30,98,0.006470,2.086449
3368,0.805900,60,30,98,0.006471,2.086547
3369,0.805919,60,30,98,0.006470,2.086655
3370,0.805967,60,30,98,0.006472,2.086755
3371,0.806005,60,30,98,0.006472,2.086853
3372,0.806015,60,30,98,0.006471,2.086966
3373,0.806043,60,30,98,0.006470,2.087073
3374,0.806072,60,30,98,0.006470,2.087177
3375,0.806089,60,30,98,0.006469,2.087284
3376,0.805956,60,30,98,0.006465,2.087349
3377,0.805987,60,30,98,0.006465,2.087452
3378,0.805936,60,30,98,0.006462,2.087602
3379,0.805979,60,30,98,0.006463,2.087699
3380,0.805915,60,30,98,0.006460,2.087852
3381,0.805824,60,30,98,0.006457,2.087988
3382,0.805829,61,30,98,0.006455,2.088108
3383,0.805879,60,30,98,0.006458,2.088196
3384,0.805882,61,30,98,0.006457,2.088316
3385,0.805922,60,30,98,0.006457,2.088415
3386,0.805925,61,30,98,0.006456,2.088534
3387,0.805971,60,30,98,0.006457,2.088633
3388,0.805989,61,30,98,0.006456,2.088740
3389,0.805969,61,30,98,0.006454,2.088878
3390,0.805932,61,30,98,0.006451,2.089021
3391,0.805843,61,30,98,0.006448,2.089157
3392,0.805884,61,30,98,0.006449,2.089254
3393,0.805913,61,30,98,0.006449,2.089356
3394,0.805926,61,30,98,0.006447,2.089465
3395,0.805958,61,30,98,0.006447,2.089566
3396,0.806006,61,30,98,0.006449,2.089665
3397,0.806033,60,30,98,0.006449,2.089770
3398,0.806072,60,30,98,0.006449,2.089869
3399,0.805918,60,30,98,0.006446,2.089829
3400,0.805965,60,30,98,0.006448,2.089927
3401,0.806020,60,30,98,0.006461,2.089986
3402,0.806029,60,30,98,0.006460,2.090100
3403,0.806075,60,30,98,0.006461,2.090198
3404,0.806123,60,30,98,0.006463,2.090295
3405,0.806165,60,30,98,0.006464,2.090391
3406,0.806114,60,30,98,0.006462,2.090540
3407,0.806095,60,30,98,0.006459,2.090676
3408,0.806036,60,30,98,0.006456,2.090828
3409,0.806081,60,30,98,0.006458,2.090925
3410,0.806090,60,30,98,0.006456,2.091037
3411,0.806111,60,30,98,0.006455,2.091143
3412,0.806134,60,30,98,0.006455,2.091249
3413,0.806131,60,30,98,0.006453,2.091373
3414,0.806178,60,30,98,0.006455,2.091471
3415,0.806131,60,30,98,0.006452,2.091615
3416,0.806075,60,30,98,0.006449,2.091765
3417,0.806110,60,30,98,0.006449,2.091867
3418,0.806157,60,30,98,0.006451,2.091962
3419,0.806124,60,30,98,0.006448,2.092105
3420,0.806158,60,30,98,0.006448,2.092206
3421,0.806204,60,30,98,0.006450,2.092303
3422,0.806156,60,30,98,0.006447,2.092446
3423,0.806190,60,30,98,0.006447,2.092547
3424,0.806128,60,30,98,0.006444,2.092697
3425,0.806148,60,30,98,0.006444,2.092803
3426,0.805977,60,30,98,0.006440,2.092580
3427,0.806003,60,30,98,0.006440,2.092686
3428,0.806031,60,30,98,0.006439,2.092788
3429,0.806082,60,30,98,0.006443,2.092877
3430,0.806074,60,30,98,0.006441,2.093005
3431,0.806094,60,30,98,0.006440,2.093109
3432,0.806110,60,30,98,0.006439,2.093215
3433,0.806154,60,30,98,0.006440,2.093311
3434,0.806176,60,30,98,0.006440,2.093415
3435,0.806229,60,30,98,0.006445,2.093502
3436,0.806271,60,30,98,0.006446,2.093596
3437,0.806219,60,30,98,0.006443,2.093741
3438,0.806262,60,30,98,0.006445,2.093835
3439,0.806307,60,30,98,0.006446,2.093931
3440,0.806336,60,30,98,0.006446,2.094031
3441,0.806374,60,30,98,0.006447,2.094128
3442,0.806416,60,30,98,0.006448,2.094221
3443,0.806300,60,30,98,0.006444,2.094327
3444,0.806351,60,30,98,0.006448,2.094414
3445,0.806276,60,30,98,0.006445,2.094557
3446,0.806281,60,30,98,0.006444,2.094674
3447,0.806323,60,30,98,0.006445,2.094766
3448,0.806344,60,30,98,0.006444,2.094869
3449,0.806318,60,30,98,0.006442,2.095010
3450,0.806248,60,30,98,0.006439,2.095156
3451,0.806280,60,30,98,0.006439,2.095256
3452,0.806286,60,30,98,0.006437,2.095371
3453,0.806305,60,30,98,0.006436,2.095474
3454,0.806268,60,30,98,0.006433,2.095615
3455,0.806304,60,30,98,0.006434,2.095715
3456,0.806239,60,30,98,0.006431,2.095862
3457,0.806232,60,30,98,0.006429,2.095989
3458,0.806269,60,30,98,0.006429,2.096085
3459,0.806299,60,30,98,0.006429,2.096185
3460,0.806303,60,30,98,0.006427,2.096299
3461,0.806345,60,30,98,0.006429,2.096392
3462,0.806309,60,30,98,0.006426,2.096533
3463,0.806341,60,30,98,0.006426,2.096632
3464,0.806375,60,30,98,0.006426,2.096732
3465,0.806417,60,30,98,0.006428,2.096822
3466,0.806421,60,30,98,0.006426,2.096936
3467,0.806363,60,30,98,0.006423,2.097081
3468,0.806325,60,30,98,0.006421,2.097220
3469,0.806349,60,30,98,0.006420,2.097325
3470,0.806385,60,30,98,0.006420,2.097422
3471,0.806429,60,30,98,0.006422,2.097517
3472,0.806452,60,30,98,0.006421,2.097620
3473,0.806292,60,30,98,0.006418,2.097514
3474,0.806345,60,30,98,0.006424,2.097601
3475,0.806382,60,30,98,0.006424,2.097697
3476,0.806416,60,30,98,0.006424,2.097794
3477,0.806463,60,30,98,0.006426,2.097890
3478,0.806499,60,30,98,0.006427,2.097985
3479,0.806499,60,30,98,0.006425,2.098105
3480,0.806500,60,30,98,0.006423,2.098224
3481,0.806439,60,30,98,0.006420,2.098369
3482,0.806486,60,30,98,0.006422,2.098463
3483,0.806499,60,30,98,0.006421,2.098570
3484,0.806525,60,30,98,0.006421,2.098673
3485,0.806558,60,30,98,0.006421,2.098772
3486,0.806603,60,30,98,0.006423,2.098867
3487,0.806619,60,30,98,0.006422,2.098972
3488,0.806610,60,30,98,0.006420,2.099098
3489,0.806605,60,30,98,0.006418,2.099222
3490,0.806586,60,30,98,0.006415,2.099357
3491,0.806537,60,30,98,0.006412,2.099499
3492,0.806584,60,30,98,0.006415,2.099593
3493,0.806611,60,30,98,0.006414,2.099694
3494,0.806633,60,30,98,0.006414,2.099797
3495,0.806667,60,30,98,0.006414,2.099894
3496,0.806666,60,30,98,0.006412,2.100013
3497,0.806709,60,30,98,0.006413,2.100105
3498,0.806751,60,30,98,0.006415,2.100197
3499,0.806759,60,30,98,0.006413,2.100309
3500,0.806744,60,30,98,0.006411,2.100439
3501,0.806629,60,30,98,0.006408,2.100542
3502,0.806680,60,30,98,0.006413,2.100624
3503,0.806696,60,30,98,0.006412,2.100728
3504,0.806749,60,30,98,0.006418,2.100815
3505,0.806799,60,30,98,0.006422,2.100902
3506,0.806851,60,30,98,0.006428,2.100987
3507,0.806891,60,30,98,0.006429,2.101081
3508,0.806929,60,30,98,0.006429,2.101178
3509,0.806911,60,30,98,0.006427,2.101310
3510,0.806954,60,30,98,0.006429,2.101402
3511,0.806940,60,30,98,0.006426,2.101529
3512,0.806899,60,30,98,0.006424,2.101669
3513,0.806890,60,30,98,0.006422,2.101794
3514,0.806926,60,30,98,0.006422,2.101887
3515,0.806958,60,30,98,0.006422,2.101985
3516,0.807003,60,30,98,0.006424,2.102079
3517,0.807029,60,30,98,0.006424,2.102178
3518,0.807029,60,30,98,0.006422,2.102296
3519,0.806927,60,30,98,0.006419,2.102414
3520,0.806945,60,30,98,0.006418,2.102515
3521,0.806941,60,30,98,0.006416,2.102636
3522,0.806915,60,30,98,0.006413,2.102776
3523,0.806967,60,30,98,0.006420,2.102859
3524,0.807016,60,30,98,0.006423,2.102945
3525,0.806974,60,30,98,0.006420,2.103083
3526,0.807014,60,30,98,0.006421,2.103175
3527,0.807065,60,30,98,0.006426,2.103260
3528,0.807051,60,30,98,0.006424,2.103387
3529,0.807088,60,30,98,0.006425,2.103481
3530,0.807139,60,30,98,0.006430,2.103565
3531,0.807154,60,30,98,0.006429,2.103669
3532,0.807186,60,30,98,0.006429,2.103765
3533,0.807234,60,30,98,0.006432,2.103851
3534,0.807197,60,30,98,0.006430,2.103988
3535,0.807243,60,30,98,0.006432,2.104081
3536,0.807281,60,30,98,0.006432,2.104175
3537,0.807294,60,30,98,0.006431,2.104282
3538,0.807289,60,30,98,0.006429,2.104403
3539,0.807237,60,30,98,0.006426,2.104544
3540,0.807087,60,30,98,0.006423,2.104499
3541,0.807048,60,30,98,0.006421,2.104635
3542,0.807073,60,30,98,0.006420,2.104737
3543,0.807119,60,30,98,0.006422,2.104829
3544,0.807168,60,30,98,0.006426,2.104914
3545,0.807207,60,30,98,0.006427,2.105007
3546,0.807233,60,30,98,0.006427,2.105106
3547,0.807266,60,30,98,0.006427,2.105200
3548,0.807305,60,30,98,0.006428,2.105291
3549,0.807223,60,30,98,0.006425,2.105427
3550,0.807112,60,30,98,0.006422,2.105533
3551,0.807164,60,30,98,0.006434,2.105592
3552,0.807178,60,30,98,0.006433,2.105694
3553,0.807228,60,30,98,0.006437,2.105778
3554,0.807220,60,30,98,0.006435,2.105901
3555,0.807166,60,30,98,0.006432,2.106042
3556,0.807190,60,30,98,0.006431,2.106141
3557,0.807240,60,30,98,0.006435,2.106223
3558,0.807095,60,30,98,0.006432,2.106208
3559,0.807052,60,30,98,0.006430,2.106343
3560,0.806877,60,30,98,0.006426,2.105932
3561,0.806913,60,30,98,0.006427,2.106026
3562,0.806946,60,30,98,0.006427,2.106120
3563,0.806916,60,30,98,0.006424,2.106258
3564,0.806944,60,30,98,0.006424,2.106356
3565,0.806975,60,30,98,0.006424,2.106454
3566,0.806932,60,30,98,0.006421,2.106589
3567,0.806969,60,30,98,0.006422,2.106682
3568,0.807008,60,30,98,0.006423,2.106771
3569,0.806945,60,30,98,0.006420,2.106915
3570,0.806892,60,30,98,0.006418,2.107054
3571,0.806724,60,30,98,0.006414,2.106779
3572,0.806635,60,30,98,0.006411,2.106908
3573,0.806606,60,30,98,0.006409,2.107046
3574,0.806544,60,30,98,0.006406,2.107188
3575,0.806593,60,30,98,0.006411,2.107267
3576,0.806625,60,30,98,0.006411,2.107362
3577,0.806610,60,30,98,0.006409,2.107488
3578,0.806643,60,30,98,0.006409,2.107581
3579,0.806556,60,30,98,0.006406,2.107712
3580,0.806529,60,30,98,0.006403,2.107848
3581,0.806442,60,30,98,0.006400,2.107977
3582,0.806482,60,30,98,0.006402,2.108066
3583,0.806503,60,30,98,0.006401,2.108167
3584,0.806507,60,30,98,0.006399,2.108279
3585,0.806523,60,30,98,0.006398,2.108381
3586,0.806568,60,30,98,0.006400,2.108473
3587,0.806579,60,30,98,0.006399,2.108581
3588,0.806622,60,30,98,0.006400,2.108674
3589,0.806619,60,30,98,0.006399,2.108792
3590,0.806498,60,30,98,0.006395,2.108871
3591,0.806518,60,30,98,0.006395,2.108972
3592,0.806528,60,30,98,0.006393,2.109079
3593,0.806579,60,30,98,0.006399,2.109162
3594,0.806525,60,30,98,0.006397,2.109300
3595,0.806505,60,30,98,0.006394,2.109434
3596,0.806395,60,30,98,0.006391,2.109538
3597,0.806389,60,30,98,0.006389,2.109658
3598,0.806439,60,30,98,0.006394,2.109736
3599,0.806488,60,30,98,0.006399,2.109816
3600,0.806411,60,30,98,0.006396,2.109951
3601,0.806458,60,30,98,0.006399,2.110035
3602,0.806511,60,30,98,0.006411,2.110093
3603,0.806540,60,30,98,0.006411,2.110191
3604,0.806568,60,30,98,0.006411,2.110288
3605,0.806610,60,30,98,0.006412,2.110379
3606,0.806429,60,30,98,0.006409,2.109745
3607,0.806481,60,30,98,0.006421,2.109802
3608,0.806483,60,30,98,0.006419,2.109914
3609,0.806444,60,30,98,0.006417,2.110047
3610,0.806461,60,30,98,0.006416,2.110148
3611,0.806494,60,30,98,0.006416,2.110240
3612,0.806427,60,30,98,0.006413,2.110381
3613,0.806473,60,30,98,0.006415,2.110471
3614,0.806321,60,30,98,0.006412,2.110395
3615,0.806370,60,30,98,0.006416,2.110475
3616,0.806403,60,30,98,0.006417,2.110567
3617,0.806430,60,30,98,0.006416,2.110664
3618,0.806421,60,30,98,0.006414,2.110787
3619,0.806461,60,30,98,0.006416,2.110875
3620,0.806507,60,30,98,0.006418,2.110959
3621,0.806539,60,30,98,0.006419,2.111051
3622,0.806589,60,30,98,0.006424,2.111134
3623,0.806621,60,30,98,0.006424,2.111225
3624,0.806663,60,30,98,0.006425,2.111317
3625,0.806714,60,30,98,0.006431,2.111398
3626,0.806594,60,30,98,0.006428,2.111477
3627,0.806622,60,30,98,0.006428,2.111572
3628,0.806470,60,30,98,0.006425,2.111486
3629,0.806496,60,30,98,0.006424,2.111582
3630,0.806431,60,30,98,0.006421,2.111722
3631,0.806477,60,30,98,0.006424,2.111812
3632,0.806472,60,30,98,0.006422,2.111929
3633,0.806516,60,30,98,0.006423,2.112021
3634,0.806559,60,30,98,0.006425,2.112113
3635,0.806520,60,30,98,0.006422,2.112245
3636,0.806522,60,30,98,0.006421,2.112358
3637,0.806512,60,30,98,0.006419,2.112480
3638,0.806555,60,30,98,0.006420,2.112570
3639,0.806478,60,30,98,0.006417,2.112704
3640,0.806503,60,30,98,0.006417,2.112800
3641,0.806545,60,30,98,0.006418,2.112889
3642,0.806524,60,30,98,0.006416,2.113023
3643,0.806553,60,30,98,0.006416,2.113118
3644,0.806511,60,30,98,0.006413,2.113250
3645,0.806474,60,30,98,0.006411,2.113382
3646,0.806512,60,30,98,0.006412,2.113475
3647,0.806556,60,30,98,0.006414,2.113564
3648,0.806468,60,30,98,0.006411,2.113688
3649,0.806438,60,30,98,0.006408,2.113823
3650,0.806335,60,30,98,0.006405,2.113930
3651,0.806371,60,30,98,0.006406,2.114023
3652,0.806370,60,30,98,0.006404,2.114138
3653,0.806350,60,30,98,0.006402,2.114270
3654,0.806307,60,30,98,0.006399,2.114400
3655,0.806350,60,30,98,0.006401,2.114491
3656,0.806402,60,30,98,0.006413,2.114548
3657,0.806383,60,30,98,0.006410,2.114677
3658,0.806434,60,30,98,0.006422,2.114733
3659,0.806462,60,30,98,0.006422,2.114828
3660,0.806501,60,30,98,0.006423,2.114915
3661,0.806551,60,30,98,0.006429,2.114995
3662,0.806595,60,30,98,0.006431,2.115085
3663,0.806642,60,30,98,0.006434,2.115169
3664,0.806658,60,30,98,0.006433,2.115269
3665,0.806691,60,30,98,0.006434,2.115360
3666,0.806725,60,30,98,0.006434,2.115451
3667,0.806709,60,30,98,0.006432,2.115576
3668,0.806729,60,30,98,0.006431,2.115676
3669,0.806660,60,30,98,0.006428,2.115813
3670,0.806685,60,30,98,0.006428,2.115907
3671,0.806597,60,30,98,0.006425,2.116030
3672,0.806643,60,30,98,0.006428,2.116114
3673,0.806508,60,30,98,0.006425,2.116127
3674,0.806541,60,30,98,0.006425,2.116216
3675,0.806564,60,30,98,0.006424,2.116317
3676,0.806612,60,30,98,0.006428,2.116396
3677,0.806611,60,30,98,0.006427,2.116510
3678,0.806559,60,30,98,0.006424,2.116647
3679,0.806479,60,30,98,0.006421,2.116775
3680,0.806435,60,30,98,0.006418,2.116905
3681,0.806425,60,30,98,0.006416,2.117026
3682,0.806459,60,30,98,0.006417,2.117117
3683,0.806351,60,30,99,0.006414,2.117216
3684,0.806400,60,30,98,0.006419,2.117295
3685,0.806412,60,30,98,0.006417,2.117399
3686,0.806461,60,30,98,0.006422,2.117481
3687,0.806491,60,30,98,0.006422,2.117574
3688,0.806538,60,30,98,0.006426,2.117657
3689,0.806575,60,30,98,0.006426,2.117748
3690,0.806621,60,30,98,0.006429,2.117831
3691,0.806632,60,30,98,0.006428,2.117935
3692,0.806681,60,30,98,0.006433,2.118015
3693,0.806685,60,30,98,0.006432,2.118125
3694,0.806573,60,30,98,0.006429,2.118217
3695,0.806618,60,30,98,0.006431,2.118299
3696,0.806641,60,30,98,0.006431,2.118398
3697,0.806655,60,30,98,0.006430,2.118498
3698,0.806635,60,30,98,0.006427,2.118628
3699,0.806609,60,30,98,0.006425,2.118761
3700,0.806656,60,30,98,0.006428,2.118844
3701,0.806665,60,30,98,0.006427,2.118951
3702,0.806672,60,30,98,0.006425,2.119061
3703,0.806699,60,30,98,0.006425,2.119155
3704,0.806749,60,30,98,0.006431,2.119234
3705,0.806782,60,30,98,0.006432,2.119323
3706,0.806740,60,30,98,0.006429,2.119451
3707,0.806766,60,30,98,0.006429,2.119544
3708,0.806680,60,30,98,0.006426,2.119666
3709,0.806620,60,30,98,0.006423,2.119802
3710,0.806669,60,30,98,0.006428,2.119881
3711,0.806680,60,30,98,0.006427,2.119984
3712,0.806715,60,30,98,0.006428,2.120075
3713,0.806684,60,30,98,0.006425,2.120207
3714,0.806656,60,30,98,0.006423,2.120340
3715,0.806699,60,30,98,0.006425,2.120427
3716,0.806749,60,30,98,0.006436,2.120483
3717,0.806743,60,30,98,0.006434,2.120601
3718,0.806734,60,30,98,0.006432,2.120720
3719,0.806666,60,30,98,0.006430,2.120854
3720,0.806702,60,30,98,0.006430,2.120944
3721,0.806748,60,30,98,0.006433,2.121025
3722,0.806697,60,30,98,0.006431,2.121159
3723,0.806745,60,30,98,0.006435,2.121237
3724,0.806590,60,30,98,0.006432,2.121085
3725,0.806623,60,30,98,0.006433,2.121174
3726,0.806651,60,30,98,0.006432,2.121267
3727,0.806695,60,30,98,0.006435,2.121355
3728,0.806736,60,30,98,0.006436,2.121443
3729,0.806786,60,30,98,0.006448,2.121499
3730,0.806813,60,30,98,0.006447,2.121591
3731,0.806862,60,30,98,0.006453,2.121669
3732,0.806883,60,30,98,0.006453,2.121769
3733,0.806929,60,30,98,0.006456,2.121849
3734,0.806936,60,30,98,0.006454,2.121957
3735,0.806986,60,30,98,0.006466,2.122012
3736,0.807022,60,30,98,0.006467,2.122101
3737,0.807024,60,30,98,0.006465,2.122211
3738,0.807059,60,30,98,0.006466,2.122300
3739,0.807090,60,30,98,0.006466,2.122389
3740,0.807120,60,30,98,0.006466,2.122478
3741,0.807076,60,30,98,0.006464,2.122605
3742,0.807081,60,30,98,0.006462,2.122714
3743,0.807075,60,30,98,0.006460,2.122830
3744,0.807059,60,30,98,0.006458,2.122953
3745,0.806950,60,30,98,0.006455,2.123046
3746,0.807000,60,30,98,0.006467,2.123100
3747,0.807039,60,30,98,0.006468,2.123188
3748,0.807008,60,30,98,0.006466,2.123319
3749,0.807040,60,30,98,0.006466,2.123406
3750,0.806989,60,30,98,0.006463,2.123539
3751,0.807011,60,30,98,0.006463,2.123637
3752,0.806943,60,30,98,0.006460,2.123770
3753,0.806940,60,30,98,0.006458,2.123885
3754,0.806986,60,30,98,0.006461,2.123965
3755,0.807015,60,30,98,0.006461,2.124058
3756,0.807042,60,30,98,0.006461,2.124149
3757,0.807087,60,30,98,0.006464,2.124230
3758,0.807137,60,30,98,0.006476,2.124283
3759,0.807084,60,30,98,0.006473,2.124417
3760,0.807103,60,30,98,0.006472,2.124515
3761,0.807092,60,30,98,0.006470,2.124634
3762,0.807117,60,30,98,0.006470,2.124727
3763,0.807122,60,30,98,0.006468,2.124835
3764,0.807142,60,30,98,0.006468,2.124933
3765,0.807146,60,30,98,0.006466,2.125040
3766,0.807174,60,30,98,0.006466,2.125132
3767,0.807178,60,30,98,0.006465,2.125238
3768,0.807205,60,30,98,0.006464,2.125329
3769,0.807162,60,30,98,0.006462,2.125455
3770,0.807188,60,30,98,0.006462,2.125546
3771,0.807219,60,30,98,0.006462,2.125632
3772,0.807211,60,30,98,0.006460,2.125747
3773,0.807250,60,30,98,0.006461,2.125834
3774,0.807298,60,30,98,0.006467,2.125910
3775,0.807348,60,30,98,0.006479,2.125964
3776,0.807159,60,30,98,0.006476,2.124575
3777,0.807206,60,30,98,0.006480,2.124651
3778,0.807042,60,30,98,0.006477,2.124331
3779,0.807089,60,30,98,0.006481,2.124409
3780,0.807139,60,30,98,0.006493,2.124462
3781,0.807095,60,30,98,0.006490,2.124587
3782,0.807129,60,30,98,0.006491,2.124675
3783,0.807171,60,30,98,0.006492,2.124763
3784,0.807139,60,30,98,0.006490,2.124892
3785,0.807151,60,30,98,0.006489,2.124992
3786,0.807195,60,30,98,0.006492,2.125071
3787,0.807188,60,30,98,0.006490,2.125186
3788,0.807209,60,30,98,0.006489,2.125283
3789,0.807234,60,30,98,0.006489,2.125373
3790,0.807277,60,30,98,0.006491,2.125460
3791,0.807248,60,30,98,0.006488,2.125590
3792,0.807277,60,30,98,0.006488,2.125681
3793,0.807284,60,30,98,0.006487,2.125787
3794,0.807312,60,30,98,0.006487,2.125877
3795,0.807341,60,30,98,0.006487,2.125966
3796,0.807296,60,30,98,0.006484,2.126090
3797,0.807243,60,30,98,0.006482,2.126222
3798,0.807280,60,30,98,0.006482,2.126310
3799,0.807299,60,30,98,0.006482,2.126406
3800,0.807342,60,30,98,0.006484,2.126492
3801,0.807363,60,30,98,0.006483,2.126588
3802,0.807385,60,30,98,0.006482,2.126684
3803,0.807412,60,30,98,0.006482,2.126773
3804,0.807435,60,30,98,0.006482,2.126867
3805,0.807322,60,30,98,0.006479,2.126948
3806,0.807343,60,30,98,0.006478,2.127043
3807,0.807341,60,30,98,0.006476,2.127156
3808,0.807372,60,30,98,0.006477,2.127242
3809,0.807260,60,30,98,0.006474,2.127323
3810,0.807274,60,30,98,0.006473,2.127422
3811,0.807320,60,30,98,0.006476,2.127498
3812,0.807321,60,30,98,0.006475,2.127607
3813,0.807321,60,30,98,0.006473,2.127716
3814,0.807318,60,30,98,0.006471,2.127828
3815,0.807256,60,30,98,0.006469,2.127961
3816,0.807243,60,30,98,0.006467,2.128081
3817,0.807189,60,30,98,0.006464,2.128211
3818,0.807166,60,30,98,0.006462,2.128341
3819,0.807187,60,30,98,0.006461,2.128435
3820,0.807213,60,30,98,0.006461,2.128523
3821,0.807256,60,30,98,0.006463,2.128609
3822,0.807238,60,30,98,0.006461,2.128733
3823,0.807277,60,30,98,0.006462,2.128820
3824,0.807314,60,30,98,0.006463,2.128905
3825,0.807322,60,30,98,0.006462,2.129011
3826,0.807237,60,30,98,0.006459,2.129131
3827,0.807282,60,30,98,0.006462,2.129211
3828,0.807286,60,30,98,0.006460,2.129317
3829,0.807303,60,30,98,0.006460,2.129414
3830,0.807307,60,30,98,0.006458,2.129519
3831,0.807348,60,30,98,0.006459,2.129608
3832,0.807361,60,30,98,0.006458,2.129707
3833,0.807406,60,30,98,0.006462,2.129782
3834,0.807432,60,30,98,0.006462,2.129869
3835,0.807368,60,30,98,0.006459,2.130001
3836,0.807380,60,30,98,0.006458,2.130100
3837,0.807419,60,30,98,0.006459,2.130188
3838,0.807304,60,30,98,0.006456,2.130257
3839,0.807312,60,30,98,0.006455,2.130360
3840,0.807289,60,30,98,0.006453,2.130489
3841,0.807126,60,30,98,0.006450,2.130128
3842,0.807044,60,30,98,0.006447,2.130249
3843,0.806930,60,30,98,0.006444,2.130322
3844,0.806929,60,30,98,0.006442,2.130429
3845,0.806847,60,30,98,0.006439,2.130549
3846,0.806802,60,30,98,0.006437,2.130672
3847,0.806834,60,30,98,0.006437,2.130759
3848,0.806811,60,30,98,0.006435,2.130886
3849,0.806808,60,30,98,0.006433,2.130998
3850,0.806758,60,30,98,0.006431,2.131126
3851,0.806757,60,30,98,0.006429,2.131233
3852,0.806715,60,30,98,0.006427,2.131355
3853,0.806559,60,30,98,0.006424,2.131142
3854,0.806588,60,30,98,0.006424,2.131230
3855,0.806605,60,30,98,0.006423,2.131327
3856,0.806615,60,30,98,0.006422,2.131428
3857,0.806583,60,31,98,0.006419,2.131555
3858,0.806627,60,30,98,0.006422,2.131634
3859,0.806610,60,30,98,0.006420,2.131756
3860,0.806615,60,30,98,0.006418,2.131860
3861,0.806601,60,31,98,0.006416,2.131980
3862,0.806637,60,30,98,0.006417,2.132066
3863,0.806685,60,30,98,0.006429,2.132118
3864,0.806688,60,30,98,0.006427,2.132222
3865,0.806722,60,30,98,0.006428,2.132309
3866,0.806748,60,30,98,0.006428,2.132397
3867,0.806764,60,30,98,0.006427,2.132494
3868,0.806799,60,30,98,0.006428,2.132581
3869,0.806847,60,30,98,0.006439,2.132633
3870,0.806856,60,30,98,0.006438,2.132736
3871,0.806892,60,30,98,0.006439,2.132820
3872,0.806936,60,30,98,0.006442,2.132897
3873,0.806949,60,30,98,0.006441,2.132994
3874,0.806927,60,30,98,0.006438,2.133120
3875,0.806968,60,30,98,0.006440,2.133208
3876,0.807014,60,30,98,0.006444,2.133283
3877,0.807043,60,30,98,0.006444,2.133368
3878,0.807084,60,30,98,0.006446,2.133454
3879,0.807127,60,30,98,0.006448,2.133537
3880,0.807129,60,30,98,0.006446,2.133641
3881,0.807145,60,30,98,0.006446,2.133736
3882,0.807174,60,30,98,0.006446,2.133823
3883,0.807182,60,30,98,0.006444,2.133924
3884,0.807216,60,30,98,0.006445,2.134010
3885,0.807258,60,30,98,0.006447,2.134095
3886,0.807112,60,30,98,0.006444,2.133996
3887,0.806966,60,30,98,0.006441,2.133896
3888,0.806884,60,30,98,0.006438,2.134014
3889,0.806922,60,30,98,0.006439,2.134100
3890,0.806962,60,30,98,0.006440,2.134187
3891,0.807006,60,30,98,0.006443,2.134264
3892,0.807021,60,30,98,0.006442,2.134359
3893,0.807067,60,30,98,0.006447,2.134434
3894,0.807085,60,30,98,0.006446,2.134529
3895,0.807119,60,30,98,0.006446,2.134614
3896,0.806934,60,30,98,0.006443,2.133243
3897,0.806965,60,30,98,0.006444,2.133330
3898,0.806988,60,30,98,0.006443,2.133422
3899,0.807003,60,30,98,0.006442,2.133517
3900,0.806974,60,30,98,0.006440,2.133645
3901,0.807004,60,30,98,0.006440,2.133730
3902,0.807026,60,30,98,0.006439,2.133822
3903,0.807014,60,30,98,0.006437,2.133940
3904,0.806917,60,30,98,0.006435,2.134040
3905,0.806928,60,30,98,0.006434,2.134138
3906,0.806964,60,30,98,0.006434,2.134221
3907,0.807003,60,30,98,0.006436,2.134307
3908,0.807049,60,30,98,0.006440,2.134383
3909,0.807090,60,30,98,0.006442,2.134467
3910,0.807039,60,30,98,0.006439,2.134595
3911,0.807070,60,30,98,0.006440,2.134680
3912,0.807048,60,30,98,0.006437,2.134805
3913,0.807071,60,30,98,0.006437,2.134897
3914,0.806983,60,30,98,0.006434,2.135008
3915,0.806993,60,30,98,0.006433,2.135106
3916,0.807001,60,30,98,0.006432,2.135206
3917,0.807039,60,30,98,0.006433,2.135292
3918,0.807040,60,30,98,0.006431,2.135394
3919,0.807066,60,30,98,0.006431,2.135481
3920,0.807051,60,30,98,0.006429,2.135600
3921,0.807060,60,30,98,0.006428,2.135698
3922,0.807047,60,30,98,0.006426,2.135815
3923,0.806993,60,30,98,0.006423,2.135943
3924,0.807020,60,30,98,0.006423,2.136030
3925,0.806998,60,30,98,0.006421,2.136154
3926,0.807011,60,30,98,0.006420,2.136249
3927,0.807004,60,30,98,0.006418,2.136361
3928,0.806951,60,30,98,0.006416,2.136487
3929,0.806990,60,30,98,0.006417,2.136573
3930,0.807016,60,30,98,0.006417,2.136659
3931,0.807056,60,30,98,0.006418,2.136745
3932,0.807104,60,30,98,0.006430,2.136797
3933,0.807143,60,30,98,0.006431,2.136882
3934,0.807160,60,30,98,0.006430,2.136976
3935,0.807208,60,30,98,0.006442,2.137027
3936,0.807255,60,30,98,0.006447,2.137103
3937,0.807303,60,30,98,0.006459,2.137153
3938,0.807335,60,30,98,0.006459,2.137238
3939,0.807371,60,30,98,0.006460,2.137322
3940,0.807384,60,30,98,0.006459,2.137416
3941,0.807370,60,30,98,0.006457,2.137533
3942,0.807412,60,30,98,0.006459,2.137614
3943,0.807446,60,30,98,0.006460,2.137700
3944,0.807464,60,30,98,0.006459,2.137793
3945,0.807502,60,30,98,0.006461,2.137877
3946,0.807530,60,30,98,0.006461,2.137963
3947,0.807545,60,30,98,0.006460,2.138056
3948,0.807588,60,30,98,0.006463,2.138134
3949,0.807598,60,30,98,0.006462,2.138231
3950,0.807621,60,30,97,0.006461,2.138321
3951,0.807597,60,30,98,0.006459,2.138445
3952,0.807637,60,30,98,0.006460,2.138530
3953,0.807661,60,30,97,0.006460,2.138617
3954,0.807687,60,30,97,0.006460,2.138703
3955,0.807698,60,30,97,0.006459,2.138798
3956,0.807718,60,30,97,0.006458,2.138890
3957,0.807740,60,30,97,0.006458,2.138981
3958,0.807777,60,30,97,0.006459,2.139063
3959,0.807758,60,30,97,0.006457,2.139184
3960,0.807740,60,30,97,0.006455,2.139303
3961,0.807676,60,30,98,0.006452,2.139433
3962,0.807716,60,30,97,0.006454,2.139517
3963,0.807746,60,30,97,0.006454,2.139601
3964,0.807777,60,30,97,0.006454,2.139685
3965,0.807809,60,30,97,0.006455,2.139769
3966,0.807851,60,30,97,0.006457,2.139849
3967,0.807885,60,30,97,0.006458,2.139934
3968,0.807926,60,30,97,0.006460,2.140016
3969,0.807864,60,30,97,0.006457,2.140145
3970,0.807864,60,30,97,0.006455,2.140247
3971,0.807875,60,30,97,0.006454,2.140341
3972,0.807923,60,30,97,0.006466,2.140391
3973,0.807914,60,30,97,0.006464,2.140505
3974,0.807953,60,30,97,0.006465,2.140588
3975,0.808000,60,30,97,0.006477,2.140637
3976,0.808047,60,30,97,0.006489,2.140687
3977,0.808080,60,30,97,0.006490,2.140771
3978,0.808053,60,30,97,0.006487,2.140896
3979,0.808092,60,30,97,0.006489,2.140979
3980,0.808060,60,30,97,0.006486,2.141105
3981,0.808095,60,30,97,0.006487,2.141188
3982,0.808116,60,30,97,0.006487,2.141277
3983,0.808158,60,30,97,0.006489,2.141353
3984,0.808184,60,30,97,0.006489,2.141438
3985,0.808166,60,30,97,0.006487,2.141556
3986,0.808151,60,30,97,0.006485,2.141670
3987,0.808171,60,30,97,0.006484,2.141761
3988,0.808140,60,30,97,0.006482,2.141886
3989,0.808162,60,30,97,0.006482,2.141974
3990,0.808184,60,30,97,0.006481,2.142062
3991,0.808229,60,30,97,0.006487,2.142137
3992,0.808252,60,30,97,0.006486,2.142224
3993,0.808099,60,30,97,0.006483,2.141983
3994,0.808122,60,30,97,0.006483,2.142068
3995,0.808109,60,30,97,0.006481,2.142182
3996,0.808145,60,30,97,0.006482,2.142265
3997,0.808141,60,30,97,0.006480,2.142375
3998,0.808156,60,30,97,0.006479,2.142467
3999,0.808151,60,30,97,0.006477,2.142577
4000,0.808182,60,30,97,0.006478,2.142660
4001,0.808222,60,30,97,0.006480,2.142740
4002,0.808207,60,30,97,0.006478,2.142854
4003,0.808239,60,30,97,0.006478,2.142937
4004,0.808257,60,30,97,0.006478,2.143029
4005,0.808112,60,30,97,0.006475,2.142904
4006,0.808106,60,30,97,0.006473,2.143014
4007,0.808097,60,30,97,0.006471,2.143126
4008,0.808132,60,30,97,0.006472,2.143207
4009,0.808168,60,30,97,0.006473,2.143291
4010,0.808188,60,30,97,0.006472,2.143379
4011,0.808165,60,30,97,0.006470,2.143500
4012,0.808180,60,30,97,0.006469,2.143592
4013,0.808227,60,30,97,0.006481,2.143641
4014,0.808263,60,30,97,0.006482,2.143723
4015,0.808303,60,30,97,0.006484,2.143806
4016,0.808347,60,30,97,0.006488,2.143882
4017,0.808346,60,30,97,0.006486,2.143988
4018,0.808359,60,30,97,0.006485,2.144080
4019,0.808340,60,30,97,0.006483,2.144196
4020,0.808286,60,30,97,0.006480,2.144321
4021,0.808302,60,30,97,0.006480,2.144412
4022,0.808319,60,30,97,0.006479,2.144504
4023,0.808223,60,30,97,0.006476,2.144600
4024,0.808263,60,30,97,0.006478,2.144683
4025,0.808298,60,30,97,0.006479,2.144764
4026,0.808304,60,30,97,0.006477,2.144866
4027,0.808289,60,30,97,0.006475,2.144979
4028,0.808307,60,30,97,0.006475,2.145070
4029,0.808343,60,30,97,0.006476,2.145151
4030,0.808355,60,30,97,0.006475,2.145243
4031,0.808398,60,30,97,0.006478,2.145316
4032,0.808430,60,30,97,0.006479,2.145399
4033,0.808405,60,30,97,0.006477,2.145521
4034,0.808401,60,30,97,0.006475,2.145629
4035,0.808435,60,30,97,0.006476,2.145710
4036,0.808462,60,30,97,0.006476,2.145794
4037,0.808308,60,30,97,0.006473,2.145517
4038,0.808285,60,30,97,0.006471,2.145637
4039,0.808275,60,30,97,0.006469,2.145748
4040,0.808273,60,30,98,0.006467,2.145854
4041,0.808302,60,30,98,0.006467,2.145937
4042,0.808348,60,30,97,0.006479,2.145985
4043,0.808358,60,30,97,0.006478,2.146079
4044,0.808390,60,30,97,0.006478,2.146161
4045,0.808420,60,30,97,0.006479,2.146242
4046,0.808466,60,30,97,0.006490,2.146290
4047,0.808507,60,30,97,0.006493,2.146368
4048,0.808454,60,30,97,0.006490,2.146493
4049,0.808499,60,30,97,0.006494,2.146570
4050,0.808458,60,30,97,0.006492,2.146691
4051,0.808483,60,30,97,0.006492,2.146775
4052,0.808506,60,30,97,0.006491,2.146859
4053,0.808492,60,30,97,0.006489,2.146970
4054,0.808538,60,30,97,0.006501,2.147018
4055,0.808453,60,30,97,0.006498,2.147129
4056,0.808475,60,30,97,0.006498,2.147215
4057,0.808499,60,30,97,0.006498,2.147298
4058,0.808545,60,30,97,0.006510,2.147346
4059,0.808588,60,30,97,0.006514,2.147418
4060,0.808604,60,30,97,0.006513,2.147509
4061,0.808643,60,30,97,0.006514,2.147590
4062,0.808657,60,30,97,0.006513,2.147680
4063,0.808607,60,30,97,0.006511,2.147803
4064,0.808649,60,30,97,0.006513,2.147881
4065,0.808640,60,30,97,0.006512,2.147991
4066,0.808675,60,30,97,0.006513,2.148071
4067,0.808669,60,30,97,0.006511,2.148178
4068,0.808708,60,30,97,0.006512,2.148260
4069,0.808747,60,30,97,0.006514,2.148339
4070,0.808778,60,30,97,0.006515,2.148421
4071,0.808817,59,30,97,0.006516,2.148501
4072,0.808799,60,30,97,0.006514,2.148615
4073,0.808843,59,30,97,0.006518,2.148689
4074,0.808848,60,30,97,0.006517,2.148790
4075,0.808838,60,30,97,0.006515,2.148899
4076,0.808821,60,30,97,0.006513,2.149011
4077,0.808826,60,30,97,0.006511,2.149111
4078,0.808701,60,30,97,0.006509,2.149113
4079,0.808744,60,30,97,0.006512,2.149185
4080,0.808663,60,30,97,0.006510,2.149297
4081,0.808625,60,30,97,0.006507,2.149418
4082,0.808639,60,30,97,0.006506,2.149507
4083,0.808672,60,30,97,0.006507,2.149590
4084,0.808657,60,30,97,0.006505,2.149700
4085,0.808594,60,30,98,0.006502,2.149828
4086,0.808638,60,30,97,0.006507,2.149905
4087,0.808679,60,30,97,0.006509,2.149980
4088,0.808719,60,30,97,0.006511,2.150059
4089,0.808706,60,30,97,0.006509,2.150168
4090,0.808733,60,30,97,0.006509,2.150251
4091,0.808678,60,30,97,0.006507,2.150374
4092,0.808715,60,30,97,0.006508,2.150455
4093,0.808760,60,30,97,0.006520,2.150502
4094,0.808773,60,30,97,0.006519,2.150591
4095,0.808760,60,30,97,0.006517,2.150700
4096,0.808738,60,30,98,0.006515,2.150817
4097,0.808748,60,30,97,0.006514,2.150909
4098,0.808718,60,30,98,0.006511,2.151033
4099,0.808735,60,30,98,0.006511,2.151123
4100,0.808778,60,30,97,0.006515,2.151194
4101,0.808748,60,30,98,0.006512,2.151316
4102,0.808786,60,30,98,0.006514,2.151395
4103,0.808760,60,30,98,0.006512,2.151515
4104,0.808695,60,30,98,0.006509,2.151641
4105,0.808728,60,30,98,0.006510,2.151722
4106,0.808759,60,30,98,0.006510,2.151803
4107,0.808786,60,30,98,0.006510,2.151884
4108,0.808774,60,30,98,0.006508,2.151992
4109,0.808666,60,30,98,0.006506,2.152061
4110,0.808703,60,30,98,0.006507,2.152142
4111,0.808742,60,30,98,0.006509,2.152219
4112,0.808735,60,30,98,0.006507,2.152325
4113,0.808764,60,30,98,0.006507,2.152407
4114,0.808798,60,30,98,0.006508,2.152487
4115,0.808838,60,30,98,0.006510,2.152563
4116,0.808849,60,30,98,0.006509,2.152654
4117,0.808848,60,30,98,0.006508,2.152755
4118,0.808878,60,30,97,0.006508,2.152835
4119,0.808916,60,30,97,0.006510,2.152913
4120,0.808956,60,30,97,0.006512,2.152987
4121,0.809000,60,30,97,0.006516,2.153060
4122,0.809044,60,30,97,0.006521,2.153133
4123,0.809062,60,30,97,0.006520,2.153222
4124,0.809031,60,30,97,0.006518,2.153344
4125,0.809047,60,30,97,0.006517,2.153432
4126,0.809054,60,30,97,0.006516,2.153530
4127,0.809098,60,30,97,0.006520,2.153606
4128,0.809035,60,30,97,0.006518,2.153731
4129,0.808932,60,30,97,0.006515,2.153812
4130,0.808941,60,30,97,0.006514,2.153904
4131,0.808894,60,30,97,0.006511,2.154025
4132,0.808888,60,30,98,0.006510,2.154131
4133,0.808917,60,30,97,0.006510,2.154209
4134,0.808867,60,30,98,0.006507,2.154330
4135,0.808848,60,30,98,0.006505,2.154444
4136,0.808696,60,30,98,0.006503,2.154157
4137,0.808676,60,30,98,0.006500,2.154272
4138,0.808641,60,30,98,0.006498,2.154392
4139,0.808684,60,30,98,0.006502,2.154464
4140,0.808699,60,30,98,0.006501,2.154552
4141,0.808678,60,30,98,0.006499,2.154666
4142,0.808679,60,30,98,0.006498,2.154766
4143,0.808720,60,30,98,0.006500,2.154843
4144,0.808745,60,30,98,0.006500,2.154926
4145,0.808720,60,30,98,0.006498,2.155043
4146,0.808763,60,30,98,0.006502,2.155112
4147,0.808785,60,30,98,0.006502,2.155196
4148,0.808759,60,30,98,0.006500,2.155313
4149,0.808802,60,30,98,0.006504,2.155385
4150,0.808839,60,30,98,0.006505,2.155465
4151,0.808800,60,30,98,0.006503,2.155584
4152,0.808806,60,30,98,0.006501,2.155682
4153,0.808849,60,30,98,0.006505,2.155750
4154,0.808829,60,30,98,0.006503,2.155861
4155,0.808724,60,30,98,0.006500,2.155933
4156,0.808765,60,30,98,0.006504,2.156005
4157,0.808797,60,30,98,0.006504,2.156087
4158,0.808801,60,30,98,0.006503,2.156187
4159,0.808840,60,30,98,0.006505,2.156266
4160,0.808860,60,30,98,0.006504,2.156351
4161,0.808899,60,30,98,0.006506,2.156428
4162,0.808930,60,30,98,0.006506,2.156509
4163,0.808926,60,30,98,0.006505,2.156614
4164,0.808965,60,30,98,0.006507,2.156689
4165,0.808971,60,30,98,0.006505,2.156786
4166,0.809004,60,30,98,0.006506,2.156865
4167,0.809028,60,30,98,0.006506,2.156948
4168,0.809047,60,30,97,0.006505,2.157035
4169,0.809055,60,30,97,0.006504,2.157130
4170,0.809076,60,30,97,0.006504,2.157214
4171,0.809106,60,30,97,0.006504,2.157294
4172,0.809147,60,30,97,0.006507,2.157371
4173,0.809118,60,30,97,0.006505,2.157490
4174,0.809097,60,30,97,0.006503,2.157601
4175,0.809076,60,30,98,0.006500,2.157711
4176,0.809098,60,30,98,0.006500,2.157792
4177,0.808974,60,30,98,0.006497,2.157783
4178,0.809013,60,30,98,0.006500,2.157858
4179,0.809053,60,30,98,0.006502,2.157932
4180,0.809008,60,30,98,0.006500,2.158051
4181,0.809021,60,30,98,0.006499,2.158138
4182,0.809058,60,30,98,0.006500,2.158219
4183,0.809034,60,30,98,0.006498,2.158332
4184,0.809008,60,30,98,0.006496,2.158446
4185,0.809045,60,30,98,0.006497,2.158526
4186,0.809048,60,30,98,0.006495,2.158626
4187,0.809073,60,30,98,0.006495,2.158709
4188,0.808962,60,30,98,0.006493,2.158761
4189,0.808982,60,30,98,0.006492,2.158846
4190,0.808878,60,30,98,0.006489,2.158919
4191,0.808884,60,30,98,0.006488,2.159015
4192,0.808861,60,30,98,0.006486,2.159126
4193,0.808889,60,30,98,0.006486,2.159206
4194,0.808900,60,30,98,0.006485,2.159295
4195,0.808868,60,30,98,0.006483,2.159415
4196,0.808892,60,30,98,0.006483,2.159496
4197,0.808928,60,30,98,0.006484,2.159576
4198,0.808963,60,30,98,0.006485,2.159654
4199,0.808946,60,30,98,0.006483,2.159762
4200,0.808986,60,30,98,0.006486,2.159834
4201,0.809029,60,30,98,0.006491,2.159906
4202,0.809072,60,30,98,0.006495,2.159981
4203,0.809082,60,30,97,0.006494,2.160070
4204,0.809112,60,30,97,0.006494,2.160149
4205,0.809152,60,30,97,0.006497,2.160224
4206,0.809176,60,30,97,0.006497,2.160305
4207,0.809098,60,30,97,0.006494,2.160418
4208,0.809110,60,30,97,0.006493,2.160506
4209,0.809145,60,30,97,0.006494,2.160585
4210,0.809184,60,30,97,0.006496,2.160659
4211,0.809169,60,30,97,0.006494,2.160766
4212,0.809084,60,30,97,0.006492,2.160871
4213,0.809127,60,30,97,0.006496,2.160944
4214,0.809114,60,30,98,0.006494,2.161050
4215,0.809158,60,30,97,0.006499,2.161122
4216,0.809188,60,30,97,0.006499,2.161201
4217,0.809227,60,30,97,0.006502,2.161273
4218,0.809248,60,30,97,0.006501,2.161356
4219,0.809247,60,30,97,0.006500,2.161456
4220,0.809245,60,30,97,0.006498,2.161556
4221,0.809253,60,30,97,0.006497,2.161650
4222,0.809296,60,30,97,0.006502,2.161720
4223,0.809339,60,30,97,0.006506,2.161790
4224,0.809366,60,30,97,0.006506,2.161871
4225,0.809385,60,30,97,0.006506,2.161955
4226,0.809414,60,30,97,0.006506,2.162033
4227,0.809308,60,30,97,0.006503,2.162098
4228,0.809341,60,30,97,0.006504,2.162177
4229,0.809370,60,30,97,0.006505,2.162254
4230,0.809373,60,30,97,0.006503,2.162352
4231,0.809412,60,30,97,0.006506,2.162425
4232,0.809455,60,30,97,0.006510,2.162497
4233,0.809395,60,30,97,0.006507,2.162621
4234,0.809389,60,30,97,0.006506,2.162725
4235,0.809419,60,30,97,0.006506,2.162804
4236,0.809396,60,30,97,0.006504,2.162913
4237,0.809285,60,30,97,0.006501,2.162955
4238,0.809310,60,30,97,0.006501,2.163037
4239,0.809323,60,30,97,0.006500,2.163124
4240,0.809175,60,30,97,0.006497,2.162844
4241,0.809198,60,30,97,0.006497,2.162924
4242,0.809114,60,30,97,0.006495,2.163029
4243,0.809055,60,30,97,0.006492,2.163151
4244,0.808993,60,30,98,0.006490,2.163273
4245,0.809021,60,30,98,0.006490,2.163351
4246,0.809028,60,30,97,0.006489,2.163444
4247,0.809041,60,30,97,0.006488,2.163530
4248,0.809077,60,30,97,0.006489,2.163609
4249,0.809034,60,30,97,0.006487,2.163726
4250,0.809004,60,30,98,0.006485,2.163844
4251,0.809025,60,30,98,0.006484,2.163925
4252,0.809059,60,30,97,0.006485,2.164003
4253,0.808951,60,30,98,0.006482,2.164059
4254,0.808992,60,30,98,0.006485,2.164134
4255,0.809029,60,30,97,0.006487,2.164211
4256,0.809028,60,30,98,0.006485,2.164310
4257,0.809068,60,30,97,0.006488,2.164381
4258,0.809094,60,30,97,0.006488,2.164462
4259,0.809111,60,30,97,0.006487,2.164550
4260,0.809151,60,30,97,0.006490,2.164625
4261,0.809153,60,30,97,0.006489,2.164722
4262,0.809137,60,30,97,0.006487,2.164829
4263,0.809157,60,30,97,0.006486,2.164911
4264,0.809126,60,30,97,0.006484,2.165028
4265,0.809169,60,30,97,0.006489,2.165097
4266,0.809189,60,30,97,0.006489,2.165179
4267,0.809196,60,30,97,0.006488,2.165271
4268,0.809152,60,30,97,0.006485,2.165387
4269,0.809176,60,30,97,0.006485,2.165468
4270,0.809219,60,30,97,0.006490,2.165537
4271,0.809250,60,30,97,0.006491,2.165615
4272,0.809238,60,30,97,0.006489,2.165721
4273,0.809248,60,30,97,0.006488,2.165810
4274,0.809277,60,30,97,0.006488,2.165886
4275,0.809308,60,30,97,0.006489,2.165964
4276,0.809348,60,30,97,0.006492,2.166038
4277,0.809283,60,30,97,0.006489,2.166158
4278,0.809323,60,30,97,0.006492,2.166230
4279,0.809355,60,30,97,0.006492,2.166309
4280,0.809382,59,30,97,0.006493,2.166386
4281,0.809387,60,30,97,0.006491,2.166482
4282,0.809368,60,30,97,0.006489,2.166588
4283,0.809385,60,30,97,0.006489,2.166675
4284,0.809422,60,30,97,0.006490,2.166751
4285,0.809452,59,30,97,0.006491,2.166829
4286,0.809587,60,30,97,0.006488,2.166719
4287,0.809580,60,30,97,0.006487,2.166823
4288,0.809606,60,30,97,0.006487,2.166903
4289,0.809592,60,30,97,0.006485,2.167008
4290,0.809613,60,30,97,0.006485,2.167089
4291,0.809568,60,30,97,0.006482,2.167205
4292,0.809516,60,30,97,0.006480,2.167324
4293,0.809560,60,30,97,0.006490,2.167371
4294,0.809550,60,30,97,0.006489,2.167476
4295,0.809580,60,30,97,0.006489,2.167553
4296,0.809582,60,30,97,0.006488,2.167649
4297,0.809620,60,30,97,0.006489,2.167724
4298,0.809659,60,30,97,0.006492,2.167795
4299,0.809633,60,30,97,0.006490,2.167906
4300,0.809673,60,30,97,0.006493,2.167980
4301,0.809714,59,30,97,0.006497,2.168048
4302,0.809755,59,30,97,0.006500,2.168115
4303,0.809797,59,30,97,0.006505,2.168186
4304,0.809697,59,30,97,0.006502,2.168260
4305,0.809722,59,30,97,0.006502,2.168339
4306,0.809662,59,30,97,0.006499,2.168459
4307,0.809673,59,30,97,0.006499,2.168545
4308,0.809703,59,30,97,0.006499,2.168622
4309,0.809719,59,30,97,0.006498,2.168708
4310,0.809755,59,30,97,0.006500,2.168786
4311,0.809691,59,30,97,0.006497,2.168905
4312,0.809733,59,30,97,0.006502,2.168972
4313,0.809741,59,30,97,0.006501,2.169062
4314,0.809590,59,30,97,0.006498,2.168663
4315,0.809563,60,30,97,0.006496,2.168777
4316,0.809599,59,30,97,0.006498,2.168852
4317,0.809642,59,30,97,0.006508,2.168899
4318,0.809660,59,30,97,0.006508,2.168984
4319,0.809625,59,30,97,0.006505,2.169101
4320,0.809614,59,30,97,0.006504,2.169205
4321,0.809510,60,30,97,0.006501,2.169269
4322,0.809536,59,30,97,0.006501,2.169348
4323,0.809556,59,30,97,0.006501,2.169427
4324,0.809579,59,30,97,0.006500,2.169507
4325,0.809598,59,30,97,0.006500,2.169588
4326,0.809629,59,30,97,0.006501,2.169664
4327,0.809663,59,30,97,0.006502,2.169742
4328,0.809637,59,30,97,0.006500,2.169854
4329,0.809669,59,30,97,0.006500,2.169931
4330,0.809642,59,30,97,0.006498,2.170042
4331,0.809559,59,30,97,0.006496,2.170146
4332,0.809581,59,30,97,0.006495,2.170225
4333,0.809602,59,30,97,0.006495,2.170303
4334,0.809635,59,30,97,0.006496,2.170380
4335,0.809639,59,30,97,0.006495,2.170474
4336,0.809527,59,30,97,0.006492,2.170503
4337,0.809554,59,30,97,0.006492,2.170579
4338,0.809549,59,30,97,0.006490,2.170682
4339,0.809515,59,30,97,0.006488,2.170799
4340,0.809556,59,30,97,0.006492,2.170865
4341,0.809597,59,30,97,0.006496,2.170935
4342,0.809524,59,30,97,0.006494,2.171046
4343,0.809558,59,30,97,0.006495,2.171123
4344,0.809551,59,30,97,0.006493,2.171226
4345,0.809406,59,30,97,0.006490,2.170959
4346,0.809412,59,30,97,0.006489,2.171052
4347,0.809443,59,30,97,0.006490,2.171128
4348,0.809473,59,30,97,0.006490,2.171203
4349,0.809462,59,30,97,0.006488,2.171307
4350,0.809481,59,30,97,0.006488,2.171389
4351,0.809508,59,30,97,0.006488,2.171464
4352,0.809549,59,30,97,0.006492,2.171530
4353,0.809578,59,30,97,0.006493,2.171607
4354,0.809619,59,30,97,0.006497,2.171674
4355,0.809658,59,30,97,0.006499,2.171747
4356,0.809659,59,30,97,0.006498,2.171843
4357,0.809696,59,30,97,0.006500,2.171916
4358,0.809712,59,30,97,0.006499,2.172002
4359,0.809750,59,30,97,0.006501,2.172073
4360,0.809792,59,30,97,0.006512,2.172119
4361,0.809714,59,30,97,0.006509,2.172225
4362,0.809736,59,30,97,0.006509,2.172304
4363,0.809759,59,30,97,0.006509,2.172382
4364,0.809773,59,30,97,0.006508,2.172468
4365,0.809813,59,30,97,0.006511,2.172538
4366,0.809813,59,30,97,0.006510,2.172634
4367,0.809810,59,30,97,0.006508,2.172735
4368,0.809845,59,30,97,0.006509,2.172812
4369,0.809738,59,30,97,0.006506,2.172860
4370,0.809742,59,30,97,0.006505,2.172953
4371,0.809641,59,30,97,0.006502,2.173016
4372,0.809632,59,30,97,0.006501,2.173118
4373,0.809579,59,30,97,0.006498,2.173237
4374,0.809596,59,30,97,0.006498,2.173321
4375,0.809633,59,30,97,0.006500,2.173393
4376,0.809590,59,30,97,0.006497,2.173508
4377,0.809587,59,30,97,0.006496,2.173608
4378,0.809508,59,30,97,0.006493,2.173713
4379,0.809482,59,30,97,0.006491,2.173822
4380,0.809518,59,30,97,0.006493,2.173898
4381,0.809548,59,30,97,0.006493,2.173973
4382,0.809588,59,30,97,0.006496,2.174045
4383,0.809567,59,30,97,0.006494,2.174151
4384,0.809610,59,30,97,0.006504,2.174196
4385,0.809516,59,30,97,0.006502,2.174275
4386,0.809552,59,30,97,0.006503,2.174349
4387,0.809590,59,30,97,0.006506,2.174420
4388,0.809528,59,30,97,0.006503,2.174538
4389,0.809529,59,30,97,0.006502,2.174633
4390,0.809446,59,30,97,0.006499,2.174731
4391,0.809447,59,30,97,0.006498,2.174826
4392,0.809488,59,30,97,0.006502,2.174895
4393,0.809507,59,30,97,0.006502,2.174973
4394,0.809542,59,30,97,0.006503,2.175047
4395,0.809547,59,30,97,0.006502,2.175139
4396,0.809587,59,30,97,0.006506,2.175203
4397,0.809536,59,30,97,0.006503,2.175321
4398,0.809558,59,30,97,0.006503,2.175398
4399,0.809586,59,30,97,0.006503,2.175473
4400,0.809621,59,30,97,0.006505,2.175548
4401,0.809591,59,30,97,0.006503,2.175662
4402,0.809633,59,30,97,0.006513,2.175708
4403,0.809667,59,30,97,0.006514,2.175783
4404,0.809686,59,30,97,0.006514,2.175863
4405,0.809714,59,30,97,0.006514,2.175938
4406,0.809687,59,30,97,0.006512,2.176047
4407,0.809715,59,30,97,0.006512,2.176121
4408,0.809714,59,30,97,0.006511,2.176215
4409,0.809717,59,30,97,0.006510,2.176308
4410,0.809683,59,30,97,0.006508,2.176423
4411,0.809715,59,30,97,0.006508,2.176500
4412,0.809746,59,30,97,0.006509,2.176575
4413,0.809786,59,30,97,0.006513,2.176642
4414,0.809827,59,30,97,0.006517,2.176707
4415,0.809808,59,30,97,0.006515,2.176812
4416,0.809845,59,30,97,0.006517,2.176882
4417,0.809878,59,30,97,0.006518,2.176959
4418,0.809910,59,30,97,0.006519,2.177035
4419,0.809924,59,30,97,0.006518,2.177120
4420,0.809950,59,30,97,0.006518,2.177195
4421,0.809984,59,30,97,0.006519,2.177269
4422,0.809922,59,30,97,0.006517,2.177385
4423,0.809863,59,30,97,0.006514,2.177501
4424,0.809900,59,30,97,0.006516,2.177572
4425,0.809929,59,30,97,0.006517,2.177645
4426,0.809936,59,30,97,0.006516,2.177734
4427,0.809961,59,30,97,0.006516,2.177813
4428,0.810000,59,30,97,0.006519,2.177881
4429,0.810009,59,30,97,0.006518,2.177969
4430,0.810033,59,30,97,0.006518,2.178047
4431,0.810061,59,30,97,0.006518,2.178120
4432,0.810009,59,30,97,0.006516,2.178236
4433,0.810043,59,30,97,0.006517,2.178309
4434,0.810045,59,30,97,0.006516,2.178402
4435,0.810062,59,30,97,0.006515,2.178483
4436,0.809997,59,30,97,0.006513,2.178598
4437,0.810031,59,30,97,0.006514,2.178670
4438,0.809946,59,30,97,0.006511,2.178763
4439,0.809941,59,30,97,0.006510,2.178864
4440,0.809969,59,30,97,0.006510,2.178936
4441,0.809948,59,30,97,0.006508,2.179041
4442,0.809978,59,30,97,0.006509,2.179116
4443,0.809993,59,30,97,0.006508,2.179200
4444,0.810009,59,30,97,0.006507,2.179284
4445,0.810028,59,30,97,0.006507,2.179362
4446,0.810070,59,30,97,0.006517,2.179407
4447,0.809967,59,30,97,0.006515,2.179463
4448,0.809934,59,30,97,0.006513,2.179577
4449,0.809825,59,30,97,0.006510,2.179609
4450,0.809782,59,30,97,0.006508,2.179723
4451,0.809820,59,30,97,0.006510,2.179793
4452,0.809858,59,30,97,0.006512,2.179863
4453,0.809895,59,30,97,0.006515,2.179931
4454,0.809893,59,30,97,0.006513,2.180027
4455,0.809935,59,30,97,0.006524,2.180072
4456,0.809922,59,30,97,0.006522,2.180175
4457,0.809953,59,30,97,0.006523,2.180250
4458,0.809939,59,30,97,0.006521,2.180352
4459,0.809957,59,30,97,0.006520,2.180431
4460,0.809986,59,30,97,0.006521,2.180505
4461,0.810019,59,30,97,0.006522,2.180581
4462,0.810057,59,30,97,0.006524,2.180650
4463,0.810084,59,30,97,0.006525,2.180723
4464,0.810114,59,30,97,0.006525,2.180797
4465,0.810076,59,30,97,0.006523,2.180910
4466,0.810081,59,30,97,0.006522,2.181000
4467,0.810118,59,30,97,0.006524,2.181070
4468,0.810114,59,30,97,0.006522,2.181169
4469,0.810143,59,30,97,0.006523,2.181242
4470,0.809870,59,30,97,0.006510,2.180592
4471,0.809912,59,30,97,0.006521,2.180636
4472,0.809907,59,30,97,0.006519,2.180736
4473,0.809943,59,30,97,0.006521,2.180805
4474,0.809979,59,30,97,0.006523,2.180873
4475,0.809997,59,30,97,0.006523,2.180950
4476,0.809962,59,30,97,0.006520,2.181063
4477,0.809855,59,30,97,0.006518,2.181102
4478,0.809876,59,30,97,0.006518,2.181179
4479,0.809888,59,30,97,0.006517,2.181264
4480,0.809750,59,30,97,0.006514,2.181059
4481,0.809792,59,30,97,0.006524,2.181103
4482,0.809820,59,30,97,0.006525,2.181176
4483,0.809804,59,30,97,0.006523,2.181278
4484,0.809827,59,30,97,0.006523,2.181357
4485,0.809809,59,30,97,0.006521,2.181460
4486,0.809773,59,30,97,0.006519,2.181572
4487,0.809811,59,30,97,0.006521,2.181642
4488,0.809821,59,30,97,0.006520,2.181728
4489,0.809856,59,30,97,0.006522,2.181801
4490,0.809839,59,30,97,0.006520,2.181902
4491,0.809876,59,30,97,0.006522,2.181970
4492,0.809908,59,30,97,0.006523,2.182045
4493,0.809935,59,30,97,0.006523,2.182117
4494,0.809976,59,30,97,0.006534,2.182160
4495,0.810018,59,30,97,0.006544,2.182204
4496,0.809966,59,30,97,0.006542,2.182319
4497,0.810005,59,30,97,0.006545,2.182387
4498,0.810034,59,30,97,0.006546,2.182459
4499,0.810040,59,30,97,0.006544,2.182547
4500,0.810078,59,30,97,0.006547,2.182616
4501,0.810078,59,30,97,0.006546,2.182709
4502,0.810101,59,30,97,0.006546,2.182787
4503,0.810048,59,30,97,0.006543,2.182901
4504,0.809894,59,30,97,0.006540,2.182209
4505,0.809823,59,30,97,0.006538,2.182316
4506,0.809760,59,30,97,0.006536,2.182428
4507,0.809790,59,30,97,0.006536,2.182500
4508,0.809777,59,30,97,0.006534,2.182601
4509,0.809817,59,30,97,0.006539,2.182667
4510,0.809851,59,30,97,0.006540,2.182739
4511,0.809887,59,30,97,0.006542,2.182806
4512,0.809924,59,30,97,0.006545,2.182873
4513,0.809962,59,30,97,0.006547,2.182942
4514,0.809993,59,30,97,0.006548,2.183016
4515,0.810009,59,30,97,0.006547,2.183099
4516,0.810045,59,30,97,0.006550,2.183166
4517,0.810023,59,30,97,0.006548,2.183271
4518,0.810046,59,30,97,0.006547,2.183348
4519,0.809974,59,30,97,0.006545,2.183453
4520,0.809959,59,30,97,0.006543,2.183553
4521,0.809984,59,30,97,0.006543,2.183630
4522,0.809965,59,30,97,0.006541,2.183732
4523,0.809958,59,30,97,0.006540,2.183832
4524,0.809964,59,30,97,0.006538,2.183919
4525,0.809998,59,30,97,0.006540,2.183993
4526,0.810034,59,30,97,0.006542,2.184059
4527,0.810070,59,30,97,0.006543,2.184133
4528,0.810097,59,30,97,0.006544,2.184204
4529,0.810110,59,30,97,0.006543,2.184288
4530,0.810146,59,30,97,0.006545,2.184354
4531,0.810186,59,30,97,0.006549,2.184422
4532,0.810218,59,30,97,0.006550,2.184496
4533,0.810243,59,30,97,0.006550,2.184572
4534,0.810176,59,30,97,0.006548,2.184681
4535,0.810197,59,30,97,0.006547,2.184758
4536,0.810236,59,30,97,0.006551,2.184822
4537,0.810263,59,30,97,0.006551,2.184892
4538,0.810184,59,30,97,0.006549,2.184989
4539,0.810222,59,30,97,0.006552,2.185055
4540,0.810200,59,30,97,0.006550,2.185159
4541,0.810232,59,30,97,0.006551,2.185232
4542,0.810258,59,30,97,0.006551,2.185306
4543,0.810289,59,30,97,0.006552,2.185380
4544,0.810270,59,30,97,0.006550,2.185481
4545,0.810261,59,30,97,0.006548,2.185581
4546,0.810294,59,30,97,0.006550,2.185652
4547,0.810315,59,30,97,0.006549,2.185728
4548,0.810252,59,30,97,0.006547,2.185837
4549,0.810202,59,30,97,0.006545,2.185951
4550,0.810214,59,30,97,0.006544,2.186035
4551,0.810199,59,30,97,0.006542,2.186134
4552,0.810052,59,30,97,0.006539,2.185656
4553,0.810087,59,30,97,0.006541,2.185728
4554,0.810101,59,30,97,0.006540,2.185812
4555,0.810115,59,30,97,0.006539,2.185894
4556,0.810087,59,30,97,0.006537,2.186005
4557,0.810058,59,30,97,0.006535,2.186115
4558,0.810087,59,30,97,0.006536,2.186186
4559,0.810100,59,30,97,0.006535,2.186268
4560,0.810083,59,30,97,0.006533,2.186367
4561,0.810117,59,30,97,0.006534,2.186439
4562,0.810083,59,30,97,0.006532,2.186551
4563,0.810102,59,30,97,0.006532,2.186627
4564,0.810088,59,30,97,0.006530,2.186726
4565,0.810121,59,30,97,0.006531,2.186798
4566,0.810133,59,30,97,0.006530,2.186881
4567,0.810144,59,30,97,0.006530,2.186963
4568,0.810183,59,30,97,0.006533,2.187027
4569,0.810218,59,30,97,0.006535,2.187092
4570,0.810252,59,30,97,0.006537,2.187163
4571,0.810241,59,30,97,0.006535,2.187263
4572,0.810188,59,30,97,0.006532,2.187375
4573,0.810222,59,30,97,0.006534,2.187446
4574,0.810242,59,30,97,0.006534,2.187521
4575,0.810232,59,30,97,0.006532,2.187620
4576,0.810269,59,30,97,0.006534,2.187687
4577,0.810297,59,30,97,0.006535,2.187757
4578,0.810294,59,30,97,0.006533,2.187852
4579,0.810229,59,30,97,0.006531,2.187960
4580,0.810209,59,30,97,0.006529,2.188061
4581,0.810202,59,30,97,0.006527,2.188159
4582,0.810241,59,30,97,0.006531,2.188222
4583,0.810280,59,30,97,0.006535,2.188289
4584,0.810293,59,30,97,0.006534,2.188370
4585,0.810327,59,30,97,0.006536,2.188440
4586,0.810340,59,30,97,0.006535,2.188521
4587,0.810348,59,30,97,0.006534,2.188608
4588,0.810248,59,30,97,0.006531,2.188661
4589,0.810284,59,30,97,0.006533,2.188728
4590,0.810271,59,30,97,0.006532,2.188826
4591,0.810305,59,30,97,0.006533,2.188897
4592,0.810289,59,30,97,0.006531,2.188994
4593,0.810290,59,30,97,0.006530,2.189085
4594,0.810266,59,30,97,0.006528,2.189190
4595,0.810290,59,30,97,0.006528,2.189265
4596,0.810298,59,30,97,0.006527,2.189351
4597,0.810300,59,30,97,0.006525,2.189442
4598,0.810318,59,30,97,0.006525,2.189518
4599,0.810313,59,30,97,0.006524,2.189615
4600,0.810294,59,30,97,0.006522,2.189713
4601,0.810323,59,30,97,0.006522,2.189785
4602,0.810352,59,30,97,0.006523,2.189857
4603,0.810366,59,30,97,0.006522,2.189937
4604,0.810276,59,30,97,0.006520,2.190013
4605,0.810299,59,30,97,0.006519,2.190089
4606,0.810336,59,30,97,0.006522,2.190157
4607,0.810361,59,30,97,0.006522,2.190231
4608,0.810361,59,30,97,0.006521,2.190321
4609,0.810384,59,30,97,0.006521,2.190396
4610,0.810356,59,30,97,0.006519,2.190505
4611,0.810363,59,30,97,0.006518,2.190591
4612,0.810370,59,30,97,0.006516,2.190676
4613,0.810377,59,30,97,0.006515,2.190760
4614,0.810403,59,30,97,0.006516,2.190833
4615,0.810425,59,30,97,0.006516,2.190907
4616,0.810459,59,30,97,0.006517,2.190977
4617,0.810394,59,30,97,0.006515,2.191084
4618,0.810416,59,30,97,0.006514,2.191160
4619,0.810455,59,30,97,0.006518,2.191226
4620,0.810466,59,30,97,0.006517,2.191308
4621,0.810501,59,30,97,0.006520,2.191373
4622,0.810518,59,30,97,0.006519,2.191451
4623,0.810531,59,30,97,0.006518,2.191530
4624,0.810571,59,30,97,0.006528,2.191573
4625,0.810508,59,30,97,0.006526,2.191680
4626,0.810507,59,30,97,0.006525,2.191771
4627,0.810457,59,30,97,0.006522,2.191883
4628,0.810453,59,30,97,0.006521,2.191980
4629,0.810487,59,30,97,0.006522,2.192050
4630,0.810526,59,30,97,0.006526,2.192115
4631,0.810562,59,30,97,0.006529,2.192182
4632,0.810592,59,30,97,0.006529,2.192255
4633,0.810513,59,30,97,0.006527,2.192348
4634,0.810534,59,30,97,0.006527,2.192424
4635,0.810563,59,30,97,0.006527,2.192494
4636,0.810572,59,30,97,0.006526,2.192579
4637,0.810597,59,30,97,0.006526,2.192651
4638,0.810581,59,30,97,0.006525,2.192747
4639,0.810603,59,30,97,0.006524,2.192821
4640,0.810635,59,30,97,0.006525,2.192894
4641,0.810666,59,30,97,0.006526,2.192965
4642,0.810698,59,30,97,0.006527,2.193036
4643,0.810725,59,30,97,0.006528,2.193106
4644,0.810715,59,30,97,0.006526,2.193204
4645,0.810738,59,30,97,0.006526,2.193277
4646,0.810769,59,30,97,0.006527,2.193350
4647,0.810780,59,30,97,0.006526,2.193429
4648,0.810758,59,30,97,0.006524,2.193531
4649,0.810765,59,30,97,0.006523,2.193614
4650,0.810721,59,30,97,0.006521,2.193726
4651,0.810759,59,30,97,0.006525,2.193790
4652,0.810783,59,30,97,0.006525,2.193863
4653,0.810748,59,30,97,0.006523,2.193973
4654,0.810644,59,30,97,0.006520,2.194008
4655,0.810667,59,30,97,0.006520,2.194081
4656,0.810702,59,30,97,0.006522,2.194151
4657,0.810706,59,30,97,0.006520,2.194241
4658,0.810738,59,30,97,0.006522,2.194310
4659,0.810763,59,30,97,0.006522,2.194381
4660,0.810782,59,30,97,0.006522,2.194455
4661,0.810729,59,30,97,0.006519,2.194565
4662,0.810756,59,30,97,0.006520,2.194633
4663,0.810766,59,30,97,0.006519,2.194716
4664,0.810759,59,30,97,0.006517,2.194813
4665,0.810790,59,30,97,0.006518,2.194882
4666,0.810803,59,30,97,0.006517,2.194962
4667,0.810840,59,30,97,0.006520,2.195029
4668,0.810836,59,30,97,0.006519,2.195124
4669,0.810872,59,30,97,0.006521,2.195190
4670,0.810893,59,30,97,0.006521,2.195264
4671,0.810908,59,30,97,0.006520,2.195345
4672,0.810933,59,30,97,0.006520,2.195416
4673,0.810924,59,30,97,0.006519,2.195513
4674,0.810843,59,30,97,0.006516,2.195602
4675,0.810858,59,30,97,0.006516,2.195683
4676,0.810892,59,30,97,0.006517,2.195752
4677,0.810906,59,30,97,0.006516,2.195831
4678,0.810942,59,30,97,0.006519,2.195897
4679,0.810963,59,30,97,0.006519,2.195972
4680,0.811000,59,30,97,0.006521,2.196037
4681,0.811031,59,30,97,0.006522,2.196106
4682,0.811002,59,30,97,0.006520,2.196214
4683,0.810991,59,30,97,0.006519,2.196311
4684,0.810937,59,30,97,0.006516,2.196420
4685,0.810976,59,30,97,0.006526,2.196462
4686,0.811000,59,30,97,0.006526,2.196535
4687,0.811010,59,30,97,0.006525,2.196616
4688,0.811020,59,30,97,0.006525,2.196696
4689,0.811041,59,30,97,0.006524,2.196769
4690,0.811076,59,30,97,0.006526,2.196833
4691,0.810939,59,30,97,0.006524,2.196547
4692,0.810952,59,30,97,0.006523,2.196626
4693,0.810987,59,30,97,0.006525,2.196689
4694,0.810908,59,30,97,0.006523,2.196780
4695,0.810941,59,30,97,0.006524,2.196848
4696,0.810961,59,30,97,0.006524,2.196922
4697,0.810964,59,30,97,0.006523,2.197012
4698,0.811000,59,30,97,0.006525,2.197076
4699,0.811024,59,30,97,0.006525,2.197147
4700,0.811056,59,30,97,0.006526,2.197216
4701,0.810980,59,30,97,0.006524,2.197310
4702,0.811012,59,30,97,0.006525,2.197378
4703,0.811046,59,30,97,0.006527,2.197446
4704,0.811075,59,30,97,0.006528,2.197518
4705,0.811100,59,30,97,0.006528,2.197587
4706,0.811126,59,30,97,0.006528,2.197657
4707,0.811141,59,30,97,0.006528,2.197736
4708,0.811012,59,30,97,0.006525,2.197579
4709,0.810961,59,30,97,0.006523,2.197689
4710,0.810929,59,30,97,0.006521,2.197798
4711,0.810932,59,30,97,0.006519,2.197887
4712,0.810972,59,30,97,0.006529,2.197929
4713,0.811003,59,30,97,0.006530,2.197997
4714,0.811037,59,30,97,0.006532,2.198065
4715,0.811065,59,30,97,0.006533,2.198135
4716,0.811070,59,30,97,0.006531,2.198222
4717,0.811107,59,30,97,0.006534,2.198287
4718,0.811136,59,30,97,0.006535,2.198358
4719,0.811162,59,30,97,0.006535,2.198427
4720,0.811141,59,30,97,0.006533,2.198525
4721,0.811157,59,30,97,0.006533,2.198602
4722,0.811153,59,30,97,0.006531,2.198696
4723,0.811186,59,30,97,0.006533,2.198763
4724,0.811221,59,30,97,0.006535,2.198827
4725,0.811186,59,30,97,0.006533,2.198937
4726,0.811143,59,30,97,0.006531,2.199047
4727,0.811173,59,30,97,0.006531,2.199119
4728,0.811197,59,30,97,0.006532,2.199189
4729,0.811212,59,30,97,0.006531,2.199267
4730,0.811203,59,30,97,0.006529,2.199363
4731,0.811217,59,30,97,0.006529,2.199441
4732,0.811255,59,30,97,0.006533,2.199505
4733,0.811288,59,30,97,0.006534,2.199572
4734,0.811327,59,30,97,0.006538,2.199638
4735,0.811364,59,30,97,0.006542,2.199701
4736,0.811392,59,30,97,0.006543,2.199771
4737,0.811392,59,30,96,0.006541,2.199860
4738,0.811411,59,30,96,0.006541,2.199933
4739,0.811426,59,30,96,0.006540,2.200010
4740,0.811420,59,30,96,0.006539,2.200105
4741,0.811458,59,30,96,0.006543,2.200168
4742,0.811298,59,30,97,0.006540,2.198618
4743,0.811279,59,30,97,0.006538,2.198715
4744,0.811309,59,30,97,0.006539,2.198786
4745,0.811342,59,30,97,0.006541,2.198851
4746,0.811372,59,30,96,0.006542,2.198919
4747,0.811361,59,30,97,0.006540,2.199016
4748,0.811394,59,30,97,0.006542,2.199081
4749,0.811414,59,30,96,0.006541,2.199154
4750,0.811438,59,30,96,0.006542,2.199223
4751,0.811394,59,30,97,0.006539,2.199333
4752,0.811358,59,30,97,0.006537,2.199441
4753,0.811354,59,30,97,0.006536,2.199534
4754,0.811343,59,30,97,0.006534,2.199630
4755,0.811370,59,30,97,0.006535,2.199698
4756,0.811363,59,30,97,0.006533,2.199794
4757,0.811370,59,30,97,0.006532,2.199877
4758,0.811406,59,30,97,0.006535,2.199940
4759,0.811439,59,30,97,0.006536,2.200005
4760,0.811458,59,30,97,0.006536,2.200077
4761,0.811444,59,30,97,0.006534,2.200173
4762,0.811423,59,30,97,0.006533,2.200269
4763,0.811422,59,30,97,0.006531,2.200359
4764,0.811446,59,30,97,0.006531,2.200427
4765,0.811433,59,30,97,0.006530,2.200522
4766,0.811453,59,30,97,0.006529,2.200594
4767,0.811390,59,30,97,0.006527,2.200699
4768,0.811421,59,30,97,0.006528,2.200766
4769,0.811447,59,30,97,0.006529,2.200834
4770,0.811482,59,30,97,0.006531,2.200899
4771,0.811505,59,30,97,0.006531,2.200969
4772,0.811476,59,30,97,0.006529,2.201076
4773,0.811460,59,30,97,0.006527,2.201171
4774,0.811485,59,30,97,0.006528,2.201239
4775,0.811514,59,30,97,0.006528,2.201309
4776,0.811528,59,30,97,0.006528,2.201386
4777,0.811533,59,30,97,0.006527,2.201471
4778,0.811545,59,30,97,0.006526,2.201549
4779,0.811569,59,30,97,0.006526,2.201617
4780,0.811592,59,30,97,0.006526,2.201685
4781,0.811630,59,30,97,0.006530,2.201750
4782,0.811532,59,30,97,0.006528,2.201796
4783,0.811541,59,30,97,0.006527,2.201877
4784,0.811576,59,30,97,0.006529,2.201941
4785,0.811570,59,30,97,0.006528,2.202034
4786,0.811568,59,30,97,0.006526,2.202125
4787,0.811596,59,30,97,0.006527,2.202195
4788,0.811615,59,30,97,0.006527,2.202267
4789,0.811600,59,30,97,0.006525,2.202360
4790,0.811526,59,30,97,0.006523,2.202454
4791,0.811497,59,30,97,0.006521,2.202560
4792,0.811518,59,30,97,0.006521,2.202633
4793,0.811374,59,30,97,0.006518,2.202053
4794,0.811309,59,30,97,0.006516,2.202155
4795,0.811341,59,30,97,0.006517,2.202222
4796,0.811204,59,30,97,0.006514,2.201891
4797,0.811226,59,30,97,0.006514,2.201963
4798,0.811204,59,30,97,0.006513,2.202061
4799,0.811241,59,30,97,0.006516,2.202123
4800,0.811206,59,30,97,0.006514,2.202231
4801,0.811239,59,30,97,0.006516,2.202295
4802,0.811266,59,30,97,0.006517,2.202363
4803,0.811267,59,30,97,0.006515,2.202451
4804,0.811305,59,30,97,0.006520,2.202516
4805,0.811337,59,30,97,0.006521,2.202582
4806,0.811354,59,30,97,0.006520,2.202658
4807,0.811386,59,30,97,0.006522,2.202724
4808,0.811405,59,30,97,0.006522,2.202796
4809,0.811394,59,30,97,0.006520,2.202890
4810,0.811425,59,30,97,0.006521,2.202956
4811,0.811407,59,30,97,0.006519,2.203050
4812,0.811374,59,30,97,0.006517,2.203156
4813,0.811410,59,30,97,0.006521,2.203218
4814,0.811414,59,30,97,0.006520,2.203305
4815,0.811431,59,30,97,0.006519,2.203380
4816,0.811402,59,30,97,0.006517,2.203485
4817,0.811412,59,30,97,0.006516,2.203564
4818,0.811444,59,30,97,0.006518,2.203629
4819,0.811480,59,30,97,0.006521,2.203690
4820,0.811475,59,30,97,0.006520,2.203783
4821,0.811490,59,30,97,0.006519,2.203858
4822,0.811526,59,30,97,0.006522,2.203922
4823,0.811539,59,30,97,0.006521,2.204000
4824,0.811536,59,30,97,0.006520,2.204091
4825,0.811560,59,30,97,0.006520,2.204158
4826,0.811528,59,30,97,0.006518,2.204264
4827,0.811515,59,30,97,0.006516,2.204357
4828,0.811545,59,30,97,0.006517,2.204424
4829,0.811533,59,30,97,0.006516,2.204517
4830,0.811546,59,30,97,0.006515,2.204594
4831,0.811533,59,30,97,0.006513,2.204686
4832,0.811572,59,30,97,0.006523,2.204728
4833,0.811592,59,30,97,0.006523,2.204800
4834,0.811588,59,30,97,0.006521,2.204891
4835,0.811584,59,30,97,0.006520,2.204980
4836,0.811620,59,30,97,0.006522,2.205044
4837,0.811612,59,30,97,0.006521,2.205138
4838,0.811649,59,30,97,0.006525,2.205200
4839,0.811676,59,30,97,0.006525,2.205268
4840,0.811701,59,30,97,0.006526,2.205335
4841,0.811735,59,30,97,0.006528,2.205399
4842,0.811737,59,30,97,0.006526,2.205486
4843,0.811758,59,30,97,0.006526,2.205557
4844,0.811723,59,30,97,0.006524,2.205663
4845,0.811728,59,30,97,0.006523,2.205746
4846,0.811761,59,30,97,0.006525,2.205809
4847,0.811788,59,30,97,0.006525,2.205877
4848,0.811808,59,30,97,0.006525,2.205948
4849,0.811830,59,30,97,0.006525,2.206019
4850,0.811821,59,30,97,0.006524,2.206112
4851,0.811858,59,30,97,0.006527,2.206173
4852,0.811866,59,30,97,0.006526,2.206255
4853,0.811818,59,30,97,0.006524,2.206363
4854,0.811723,59,30,97,0.006522,2.206414
4855,0.811752,59,30,97,0.006523,2.206484
4856,0.811764,59,30,97,0.006522,2.206560
4857,0.811801,59,30,97,0.006526,2.206621
4858,0.811824,59,30,97,0.006526,2.206688
4859,0.811762,59,30,97,0.006524,2.206791
4860,0.811788,59,30,97,0.006524,2.206858
4861,0.811825,59,30,97,0.006528,2.206918
4862,0.811860,59,30,97,0.006531,2.206981
4863,0.811880,59,30,97,0.006530,2.207051
4864,0.811899,59,30,97,0.006530,2.207121
4865,0.811920,59,30,97,0.006530,2.207192
4866,0.811956,59,30,97,0.006534,2.207251
4867,0.811926,59,30,97,0.006532,2.207355
4868,0.811945,59,30,97,0.006532,2.207425
4869,0.811965,58,30,97,0.006532,2.207495
4870,0.811993,58,30,97,0.006532,2.207563
4871,0.811850,58,30,97,0.006530,2.206984
4872,0.811831,59,30,97,0.006528,2.207078
4873,0.811736,59,30,97,0.006525,2.207128
4874,0.811722,59,30,97,0.006524,2.207219
4875,0.811734,59,30,97,0.006523,2.207295
4876,0.811720,59,30,97,0.006521,2.207386
4877,0.811732,59,30,97,0.006521,2.207461
4878,0.811765,59,30,97,0.006523,2.207523
4879,0.811737,59,30,97,0.006521,2.207626
4880,0.811775,59,30,97,0.006530,2.207668
4881,0.811786,59,30,97,0.006529,2.207746
4882,0.811818,59,30,97,0.006531,2.207808
4883,0.811846,59,30,97,0.006531,2.207876
4884,0.811879,59,30,97,0.006533,2.207938
4885,0.811864,59,30,97,0.006532,2.208028
4886,0.811899,59,30,97,0.006534,2.208090
4887,0.811926,59,30,97,0.006535,2.208156
4888,0.811889,59,30,97,0.006533,2.208261
4889,0.811908,59,30,97,0.006532,2.208330
4890,0.811945,59,30,97,0.006537,2.208394
4891,0.811971,58,30,97,0.006537,2.208461
4892,0.811996,58,30,97,0.006537,2.208527
4893,0.812000,58,30,97,0.006536,2.208612
4894,0.812001,59,30,97,0.006535,2.208699
4895,0.812003,59,30,96,0.006534,2.208785
4896,0.812040,59,30,96,0.006543,2.208826
4897,0.812076,58,30,96,0.006547,2.208885
4898,0.812110,58,30,96,0.006549,2.208948
4899,0.812141,58,30,96,0.006550,2.209013
4900,0.812171,58,30,96,0.006551,2.209079
4901,0.812207,58,30,96,0.006555,2.209137
4902,0.812243,58,30,96,0.006559,2.209195
4903,0.812222,58,30,96,0.006557,2.209290
4904,0.812192,58,30,96,0.006555,2.209392
4905,0.812227,58,30,96,0.006558,2.209454
4906,0.812252,58,30,96,0.006558,2.209520
4907,0.812178,58,30,96,0.006556,2.209610
4908,0.812209,58,30,96,0.006557,2.209672
4909,0.812231,58,30,96,0.006557,2.209740
4910,0.812250,58,30,96,0.006557,2.209809
4911,0.812287,58,30,96,0.006561,2.209872
4912,0.812270,58,30,96,0.006560,2.209963
4913,0.812286,58,30,96,0.006559,2.210037
4914,0.812290,58,30,96,0.006558,2.210122
4915,0.812281,58,30,96,0.006556,2.210214
4916,0.812292,58,30,96,0.006555,2.210290
4917,0.812283,58,30,96,0.006554,2.210382
4918,0.812193,58,30,96,0.006551,2.210442
4919,0.812100,58,30,96,0.006549,2.210493
4920,0.812119,58,30,96,0.006549,2.210562
4921,0.812155,58,30,96,0.006552,2.210623
4922,0.812156,58,30,96,0.006551,2.210709
4923,0.812166,58,30,96,0.006550,2.210785
4924,0.812195,58,30,96,0.006551,2.210855
4925,0.812192,58,30,96,0.006549,2.210943
4926,0.812226,58,30,96,0.006552,2.211005
4927,0.812209,58,30,96,0.006550,2.211096
4928,0.812245,58,30,96,0.006554,2.211153
4929,0.812281,58,30,96,0.006558,2.211212
4930,0.812285,58,30,96,0.006556,2.211296
4931,0.812315,58,30,96,0.006558,2.211361
4932,0.812345,58,30,96,0.006559,2.211426
4933,0.812273,58,30,96,0.006556,2.211518
4934,0.812300,58,30,96,0.006557,2.211586
4935,0.812311,58,30,96,0.006556,2.211661
4936,0.812349,58,30,96,0.006565,2.211702
4937,0.812351,58,30,96,0.006564,2.211786
4938,0.812366,58,30,96,0.006564,2.211860
4939,0.812343,58,30,96,0.006562,2.211963
4940,0.812333,58,30,96,0.006560,2.212054
4941,0.812368,58,30,96,0.006563,2.212115
4942,0.812381,58,30,96,0.006562,2.212189
4943,0.812407,58,30,96,0.006563,2.212256
4944,0.812440,58,30,96,0.006565,2.212319
4945,0.812454,58,30,96,0.006564,2.212394
4946,0.812490,58,30,96,0.006568,2.212456
4947,0.812524,58,30,96,0.006570,2.212520
4948,0.812526,58,30,96,0.006569,2.212603
4949,0.812547,58,30,96,0.006569,2.212673
4950,0.812530,58,30,96,0.006567,2.212764
4951,0.812563,58,30,96,0.006569,2.212826
4952,0.812598,58,30,96,0.006572,2.212886
4953,0.812583,58,30,96,0.006571,2.212975
4954,0.812576,58,30,96,0.006569,2.213066
4955,0.812565,58,30,96,0.006568,2.213156
4956,0.812579,58,30,96,0.006567,2.213229
4957,0.812594,58,30,96,0.006567,2.213302
4958,0.812617,58,30,96,0.006567,2.213369
4959,0.812641,58,30,96,0.006567,2.213435
4960,0.812542,58,30,96,0.006565,2.213466
4961,0.812450,58,30,96,0.006562,2.213517
4962,0.812386,58,30,96,0.006560,2.213617
4963,0.812407,58,30,96,0.006560,2.213686
4964,0.812443,58,30,96,0.006564,2.213748
4965,0.812476,58,30,96,0.006566,2.213811
4966,0.812485,58,30,96,0.006565,2.213890
4967,0.812509,58,30,96,0.006565,2.213956
4968,0.812540,58,30,96,0.006567,2.214017
4969,0.812517,58,30,96,0.006565,2.214120
4970,0.812546,58,30,96,0.006566,2.214185
4971,0.812545,58,30,96,0.006565,2.214272
4972,0.812580,58,30,96,0.006569,2.214329
4973,0.812484,58,30,96,0.006566,2.214366
4974,0.812421,58,30,96,0.006564,2.214466
4975,0.812399,58,30,96,0.006562,2.214561
4976,0.812435,58,30,96,0.006566,2.214620
4977,0.812472,58,30,96,0.006575,2.214661
4978,0.812349,58,30,96,0.006573,2.214520
4979,0.812382,58,30,96,0.006575,2.214581
4980,0.812398,58,30,96,0.006574,2.214654
4981,0.812394,58,30,96,0.006573,2.214743
4982,0.812430,58,30,96,0.006577,2.214804
4983,0.812458,58,30,96,0.006578,2.214872
4984,0.812465,58,30,96,0.006577,2.214954
4985,0.812432,58,30,96,0.006575,2.215057
4986,0.812439,58,30,96,0.006573,2.215138
4987,0.812388,58,30,96,0.006571,2.215244
4988,0.812408,58,30,96,0.006571,2.215313
4989,0.812436,58,30,96,0.006572,2.215380
4990,0.812472,58,30,96,0.006581,2.215420
4991,0.812431,58,30,96,0.006579,2.215529
4992,0.812453,58,30,96,0.006579,2.215595
4993,0.812464,58,30,96,0.006578,2.215669
4994,0.812455,58,30,96,0.006577,2.215759
4995,0.812394,58,30,96,0.006574,2.215859
4996,0.812410,58,30,96,0.006574,2.215932
4997,0.812440,58,30,96,0.006575,2.215996
4998,0.812364,58,30,96,0.006573,2.216081
4999,0.812341,58,30,96,0.006571,2.216182
5000,0.812213,58,30,96,0.006568,2.215960
5001,0.812227,58,30,96,0.006568,2.216033
5002,0.812244,58,30,96,0.006567,2.216103
5003,0.812279,58,30,96,0.006571,2.216162
5004,0.812313,58,30,96,0.006573,2.216224
5005,0.812322,58,30,96,0.006572,2.216301
5006,0.812243,58,30,96,0.006570,2.216379
5007,0.812249,58,30,96,0.006569,2.216460
5008,0.812272,58,30,96,0.006569,2.216525
5009,0.812292,58,30,96,0.006569,2.216593
5010,0.812455,58,30,96,0.006576,2.216263
5011,0.812446,58,30,96,0.006574,2.216352
5012,0.812423,58,30,96,0.006572,2.216452
5013,0.812437,58,30,96,0.006572,2.216524
5014,0.812466,58,30,96,0.006572,2.216592
5015,0.812487,58,30,96,0.006572,2.216659
5016,0.812506,58,30,96,0.006572,2.216727
5017,0.812430,58,30,96,0.006570,2.216811
5018,0.812412,58,30,96,0.006568,2.216902
5019,0.812445,58,30,96,0.006570,2.216963
5020,0.812450,58,30,96,0.006569,2.217044
5021,0.812454,58,30,96,0.006568,2.217126
5022,0.812483,58,30,96,0.006569,2.217192
5023,0.812518,58,30,96,0.006572,2.217251
5024,0.812535,58,30,96,0.006571,2.217323
5025,0.812570,58,30,96,0.006575,2.217379
5026,0.812605,58,30,96,0.006579,2.217437
5027,0.812505,58,30,96,0.006577,2.217455
5028,0.812533,58,30,96,0.006577,2.217523
5029,0.812569,58,30,96,0.006582,2.217583
5030,0.812488,58,30,96,0.006579,2.217657
5031,0.812417,58,30,96,0.006577,2.217745
5032,0.812446,58,30,96,0.006578,2.217809
5033,0.812477,58,30,96,0.006580,2.217870
5034,0.812478,58,30,96,0.006578,2.217953
5035,0.812495,58,30,96,0.006578,2.218021
5036,0.812474,58,30,96,0.006576,2.218115
5037,0.812494,58,30,96,0.006576,2.218183
5038,0.812525,58,30,96,0.006578,2.218243
5039,0.812546,58,30,96,0.006575,2.217484
5040,0.812554,58,30,96,0.006574,2.217561
5041,0.812577,58,30,96,0.006574,2.217627
5042,0.812555,58,30,96,0.006572,2.217720
5043,0.812570,58,30,96,0.006572,2.217791
5044,0.812599,58,30,96,0.006573,2.217854
5045,0.812619,58,30,96,0.006573,2.217921
5046,0.812654,58,30,96,0.006576,2.217979
5047,0.812685,58,30,96,0.006578,2.218039
5048,0.812718,58,30,96,0.006580,2.218101
5049,0.812736,58,30,96,0.006579,2.218168
5050,0.812755,58,30,96,0.006579,2.218234
5051,0.812749,58,30,96,0.006578,2.218323
5052,0.812784,58,30,96,0.006582,2.218381
5053,0.812786,58,30,96,0.006580,2.218463
5054,0.812793,58,30,96,0.006579,2.218542
5055,0.812817,58,30,96,0.006580,2.218607
5056,0.812845,58,30,96,0.006580,2.218674
5057,0.812781,58,30,96,0.006578,2.218771
5058,0.812804,58,30,96,0.006579,2.218835
5059,0.812764,58,30,96,0.006576,2.218945
5060,0.812800,58,30,96,0.006581,2.219004
5061,0.812827,58,30,96,0.006581,2.219071
5062,0.812803,58,30,96,0.006579,2.219170
5063,0.812834,58,30,96,0.006581,2.219233
5064,0.812860,58,29,96,0.006581,2.219299
5065,0.812780,58,29,96,0.006579,2.219372
5066,0.812790,58,30,96,0.006578,2.219447
5067,0.812806,58,30,96,0.006578,2.219518
5068,0.812829,58,30,96,0.006578,2.219582
5069,0.812854,58,30,96,0.006578,2.219647
5070,0.812858,58,30,96,0.006577,2.219727
5071,0.812889,58,29,96,0.006579,2.219787
5072,0.812918,58,29,96,0.006580,2.219850
5073,0.812912,58,29,96,0.006579,2.219938
5074,0.812936,58,29,96,0.006579,2.220002
5075,0.812917,58,30,96,0.006577,2.220093
5076,0.812869,58,30,96,0.006575,2.220200
5077,0.812905,58,29,96,0.006584,2.220241
5078,0.812939,58,29,96,0.006586,2.220302
5079,0.812909,58,29,96,0.006584,2.220403
5080,0.812942,58,29,96,0.006586,2.220464
5081,0.812971,58,29,96,0.006587,2.220528
5082,0.812989,58,29,96,0.006587,2.220594
5083,0.812992,58,29,96,0.006586,2.220675
5084,0.813026,58,29,96,0.006589,2.220732
5085,0.813045,58,29,96,0.006589,2.220797
5086,0.813066,58,29,96,0.006589,2.220862
5087,0.813097,58,29,96,0.006591,2.220922
5088,0.813130,58,29,96,0.006593,2.220983
5089,0.813116,58,29,96,0.006592,2.221071
5090,0.813137,58,29,96,0.006592,2.221135
5091,0.813145,58,29,96,0.006591,2.221212
5092,0.813106,58,29,96,0.006589,2.221321
5093,0.813126,58,29,96,0.006589,2.221388
5094,0.813154,58,29,96,0.006590,2.221454
5095,0.813089,58,29,96,0.006587,2.221549
5096,0.813059,58,29,96,0.006585,2.221650
5097,0.813023,58,29,96,0.006583,2.221754
5098,0.812959,58,29,96,0.006581,2.221848
5099,0.812951,58,29,96,0.006580,2.221937
5100,0.812948,58,30,96,0.006578,2.222025
5101,0.812985,58,29,96,0.006587,2.222065
5102,0.812977,58,29,96,0.006586,2.222153
5103,0.812959,58,30,96,0.006584,2.222242
5104,0.812971,58,30,96,0.006583,2.222315
5105,0.812995,58,30,96,0.006584,2.222381
5106,0.812995,58,30,96,0.006582,2.222465
5107,0.813031,58,30,96,0.006591,2.222505
5108,0.812989,58,30,96,0.006589,2.222612
5109,0.812998,58,30,96,0.006588,2.222688
5110,0.812982,58,30,96,0.006587,2.222775
5111,0.812930,58,30,96,0.006584,2.222880
5112,0.812947,58,30,96,0.006584,2.222945
5113,0.812982,58,30,96,0.006588,2.223000
5114,0.812975,58,30,96,0.006586,2.223087
5115,0.813010,58,30,96,0.006590,2.223146
5116,0.812910,58,30,96,0.006588,2.223160
5117,0.812932,58,30,96,0.006588,2.223223
5118,0.812965,58,30,96,0.006591,2.223284
5119,0.812960,58,30,96,0.006589,2.223371
5120,0.812926,58,30,96,0.006587,2.223473
5121,0.812927,58,30,96,0.006586,2.223554
5122,0.812943,58,30,96,0.006586,2.223625
5123,0.812944,58,30,96,0.006584,2.223706
5124,0.812967,58,30,96,0.006585,2.223768
5125,0.813001,58,30,96,0.006588,2.223823
5126,0.813008,58,30,96,0.006587,2.223902
5127,0.813024,58,30,96,0.006587,2.223972
5128,0.813014,58,30,96,0.006585,2.224060
5129,0.813027,58,30,96,0.006585,2.224132
5130,0.813051,58,30,96,0.006585,2.224196
5131,0.813056,58,30,96,0.006584,2.224275
5132,0.813091,58,30,96,0.006593,2.224315
5133,0.813115,58,30,96,0.006593,2.224379
5134,0.813040,58,30,96,0.006591,2.224459
5135,0.813069,58,30,96,0.006592,2.224522
5136,0.813095,58,30,96,0.006593,2.224587
5137,0.813124,58,30,96,0.006594,2.224649
5138,0.813076,58,30,96,0.006592,2.224754
5139,0.813107,58,30,96,0.006593,2.224813
5140,0.813134,58,30,96,0.006594,2.224878
5141,0.813123,58,30,96,0.006593,2.224966
5142,0.813081,58,30,96,0.006590,2.225072
5143,0.813102,58,30,96,0.006591,2.225136
5144,0.813101,58,30,96,0.006589,2.225221
5145,0.813120,58,30,96,0.006589,2.225287
5146,0.813136,58,30,96,0.006589,2.225356
5147,0.813149,58,30,96,0.006588,2.225429
5148,0.813144,58,30,96,0.006587,2.225515
5149,0.813161,58,30,96,0.006586,2.225579
5150,0.813189,58,30,96,0.006587,2.225643
5151,0.813188,58,30,96,0.006586,2.225729
5152,0.813093,58,30,96,0.006584,2.225762
5153,0.813116,58,30,96,0.006584,2.225825
5154,0.813110,58,30,96,0.006583,2.225911
5155,0.813012,58,30,96,0.006580,2.225928
5156,0.813048,58,30,96,0.006589,2.225967
5157,0.813084,58,30,96,0.006598,2.226007
5158,0.813048,58,30,96,0.006596,2.226109
5159,0.813073,58,30,96,0.006596,2.226173
5160,0.813095,58,30,96,0.006597,2.226235
5161,0.813079,58,30,96,0.006595,2.226322
5162,0.813113,58,30,96,0.006598,2.226378
5163,0.812977,58,30,96,0.006596,2.225791
5164,0.812897,58,30,96,0.006593,2.225860
5165,0.812916,58,30,96,0.006593,2.225926
5166,0.812929,58,30,96,0.006593,2.225998
5167,0.812945,58,30,96,0.006592,2.226068
5168,0.812942,58,30,96,0.006591,2.226153
5169,0.812967,58,30,96,0.006591,2.226218
5170,0.812970,58,30,96,0.006590,2.226298
5171,0.812990,58,30,96,0.006590,2.226364
5172,0.813017,58,30,96,0.006591,2.226430
5173,0.812968,58,30,96,0.006589,2.226534
5174,0.813000,58,30,96,0.006591,2.226594
5175,0.812898,58,30,96,0.006588,2.226593
5176,0.812905,58,30,96,0.006587,2.226671
5177,0.812936,58,30,96,0.006589,2.226732
5178,0.812893,58,30,96,0.006587,2.226837
5179,0.812874,58,30,96,0.006585,2.226926
5180,0.812897,58,30,96,0.006586,2.226988
5181,0.812890,58,30,96,0.006584,2.227073
5182,0.812924,58,30,96,0.006588,2.227129
5183,0.812921,58,30,96,0.006586,2.227215
5184,0.812909,58,30,96,0.006585,2.227302
5185,0.812873,58,30,96,0.006583,2.227404
5186,0.812907,58,30,96,0.006587,2.227460
5187,0.812936,58,30,96,0.006588,2.227523
5188,0.812949,58,30,96,0.006587,2.227593
5189,0.812966,58,30,96,0.006587,2.227660
5190,0.812941,58,30,96,0.006585,2.227760
5191,0.812974,58,30,96,0.006588,2.227816
5192,0.812990,58,30,96,0.006588,2.227884
5193,0.812973,58,30,96,0.006586,2.227970
5194,0.812874,58,30,96,0.006584,2.227978
5195,0.812892,58,30,96,0.006584,2.228043
5196,0.812916,58,30,96,0.006584,2.228106
5197,0.812951,58,30,96,0.006593,2.228145
5198,0.812974,58,30,96,0.006593,2.228207
5199,0.812986,58,30,96,0.006592,2.228279
5200,0.813005,58,30,96,0.006592,2.228344
5201,0.813015,58,30,96,0.006592,2.228417
5202,0.813027,58,30,96,0.006591,2.228488
5203,0.813054,58,30,96,0.006591,2.228553
5204,0.813087,58,30,96,0.006595,2.228608
5205,0.813102,58,30,96,0.006594,2.228679
5206,0.813074,58,30,96,0.006592,2.228778
5207,0.813065,58,30,96,0.006591,2.228865
5208,0.813029,58,30,96,0.006589,2.228966
5209,0.813029,58,30,96,0.006588,2.229048
5210,0.813056,58,30,96,0.006588,2.229113
5211,0.813006,58,30,96,0.006586,2.229216
5212,0.812994,58,30,96,0.006584,2.229302
5213,0.812924,58,30,96,0.006582,2.229387
5214,0.812952,58,30,96,0.006583,2.229448
5215,0.812972,58,30,96,0.006583,2.229514
5216,0.813006,58,30,96,0.006586,2.229568
5217,0.813025,58,30,96,0.006586,2.229633
5218,0.813056,58,30,96,0.006588,2.229692
5219,0.813060,58,30,96,0.006587,2.229771
5220,0.813072,58,30,96,0.006586,2.229841
5221,0.813087,58,30,96,0.006586,2.229911
5222,0.813101,58,30,96,0.006585,2.229981
5223,0.813123,58,30,96,0.006586,2.230043
5224,0.813099,58,30,96,0.006584,2.230142
5225,0.813135,58,30,96,0.006593,2.230180
5226,0.813154,58,30,96,0.006593,2.230245
5227,0.813117,58,30,96,0.006591,2.230346
5228,0.813151,58,30,96,0.006594,2.230401
5229,0.813185,58,30,96,0.006598,2.230455
5230,0.813205,58,30,96,0.006598,2.230518
5231,0.813223,58,30,96,0.006598,2.230582
5232,0.813255,58,30,96,0.006600,2.230642
5233,0.813278,58,30,96,0.006600,2.230704
5234,0.813276,58,30,96,0.006599,2.230788
5235,0.813270,58,30,96,0.006597,2.230872
5236,0.813297,58,30,96,0.006598,2.230937
5237,0.813296,58,30,96,0.006597,2.231019
5238,0.813307,58,30,96,0.006596,2.231091
5239,0.813294,58,30,96,0.006594,2.231177
5240,0.813253,58,30,96,0.006592,2.231282
5241,0.813282,58,30,96,0.006593,2.231343
5242,0.813278,58,30,96,0.006592,2.231427
5243,0.813265,58,30,96,0.006590,2.231512
5244,0.813299,58,30,96,0.006594,2.231567
5245,0.813333,58,30,96,0.006598,2.231626
5246,0.813191,58,30,96,0.006596,2.230548
5247,0.813112,58,30,96,0.006593,2.230617
5248,0.813142,58,30,96,0.006595,2.230676
5249,0.813142,58,30,96,0.006594,2.230756
5250,0.813071,58,30,96,0.006591,2.230838
5251,0.813075,58,30,96,0.006590,2.230916
5252,0.813110,58,30,96,0.006599,2.230954
5253,0.813130,58,30,96,0.006599,2.231018
5254,0.813130,58,30,96,0.006598,2.231097
5255,0.813162,58,30,96,0.006600,2.231158
5256,0.813194,58,30,96,0.006602,2.231217
5257,0.813164,58,30,96,0.006600,2.231316
5258,0.813160,58,30,96,0.006599,2.231400
5259,0.813136,58,30,96,0.006597,2.231498
5260,0.813131,58,30,96,0.006596,2.231581
5261,0.813123,58,30,96,0.006594,2.231667
5262,0.813151,58,30,96,0.006595,2.231728
5263,0.813185,58,30,96,0.006599,2.231783
5264,0.813216,58,30,96,0.006601,2.231842
5265,0.813145,58,30,96,0.006599,2.231922
5266,0.813141,58,30,96,0.006598,2.232004
5267,0.813134,58,30,96,0.006596,2.232087
5268,0.813163,58,30,96,0.006597,2.232148
5269,0.813113,58,30,96,0.006595,2.232250
5270,0.813141,58,30,96,0.006596,2.232313
5271,0.813173,58,30,96,0.006598,2.232372
5272,0.813160,58,30,96,0.006597,2.232457
5273,0.813191,58,30,96,0.006599,2.232516
5274,0.813217,58,30,96,0.006599,2.232580
5275,0.813212,58,30,96,0.006598,2.232662
5276,0.813243,58,30,96,0.006599,2.232721
5277,0.813255,58,30,96,0.006599,2.232790
5278,0.813260,58,30,96,0.006598,2.232868
5279,0.813259,58,30,96,0.006596,2.232950
5280,0.813286,58,30,96,0.006597,2.233010
5281,0.813261,58,30,96,0.006596,2.233108
5282,0.813232,58,30,96,0.006594,2.233205
5283,0.813246,58,30,96,0.006593,2.233275
5284,0.813257,58,30,96,0.006592,2.233346
5285,0.813217,58,30,96,0.006590,2.233450
5286,0.813230,58,30,96,0.006590,2.233519
5287,0.813136,58,30,96,0.006588,2.233544
5288,0.813167,58,30,96,0.006589,2.233603
5289,0.813178,58,30,96,0.006589,2.233673
5290,0.813115,58,30,96,0.006586,2.233765
5291,0.813141,58,30,96,0.006587,2.233829
5292,0.813064,58,30,96,0.006585,2.233899
5293,0.813094,58,30,96,0.006587,2.233957
5294,0.813125,58,30,96,0.006589,2.234015
5295,0.813151,58,30,96,0.006589,2.234079
5296,0.813180,58,30,96,0.006590,2.234140
5297,0.813200,58,30,96,0.006590,2.234203
5298,0.813192,58,30,96,0.006589,2.234288
5299,0.813222,58,30,96,0.006591,2.234347
5300,0.813236,58,30,96,0.006590,2.234416
5301,0.813213,58,30,96,0.006588,2.234511
5302,0.813166,58,30,96,0.006548,2.236836
5303,0.813157,58,30,96,0.006547,2.236920
5304,0.813171,58,30,96,0.006547,2.236987
5305,0.813196,58,30,96,0.006547,2.237050
5306,0.813222,58,30,96,0.006548,2.237113
5307,0.813195,58,30,96,0.006546,2.237209
5308,0.813182,58,30,96,0.006544,2.237292
5309,0.813187,58,30,96,0.006543,2.237369
5310,0.813194,58,30,96,0.006542,2.237444
5311,0.813220,58,30,96,0.006543,2.237507
5312,0.813120,58,30,96,0.006541,2.237495
5313,0.813150,58,30,96,0.006543,2.237554
5314,0.813178,58,30,96,0.006544,2.237614
5315,0.813173,58,30,96,0.006542,2.237695
5316,0.813075,58,30,96,0.006540,2.237698
5317,0.812974,58,30,96,0.006538,2.237681
5318,0.812988,58,30,96,0.006537,2.237748
5319,0.813021,58,30,96,0.006541,2.237801
5320,0.813034,58,30,96,0.006540,2.237868
5321,0.813045,58,30,96,0.006540,2.237936
5322,0.813068,58,30,96,0.006540,2.237997
5323,0.813052,58,30,96,0.006538,2.238081
5324,0.813082,58,30,96,0.006540,2.238139
5325,0.813098,58,30,96,0.006540,2.238204
5326,0.813100,58,30,96,0.006539,2.238282
5327,0.813115,58,30,96,0.006538,2.238348
5328,0.813101,58,30,96,0.006537,2.238431
5329,0.813120,58,30,96,0.006537,2.238492
5330,0.813153,58,30,96,0.006541,2.238546
5331,0.813161,58,30,96,0.006540,2.238620
5332,0.813176,58,30,96,0.006539,2.238685
5333,0.813210,58,30,96,0.006548,2.238723
5334,0.813235,58,30,96,0.006548,2.238785
5335,0.813210,58,30,96,0.006546,2.238880
5336,0.813239,58,30,96,0.006548,2.238941
5337,0.813262,58,30,96,0.006548,2.239004
5338,0.813280,58,30,96,0.006548,2.239066
5339,0.813310,58,30,96,0.006550,2.239124
5340,0.813300,58,30,96,0.006548,2.239207
5341,0.813316,58,30,96,0.006548,2.239270
5342,0.813311,58,30,96,0.006547,2.239351
5343,0.813333,58,30,96,0.006547,2.239412
5344,0.813359,58,30,96,0.006547,2.239473
5345,0.813328,58,30,96,0.006546,2.239570
5346,0.813348,58,30,96,0.006546,2.239631
5347,0.813349,58,30,96,0.006545,2.239709
5348,0.813378,58,30,96,0.006546,2.239770
5349,0.813405,58,30,96,0.006547,2.239829
5350,0.813436,58,30,96,0.006549,2.239887
5351,0.813426,58,30,96,0.006547,2.239969
5352,0.813439,58,30,96,0.006547,2.240036
5353,0.813473,58,30,96,0.006547,2.240227
5354,0.813506,58,30,96,0.006551,2.240282
5355,0.813533,58,30,96,0.006552,2.240344
5356,0.813563,58,30,96,0.006554,2.240401
5357,0.813559,58,30,96,0.006552,2.240481
5358,0.813549,58,30,96,0.006551,2.240563
5359,0.813569,58,30,96,0.006551,2.240624
5360,0.813593,58,30,96,0.006551,2.240687
5361,0.813591,58,30,96,0.006550,2.240767
5362,0.813625,58,30,96,0.006558,2.240805
5363,0.813657,58,30,96,0.006562,2.240858
5364,0.813631,58,30,96,0.006560,2.240952
5365,0.813640,58,30,96,0.006559,2.241024
5366,0.813663,58,30,96,0.006560,2.241086
5367,0.813633,58,30,96,0.006558,2.241182
5368,0.813665,58,30,96,0.006561,2.241234
5369,0.813679,58,30,96,0.006561,2.241299
5370,0.813618,58,30,96,0.006559,2.241391
5371,0.813505,58,30,96,0.006556,2.241255
5372,0.813534,58,30,96,0.006558,2.241312
5373,0.813462,58,30,96,0.006556,2.241386
5374,0.813496,58,30,96,0.006564,2.241423
5375,0.813530,58,30,96,0.006573,2.241461
5376,0.813550,58,30,96,0.006573,2.241521
5377,0.813584,58,30,96,0.006581,2.241558
5378,0.813550,58,30,96,0.006579,2.241656
5379,0.813531,58,30,96,0.006578,2.241743
5380,0.813548,58,30,96,0.006578,2.241805
5381,0.813576,58,30,96,0.006579,2.241866
5382,0.813595,58,30,96,0.006579,2.241928
5383,0.813522,58,30,96,0.006577,2.242001
5384,0.813520,58,30,96,0.006575,2.242081
5385,0.813490,58,30,96,0.006573,2.242175
5386,0.813494,58,30,96,0.006572,2.242251
5387,0.813487,58,30,96,0.006571,2.242333
5388,0.813466,58,30,96,0.006569,2.242424
5389,0.813387,58,30,96,0.006567,2.242484
5390,0.813419,58,30,96,0.006570,2.242537
5391,0.813408,58,30,96,0.006569,2.242618
5392,0.813441,58,30,96,0.006572,2.242670
5393,0.813443,58,30,96,0.006571,2.242747
5394,0.813417,58,30,96,0.006569,2.242840
5395,0.813446,58,30,96,0.006571,2.242897
5396,0.813472,58,30,96,0.006572,2.242958
5397,0.813487,58,30,96,0.006571,2.243022
5398,0.813476,58,30,96,0.006570,2.243103
5399,0.813492,58,30,96,0.006570,2.243165
5400,0.813498,58,30,96,0.006569,2.243240
5401,0.813516,58,30,96,0.006569,2.243302
5402,0.813480,58,30,96,0.006567,2.243400
5403,0.813505,58,30,96,0.006567,2.243461
5404,0.813529,58,30,96,0.006568,2.243523
5405,0.813563,58,30,96,0.006576,2.243560
5406,0.813594,58,30,96,0.006578,2.243619
5407,0.813578,58,30,96,0.006577,2.243702
5408,0.813562,58,30,96,0.006575,2.243785
5409,0.813574,58,30,96,0.006575,2.243852
5410,0.813599,58,30,96,0.006575,2.243913
5411,0.813616,58,30,96,0.006575,2.243974
5412,0.813585,58,30,96,0.006573,2.244069
5413,0.813596,58,30,96,0.006573,2.244136
5414,0.813626,58,30,96,0.006575,2.244194
5415,0.813613,58,30,96,0.006573,2.244276
5416,0.813535,58,30,96,0.006571,2.244338
5417,0.813553,58,30,96,0.006571,2.244399
5418,0.813583,58,30,96,0.006573,2.244457
5419,0.813615,58,30,96,0.006576,2.244509
5420,0.813633,58,30,96,0.006576,2.244570
5421,0.813651,58,30,96,0.006576,2.244630
5422,0.813684,58,30,96,0.006579,2.244686
5423,0.813670,58,30,96,0.006578,2.244767
5424,0.813700,58,30,96,0.006580,2.244824
5425,0.813697,58,30,96,0.006578,2.244903
5426,0.813724,58,30,96,0.006579,2.244962
5427,0.813684,58,30,96,0.006577,2.245064
5428,0.813715,58,30,96,0.006580,2.245123
5429,0.813741,58,30,96,0.006580,2.245184
5430,0.813708,58,30,96,0.006578,2.245279
5431,0.813696,58,30,96,0.006577,2.245359
5432,0.813689,58,30,96,0.006576,2.245440
5433,0.813703,58,30,96,0.006575,2.245505
5434,0.813732,58,30,96,0.006577,2.245560
5435,0.813755,58,30,96,0.006577,2.245622
5436,0.813780,58,30,96,0.006578,2.245682
5437,0.813810,58,30,96,0.006580,2.245739
5438,0.813822,58,30,96,0.006579,2.245805
5439,0.813852,58,30,96,0.006581,2.245862
5440,0.813880,58,30,96,0.006583,2.245920
5441,0.813859,58,30,96,0.006581,2.246011
5442,0.813890,58,30,96,0.006583,2.246069
5443,0.813863,58,30,96,0.006581,2.246162
5444,0.813838,58,30,96,0.006580,2.246254
5445,0.813871,58,30,96,0.006583,2.246311
5446,0.813852,58,30,96,0.006582,2.246398
5447,0.813873,58,30,96,0.006582,2.246457
5448,0.813823,58,30,96,0.006580,2.246557
5449,0.813843,58,30,96,0.006580,2.246616
5450,0.813844,58,30,96,0.006579,2.246692
5451,0.813796,58,30,96,0.006577,2.246792
5452,0.813825,58,30,96,0.006578,2.246847
5453,0.813855,58,30,96,0.006580,2.246902
5454,0.813887,58,30,96,0.006584,2.246953
5455,0.813871,58,30,96,0.006582,2.247035
5456,0.813888,58,30,96,0.006582,2.247096
5457,0.813876,58,30,96,0.006581,2.247175
5458,0.813851,58,30,96,0.006579,2.247267
5459,0.813806,58,30,96,0.006577,2.247366
5460,0.813780,58,30,96,0.006575,2.247457
5461,0.813758,58,30,96,0.006574,2.247546
5462,0.813762,58,30,96,0.006573,2.247622
5463,0.813793,58,30,96,0.006576,2.247674
5464,0.813825,58,30,96,0.006579,2.247724
5465,0.813803,58,30,96,0.006577,2.247814
5466,0.813779,58,30,96,0.006576,2.247903
5467,0.813806,58,30,96,0.006577,2.247962
5468,0.813837,58,30,96,0.006579,2.248018
5469,0.813847,58,30,96,0.006578,2.248085
5470,0.813871,58,30,96,0.006578,2.248146
5471,0.813868,58,30,96,0.006577,2.248225
5472,0.813897,58,30,96,0.006579,2.248281
5473,0.813926,58,30,96,0.006581,2.248335
5474,0.813957,58,30,96,0.006583,2.248394
5475,0.813979,58,30,96,0.006583,2.248455
5476,0.813976,58,30,96,0.006582,2.248534
5477,0.814006,58,30,96,0.006584,2.248591
5478,0.814000,58,30,96,0.006583,2.248670
5479,0.814033,58,30,96,0.006591,2.248707
5480,0.814037,58,30,96,0.006590,2.248782
5481,0.814017,58,30,96,0.006588,2.248869
5482,0.814051,58,30,96,0.006597,2.248906
5483,0.814081,58,30,96,0.006599,2.248963
5484,0.814105,58,30,96,0.006599,2.249024
5485,0.814138,58,30,96,0.006608,2.249060
5486,0.814152,58,30,96,0.006607,2.249124
5487,0.814148,58,30,96,0.006606,2.249202
5488,0.814177,58,30,96,0.006608,2.249258
5489,0.814202,58,30,96,0.006608,2.249318
5490,0.814221,58,30,96,0.006608,2.249378
5491,0.814235,58,30,96,0.006608,2.249441
5492,0.814268,58,30,96,0.006616,2.249478
5493,0.814171,58,30,96,0.006614,2.249469
5494,0.814151,58,30,96,0.006613,2.249556
5495,0.814127,58,30,96,0.006611,2.249644
5496,0.814160,58,30,96,0.006614,2.249700
5497,0.814189,58,30,96,0.006616,2.249755
5498,0.814218,58,30,96,0.006618,2.249810
5499,0.814246,58,30,96,0.006620,2.249867
5500,0.814259,58,30,96,0.006619,2.249933
5501,0.814271,58,30,96,0.006618,2.249998
5502,0.814175,58,30,96,0.006616,2.249996
5503,0.814207,58,30,96,0.006620,2.250047
5504,0.814206,58,30,96,0.006618,2.250125
5505,0.814077,58,30,96,0.006616,2.249505
5506,0.814110,58,30,96,0.006625,2.249541
5507,0.814113,58,30,96,0.006624,2.249616
5508,0.814142,58,30,96,0.006625,2.249671
5509,0.814175,58,30,96,0.006634,2.249706
5510,0.814201,58,30,96,0.006634,2.249767
5511,0.814227,58,30,96,0.006635,2.249825
5512,0.814242,58,30,96,0.006635,2.249888
5513,0.814274,58,29,96,0.006639,2.249940
5514,0.814274,58,30,96,0.006637,2.250017
5515,0.814254,58,30,96,0.006636,2.250103
5516,0.814273,58,30,96,0.006636,2.250163
5517,0.814304,58,29,96,0.006639,2.250213
5518,0.814277,58,30,96,0.006637,2.250303
5519,0.814245,58,30,96,0.006636,2.250397
5520,0.814258,58,30,96,0.006635,2.250462
5521,0.814250,58,30,96,0.006634,2.250542
5522,0.814231,58,30,96,0.006632,2.250626
5523,0.814211,58,30,96,0.006630,2.250711
5524,0.814117,58,30,96,0.006628,2.250713
5525,0.814094,58,30,96,0.006626,2.250800
5526,0.814089,58,30,96,0.006625,2.250878
5527,0.814105,58,30,96,0.006625,2.250939
5528,0.814126,58,30,96,0.006625,2.250999
5529,0.814158,58,30,96,0.006629,2.251050
5530,0.814137,58,30,96,0.006627,2.251134
5531,0.814080,58,30,96,0.006625,2.251228
5532,0.814109,58,30,96,0.006627,2.251282
5533,0.814139,58,30,96,0.006629,2.251337
5534,0.814151,58,30,96,0.006628,2.251402
5535,0.814161,58,30,96,0.006627,2.251472
5536,0.814188,58,30,96,0.006629,2.251532
5537,0.814220,58,30,96,0.006632,2.251581
5538,0.814241,58,30,96,0.006632,2.251641
5539,0.814255,58,30,96,0.006632,2.251703
5540,0.814287,58,30,96,0.006635,2.251756
5541,0.814319,58,30,96,0.006639,2.251811
5542,0.814284,58,30,96,0.006637,2.251907
5543,0.814306,58,30,96,0.006638,2.251968
5544,0.814327,58,30,96,0.006638,2.252027
5545,0.814350,58,30,96,0.006638,2.252088
5546,0.814355,58,30,96,0.006637,2.252162
5547,0.814377,58,30,96,0.006637,2.252223
5548,0.814372,58,30,96,0.006636,2.252300
5549,0.814372,58,30,96,0.006635,2.252377
5550,0.814404,58,30,96,0.006638,2.252428
5551,0.814402,58,30,96,0.006637,2.252506
5552,0.814433,58,30,96,0.006640,2.252557
5553,0.814392,58,30,96,0.006638,2.252657
5554,0.814422,58,30,96,0.006640,2.252711
5555,0.814451,58,29,96,0.006642,2.252765
5556,0.814452,58,29,96,0.006641,2.252840
5557,0.814425,58,30,96,0.006639,2.252930
5558,0.814448,58,29,96,0.006640,2.252990
5559,0.814467,58,29,96,0.006640,2.253050
5560,0.814466,58,30,96,0.006639,2.253126
5561,0.814484,58,30,96,0.006639,2.253185
5562,0.814470,58,30,96,0.006637,2.253266
5563,0.814496,58,30,96,0.006638,2.253323
5564,0.814425,58,30,96,0.006636,2.253394
5565,0.814433,58,30,96,0.006635,2.253466
5566,0.814456,58,29,96,0.006635,2.253526
5567,0.814464,58,30,96,0.006634,2.253597
5568,0.814490,58,29,96,0.006635,2.253654
5569,0.814488,58,29,96,0.006634,2.253731
5570,0.814509,58,30,96,0.006634,2.253790
5571,0.814508,58,30,96,0.006633,2.253866
5572,0.814515,58,30,96,0.006632,2.253939
5573,0.814543,58,30,96,0.006634,2.253993
5574,0.814526,58,30,96,0.006632,2.254075
5575,0.814557,58,29,96,0.006635,2.254125
5576,0.814585,58,29,96,0.006637,2.254179
5577,0.814597,58,29,96,0.006637,2.254244
5578,0.814609,58,29,96,0.006636,2.254308
5579,0.814592,58,30,96,0.006635,2.254389
5580,0.814569,58,30,96,0.006633,2.254476
5581,0.814555,58,30,96,0.006631,2.254556
5582,0.814566,58,30,96,0.006631,2.254621
5583,0.814592,58,30,96,0.006632,2.254679
5584,0.814619,58,29,96,0.006633,2.254738
5585,0.814512,58,30,96,0.006631,2.254638
5586,0.814437,58,30,96,0.006628,2.254700
5587,0.814467,58,29,96,0.006631,2.254749
5588,0.814494,58,29,96,0.006633,2.254807
5589,0.814524,58,29,96,0.006635,2.254864
5590,0.814553,58,29,96,0.006637,2.254917
5591,0.814578,58,29,96,0.006637,2.254977
5592,0.814480,58,29,96,0.006635,2.254949
5593,0.814485,58,29,96,0.006634,2.255024
5594,0.814468,58,29,96,0.006632,2.255105
5595,0.814498,58,29,96,0.006635,2.255162
5596,0.814471,58,29,96,0.006633,2.255250
5597,0.814452,58,29,96,0.006631,2.255332
5598,0.814465,58,29,96,0.006631,2.255395
5599,0.814458,58,29,96,0.006629,2.255474
5600,0.814472,58,29,96,0.006629,2.255536
5601,0.814505,58,29,96,0.006637,2.255571
5602,0.814484,58,29,96,0.006636,2.255654
5603,0.814485,58,29,96,0.006635,2.255729
5604,0.814494,58,29,96,0.006634,2.255797
5605,0.814525,58,29,96,0.006637,2.255846
5606,0.814524,58,29,96,0.006636,2.255921
5607,0.814547,58,29,96,0.006636,2.255980
5608,0.814575,58,29,96,0.006638,2.256033
5609,0.814580,58,29,96,0.006637,2.256107
5610,0.814608,58,29,96,0.006639,2.256160
5611,0.814617,58,29,96,0.006638,2.256229
5612,0.814647,58,29,96,0.006641,2.256278
5613,0.814663,58,29,96,0.006641,2.256338
5614,0.814686,58,29,96,0.006641,2.256398
5615,0.814715,58,29,96,0.006643,2.256450
5616,0.814675,58,29,96,0.006641,2.256550
5617,0.814704,58,29,96,0.006643,2.256603
5618,0.814730,58,29,96,0.006644,2.256660
5619,0.814726,58,29,96,0.006643,2.256736
5620,0.814685,58,29,96,0.006641,2.256835
5621,0.814694,58,29,96,0.006640,2.256905
5622,0.814722,58,29,96,0.006642,2.256957
5623,0.814734,58,29,96,0.006641,2.257020
5624,0.814716,58,29,96,0.006640,2.257099
5625,0.814743,58,29,96,0.006641,2.257157
5626,0.814772,58,29,96,0.006642,2.257209
5627,0.814687,58,29,96,0.006640,2.257244
5628,0.814711,58,29,96,0.006641,2.257303
5629,0.814639,58,29,96,0.006639,2.257369
5630,0.814664,58,29,96,0.006640,2.257428
5631,0.814695,58,29,96,0.006643,2.257483
5632,0.814640,58,29,96,0.006641,2.257577
5633,0.814656,58,29,96,0.006641,2.257637
5634,0.814662,58,29,96,0.006640,2.257709
5635,0.814689,58,29,96,0.006641,2.257766
5636,0.814703,58,29,96,0.006641,2.257827
5637,0.814701,58,29,96,0.006639,2.257902
5638,0.814687,58,29,96,0.006638,2.257982
5639,0.814703,58,29,96,0.006638,2.258041
5640,0.814687,58,29,96,0.006636,2.258119
5641,0.814711,58,29,96,0.006637,2.258179
5642,0.814716,58,29,96,0.006636,2.258252
5643,0.814749,58,29,96,0.006644,2.258287
5644,0.814776,58,29,96,0.006645,2.258344
5645,0.814805,58,29,96,0.006647,2.258397
5646,0.814799,58,29,96,0.006646,2.258474
5647,0.814721,58,29,96,0.006644,2.258526
5648,0.814720,58,29,96,0.006642,2.258600
5649,0.814744,58,29,96,0.006643,2.258659
5650,0.814755,58,29,96,0.006643,2.258722
5651,0.814770,58,29,96,0.006642,2.258783
5652,0.814734,58,29,96,0.006640,2.258879
5653,0.814716,58,29,96,0.006639,2.258958
5654,0.814728,58,29,96,0.006638,2.259020
5655,0.814692,58,29,96,0.006636,2.259115
5656,0.814695,58,29,96,0.006635,2.259189
5657,0.814664,58,29,96,0.006634,2.259282
5658,0.814691,58,29,96,0.006635,2.259338
5659,0.814722,58,29,96,0.006638,2.259387
5660,0.814731,58,29,96,0.006637,2.259453
5661,0.814758,58,29,96,0.006638,2.259510
5662,0.814787,58,29,96,0.006640,2.259563
5663,0.814801,58,29,96,0.006640,2.259624
5664,0.814802,58,29,96,0.006639,2.259699
5665,0.814735,58,29,96,0.006637,2.259773
5666,0.814716,58,29,96,0.006635,2.259852
5667,0.814662,58,29,96,0.006633,2.259946
5668,0.814659,58,29,96,0.006632,2.260020
5669,0.814632,58,29,96,0.006630,2.260108
5670,0.814662,58,29,96,0.006632,2.260163
5671,0.814687,58,29,96,0.006633,2.260220
5672,0.814710,58,29,96,0.006634,2.260279
5673,0.814738,58,29,96,0.006635,2.260335
5674,0.814764,58,29,96,0.006636,2.260391
5675,0.814795,58,29,96,0.006640,2.260446
5676,0.814805,58,29,96,0.006639,2.260511
5677,0.814773,58,29,96,0.006637,2.260603
5678,0.814787,58,29,96,0.006637,2.260665
5679,0.814747,58,29,96,0.006635,2.260763
5680,0.814772,58,29,96,0.006636,2.260819
5681,0.814780,58,29,96,0.006635,2.260889
5682,0.814800,58,29,96,0.006635,2.260947
5683,0.814818,58,29,96,0.006635,2.261006
5684,0.814808,58,29,96,0.006634,2.261085
5685,0.814825,58,29,96,0.006633,2.261144
5686,0.814834,58,29,96,0.006633,2.261212
5687,0.814856,58,29,96,0.006633,2.261271
5688,0.814860,58,29,96,0.006632,2.261344
5689,0.814884,58,29,96,0.006632,2.261402
5690,0.814915,58,29,96,0.006636,2.261452
5691,0.814941,58,29,96,0.006637,2.261508
5692,0.814968,58,29,96,0.006638,2.261564
5693,0.814937,58,29,96,0.006636,2.261655
5694,0.814947,58,29,96,0.006636,2.261718
5695,0.814894,58,29,96,0.006634,2.261812
5696,0.814919,58,29,96,0.006635,2.261871
5697,0.814860,58,29,96,0.006633,2.261959
5698,0.814879,58,29,96,0.006633,2.262016
5699,0.814863,58,29,96,0.006631,2.262094
5700,0.814742,58,29,96,0.006629,2.261642
5701,0.814739,58,29,96,0.006628,2.261716
5702,0.814767,58,29,96,0.006629,2.261767
5703,0.814787,58,29,96,0.006630,2.261826
5704,0.814811,58,29,96,0.006630,2.261884
5705,0.814833,58,29,96,0.006631,2.261943
5706,0.814814,58,29,96,0.006629,2.262023
5707,0.814817,58,29,96,0.006628,2.262096
5708,0.814794,58,29,96,0.006626,2.262182
5709,0.814716,58,29,96,0.006624,2.262232
5710,0.814711,58,29,96,0.006623,2.262308
5711,0.814733,58,29,96,0.006623,2.262367
5712,0.814761,58,29,96,0.006625,2.262422
5713,0.814792,58,29,96,0.006633,2.262457
5714,0.814788,58,29,96,0.006631,2.262532
5715,0.814787,58,29,96,0.006630,2.262605
5716,0.814813,58,29,96,0.006631,2.262660
5717,0.814941,58,29,96,0.006635,2.262598
5718,0.814953,58,29,96,0.006634,2.262660
5719,0.814981,58,29,96,0.006636,2.262711
5720,0.814968,58,29,96,0.006635,2.262789
5721,0.814992,58,29,96,0.006635,2.262847
5722,0.815004,58,29,96,0.006635,2.262909
5723,0.815020,58,29,96,0.006634,2.262968
5724,0.815045,58,29,96,0.006635,2.263026
5725,0.815071,58,29,96,0.006636,2.263081
5726,0.814978,58,29,96,0.006634,2.263072
5727,0.814961,58,29,96,0.006633,2.263149
5728,0.814990,58,29,96,0.006635,2.263201
5729,0.815003,58,29,96,0.006634,2.263262
5730,0.815022,58,29,96,0.006634,2.263320
5731,0.815045,58,29,96,0.006635,2.263378
5732,0.815024,58,29,96,0.006633,2.263461
5733,0.815052,58,29,96,0.006635,2.263512
5734,0.815060,58,29,96,0.006634,2.263579
5735,0.815037,58,29,96,0.006632,2.263665
5736,0.815041,58,29,96,0.006631,2.263737
5737,0.815044,58,29,96,0.006630,2.263809
5738,0.815073,58,29,96,0.006632,2.263865
5739,0.815082,58,29,96,0.006632,2.263931
5740,0.815063,58,29,96,0.006630,2.264009
5741,0.815052,58,29,96,0.006629,2.264087
5742,0.815075,58,29,96,0.006629,2.264144
5743,0.815094,58,29,96,0.006629,2.264201
5744,0.815072,58,29,96,0.006628,2.264284
5745,0.815064,58,29,96,0.006626,2.264363
5746,0.815082,58,29,96,0.006626,2.264421
5747,0.815090,58,29,96,0.006626,2.264488
5748,0.815087,58,29,96,0.006624,2.264561
5749,0.815051,58,29,96,0.006623,2.264656
5750,0.815020,58,29,96,0.006621,2.264746
5751,0.815014,58,29,96,0.006620,2.264823
5752,0.815037,58,29,96,0.006620,2.264880
5753,0.814977,58,29,96,0.006618,2.264966
5754,0.814865,58,29,96,0.006616,2.264736
5755,0.814876,58,29,96,0.006615,2.264798
5756,0.814848,58,29,96,0.006614,2.264885
5757,0.814813,58,29,96,0.006612,2.264978
5758,0.814843,58,29,96,0.006615,2.265027
5759,0.814830,58,29,96,0.006614,2.265105
5760,0.814852,58,29,96,0.006614,2.265163
5761,0.814872,58,29,96,0.006614,2.265221
5762,0.814894,58,29,96,0.006615,2.265279
5763,0.814923,58,29,96,0.006617,2.265334
5764,0.814857,58,29,96,0.006615,2.265407
5765,0.814886,58,29,96,0.006617,2.265462
5766,0.814884,58,29,96,0.006615,2.265535
5767,0.814901,58,29,96,0.006615,2.265594
5768,0.814925,58,29,96,0.006616,2.265652
5769,0.814953,58,29,96,0.006618,2.265705
5770,0.814966,58,29,96,0.006617,2.265766
5771,0.814995,58,29,96,0.006619,2.265818
5772,0.814960,58,29,96,0.006618,2.265909
5773,0.814912,58,29,96,0.006616,2.266006
5774,0.814866,58,29,96,0.006614,2.266103
5775,0.814808,58,29,96,0.006612,2.266189
5776,0.814787,58,29,96,0.006610,2.266270
5777,0.814793,58,29,96,0.006609,2.266341
5778,0.814789,58,29,96,0.006608,2.266415
5779,0.814743,58,29,96,0.006606,2.266510
5780,0.814772,58,29,96,0.006608,2.266565
5781,0.814742,58,29,96,0.006606,2.266653
5782,0.814715,58,29,96,0.006605,2.266739
5783,0.814674,58,29,96,0.006603,2.266836
5784,0.815325,58,29,96,0.006601,2.270567
5785,0.815332,58,29,96,0.006600,2.270635
5786,0.815355,58,29,96,0.006601,2.270691
5787,0.815350,58,29,96,0.006599,2.270764
5788,0.815290,58,29,96,0.006597,2.270845
5789,0.815283,58,29,96,0.006596,2.270921
5790,0.815289,58,29,96,0.006595,2.270992
5791,0.815290,58,29,96,0.006594,2.271065
5792,0.815315,58,29,96,0.006595,2.271118
5793,0.815344,58,29,96,0.006598,2.271166
5794,0.815273,58,29,96,0.006596,2.271226
5795,0.815182,58,29,96,0.006594,2.271222
5796,0.815054,58,29,96,0.006592,2.270153
5797,0.814998,58,29,96,0.006590,2.270239
5798,0.814994,58,29,96,0.006589,2.270311
5799,0.815015,58,29,96,0.006589,2.270368
5800,0.814996,58,29,96,0.006587,2.270445
5801,0.815025,58,29,96,0.006590,2.270500
5802,0.815041,58,29,96,0.006589,2.270558
5803,0.815060,58,29,96,0.006590,2.270614
5804,0.815087,58,29,96,0.006591,2.270664
5805,0.815104,58,29,96,0.006591,2.270720
5806,0.815056,58,29,96,0.006589,2.270814
5807,0.815073,58,29,96,0.006589,2.270870
5808,0.815065,58,29,96,0.006588,2.270947
5809,0.815043,58,29,96,0.006587,2.271027
5810,0.815029,58,29,96,0.006585,2.271104
5811,0.815059,58,29,96,0.006588,2.271156
5812,0.815088,58,29,96,0.006590,2.271210
5813,0.815083,58,29,96,0.006589,2.271281
5814,0.815113,58,29,96,0.006593,2.271333
5815,0.815144,58,29,96,0.006600,2.271367
5816,0.815157,58,29,96,0.006600,2.271427
5817,0.815185,58,29,96,0.006602,2.271479
5818,0.815213,58,29,96,0.006604,2.271530
5819,0.815150,58,29,96,0.006602,2.271606
5820,0.815142,58,29,96,0.006600,2.271682
5821,0.815171,58,29,96,0.006603,2.271730
5822,0.815167,58,29,96,0.006602,2.271801
5823,0.815119,58,29,96,0.006600,2.271894
5824,0.815146,58,29,96,0.006602,2.271943
5825,0.815173,58,29,96,0.006604,2.271992
5826,0.815149,58,29,96,0.006602,2.272077
5827,0.815058,58,29,96,0.006600,2.272068
5828,0.815056,58,29,96,0.006599,2.272139
5829,0.815064,58,29,96,0.006598,2.272203
5830,0.815064,58,29,96,0.006597,2.272276
5831,0.815005,58,29,96,0.006595,2.272357
5832,0.815012,58,29,96,0.006594,2.272424
5833,0.815014,58,29,96,0.006593,2.272495
5834,0.815040,58,29,96,0.006594,2.272549
5835,0.815031,58,29,96,0.006593,2.272625
5836,0.815058,58,29,96,0.006595,2.272674
5837,0.815062,58,29,96,0.006594,2.272745
5838,0.814988,58,29,96,0.006592,2.272797
5839,0.815019,58,29,96,0.006599,2.272832
5840,0.815044,58,29,96,0.006600,2.272885
5841,0.815004,58,29,96,0.006599,2.272980
5842,0.814980,58,29,96,0.006597,2.273064
5843,0.814939,58,29,96,0.006595,2.273159
5844,0.814947,58,29,96,0.006594,2.273223
5845,0.814975,58,29,96,0.006597,2.273277
5846,0.814969,58,29,96,0.006595,2.273351
5847,0.814945,58,29,96,0.006594,2.273435
5848,0.814935,58,29,97,0.006592,2.273511
5849,0.814964,58,29,97,0.006595,2.273559
5850,0.814970,58,29,96,0.006594,2.273629
5851,0.814944,58,29,97,0.006593,2.273713
5852,0.814959,58,29,97,0.006593,2.273772
5853,0.814963,58,29,96,0.006592,2.273842
5854,0.814885,58,29,97,0.006590,2.273883
5855,0.814911,58,29,96,0.006591,2.273936
5856,0.814930,58,29,96,0.006591,2.273993
5857,0.814950,58,29,96,0.006591,2.274050
5858,0.814944,58,29,96,0.006590,2.274124
5859,0.814963,58,29,96,0.006590,2.274180
5860,0.814982,58,29,96,0.006590,2.274236
5861,0.815006,58,29,96,0.006591,2.274291
5862,0.815018,58,29,96,0.006591,2.274351
5863,0.815035,58,29,96,0.006590,2.274407
5864,0.815052,58,29,96,0.006591,2.274463
5865,0.815070,58,29,96,0.006591,2.274518
5866,0.815096,58,29,96,0.006592,2.274571
5867,0.815079,58,29,96,0.006590,2.274647
5868,0.815107,58,29,96,0.006592,2.274698
5869,0.815108,58,29,96,0.006591,2.274771
5870,0.815121,58,29,96,0.006591,2.274829
5871,0.815132,58,29,96,0.006590,2.274890
5872,0.815158,58,29,96,0.006592,2.274939
5873,0.815179,58,29,96,0.006592,2.274995
5874,0.815194,58,29,96,0.006592,2.275053
5875,0.815224,58,29,96,0.006595,2.275107
5876,0.815243,58,29,96,0.006595,2.275162
5877,0.815269,58,29,96,0.006597,2.275210
5878,0.815300,58,29,96,0.006605,2.275245
5879,0.815323,58,29,96,0.006605,2.275301
5880,0.815208,58,29,96,0.006603,2.274927
5881,0.815184,58,29,96,0.006602,2.275010
5882,0.815209,58,29,96,0.006602,2.275064
5883,0.815181,58,29,96,0.006601,2.275149
5884,0.815203,58,29,96,0.006601,2.275205
5885,0.815142,58,29,96,0.006599,2.275281
5886,0.815032,58,29,96,0.006597,2.275050
5887,0.815061,58,29,96,0.006600,2.275097
5888,0.815012,58,29,96,0.006598,2.275188
5889,0.815017,58,29,96,0.006597,2.275258
5890,0.815026,58,29,96,0.006597,2.275322
5891,0.815019,58,29,96,0.006596,2.275397
5892,0.815048,58,29,96,0.006599,2.275445
5893,0.815001,58,29,96,0.006597,2.275536
5894,0.815022,58,29,96,0.006597,2.275592
5895,0.814981,58,29,96,0.006595,2.275686
5896,0.815004,58,29,96,0.006596,2.275741
5897,0.814991,58,29,96,0.006594,2.275817
5898,0.815013,58,29,96,0.006595,2.275872
5899,0.815022,58,29,96,0.006594,2.275936
5900,0.814998,58,29,96,0.006593,2.276017
5901,0.815017,58,29,96,0.006593,2.276073
5902,0.815045,58,29,96,0.006595,2.276125
5903,0.814992,58,29,96,0.006593,2.276211
5904,0.814997,58,29,96,0.006592,2.276281
5905,0.815012,58,29,96,0.006592,2.276338
5906,0.815040,58,29,96,0.006594,2.276390
5907,0.815066,58,29,96,0.006596,2.276438
5908,0.815045,58,29,96,0.006594,2.276517
5909,0.815063,58,29,96,0.006594,2.276572
5910,0.815069,58,29,96,0.006593,2.276641
5911,0.815067,58,29,96,0.006592,2.276712
5912,0.815096,58,29,96,0.006595,2.276759
5913,0.815125,58,29,96,0.006598,2.276809
5914,0.815120,58,29,96,0.006597,2.276880
5915,0.815145,58,29,96,0.006598,2.276932
5916,0.815172,58,29,96,0.006600,2.276981
5917,0.815197,58,29,96,0.006601,2.277033
5918,0.815224,58,29,96,0.006603,2.277084
5919,0.815230,58,29,96,0.006602,2.277152
5920,0.815251,58,29,96,0.006602,2.277207
5921,0.815277,58,29,96,0.006604,2.277255
5922,0.815294,58,29,96,0.006604,2.277311
5923,0.815300,58,29,96,0.006603,2.277378
5924,0.815327,58,29,96,0.006605,2.277427
5925,0.815340,58,29,96,0.006605,2.277486
5926,0.815360,58,29,96,0.006605,2.277541
5927,0.815388,58,29,96,0.006607,2.277593
5928,0.815381,58,29,96,0.006606,2.277666
5929,0.815341,58,29,96,0.006604,2.277760
5930,0.815360,58,29,96,0.006604,2.277815
5931,0.815369,58,29,96,0.006603,2.277879
5932,0.815334,58,29,96,0.006601,2.277970
5933,0.815342,58,29,96,0.006601,2.278035
5934,0.815343,58,29,96,0.006600,2.278106
5935,0.815222,58,29,96,0.006598,2.277422
5936,0.815250,58,29,96,0.006600,2.277473
5937,0.815220,58,29,96,0.006598,2.277559
5938,0.815244,58,29,96,0.006599,2.277613
5939,0.815264,58,29,96,0.006599,2.277669
5940,0.815172,58,29,96,0.006597,2.277644
5941,0.815184,58,29,96,0.006596,2.277702
5942,0.815206,58,29,96,0.006597,2.277758
5943,0.815234,58,29,96,0.006600,2.277804
5944,0.815203,58,29,96,0.006598,2.277892
5945,0.815208,58,29,96,0.006597,2.277961
5946,0.815236,58,29,96,0.006600,2.278007
5947,0.815260,58,29,96,0.006601,2.278061
5948,0.815273,58,29,96,0.006600,2.278120
5949,0.815263,58,29,96,0.006599,2.278196
5950,0.815250,58,29,96,0.006598,2.278271
5951,0.815228,58,29,96,0.006596,2.278351
5952,0.815253,58,29,96,0.006597,2.278403
5953,0.815130,58,29,96,0.006595,2.277572
5954,0.815151,58,29,96,0.006595,2.277628
5955,0.815174,58,29,96,0.006596,2.277683
5956,0.815185,58,29,96,0.006596,2.277743
5957,0.815186,58,29,96,0.006595,2.277814
5958,0.815212,58,29,96,0.006596,2.277861
5959,0.815238,58,29,96,0.006598,2.277909
5960,0.815241,58,29,96,0.006597,2.277978
5961,0.815271,58,29,96,0.006604,2.278012
5962,0.815296,58,29,96,0.006605,2.278064
5963,0.815323,58,29,96,0.006607,2.278114
5964,0.815324,58,29,96,0.006606,2.278185
5965,0.815349,58,29,96,0.006608,2.278236
5966,0.815276,58,29,96,0.006606,2.278288
5967,0.815257,58,29,96,0.006604,2.278365
5968,0.815266,58,29,96,0.006604,2.278425
5969,0.815286,58,29,96,0.006604,2.278481
5970,0.815283,58,29,96,0.006603,2.278551
5971,0.815273,58,29,96,0.006601,2.278626
5972,0.815295,58,29,96,0.006602,2.278682
5973,0.815325,58,29,96,0.006609,2.278716
5974,0.815339,58,29,96,0.006609,2.278773
5975,0.815360,58,29,96,0.006609,2.278829
5976,0.815384,58,29,96,0.006610,2.278881
5977,0.815396,58,29,96,0.006610,2.278939
5978,0.815371,58,29,96,0.006608,2.279021
5979,0.815361,58,29,96,0.006607,2.279096
5980,0.815374,58,29,96,0.006606,2.279154
5981,0.815319,58,29,96,0.006605,2.279237
5982,0.815325,58,29,96,0.006604,2.279302
5983,0.815277,58,29,96,0.006602,2.279391
5984,0.815269,58,29,96,0.006601,2.279465
5985,0.815259,58,29,96,0.006599,2.279540
5986,0.815279,58,29,96,0.006600,2.279594
5987,0.815304,58,29,96,0.006601,2.279645
5988,0.815318,58,29,96,0.006600,2.279702
5989,0.815348,58,29,96,0.006608,2.279736
5990,0.815376,58,29,96,0.006611,2.279782
5991,0.815390,58,29,96,0.006610,2.279838
5992,0.815401,58,29,96,0.006610,2.279897
5993,0.815422,58,29,96,0.006610,2.279952
5994,0.815362,58,29,96,0.006608,2.280027
5995,0.815380,58,29,96,0.006608,2.280081
5996,0.815391,58,29,96,0.006608,2.280141
5997,0.815391,58,29,96,0.006607,2.280212
5998,0.815420,58,29,96,0.006610,2.280265
5999,0.815448,58,29,96,0.006613,2.280311
6000,0.815464,58,29,96,0.006613,2.280368
6001,0.815476,58,29,96,0.006612,2.280426
6002,0.815479,58,29,96,0.006611,2.280495
6003,0.815466,58,29,96,0.006610,2.280570
6004,0.815420,58,29,96,0.006608,2.280659
6005,0.815433,58,29,96,0.006608,2.280717
6006,0.815448,58,29,96,0.006608,2.280774
6007,0.815438,58,29,96,0.006606,2.280847
6008,0.815411,58,29,96,0.006605,2.280930
6009,0.815436,58,29,96,0.006606,2.280982
6010,0.815446,58,29,96,0.006605,2.281041
6011,0.815472,58,29,96,0.006607,2.281088
6012,0.815501,58,29,96,0.006610,2.281140
6013,0.815510,58,29,96,0.006610,2.281202
6014,0.815501,58,29,96,0.006608,2.281276
6015,0.815518,58,29,96,0.006608,2.281330
6016,0.815536,58,29,96,0.006608,2.281384
6017,0.815562,58,29,96,0.006610,2.281433
6018,0.815588,58,29,96,0.006612,2.281479
6019,0.815599,58,29,96,0.006611,2.281536
6020,0.815603,58,29,96,0.006610,2.281605
6021,0.815611,58,29,96,0.006610,2.281667
6022,0.815626,58,29,96,0.006610,2.281724
6023,0.815635,58,29,96,0.006609,2.281786
6024,0.815639,58,29,96,0.006608,2.281854
6025,0.815662,58,29,96,0.006609,2.281908
6026,0.815691,58,29,96,0.006612,2.281957
6027,0.815718,58,29,96,0.006614,2.282009
6028,0.815739,58,29,96,0.006614,2.282063
6029,0.815746,58,29,96,0.006613,2.282127
6030,0.815718,58,29,96,0.006612,2.282209
6031,0.815718,58,29,96,0.006611,2.282280
6032,0.815738,58,29,96,0.006611,2.282334
6033,0.815743,58,29,96,0.006610,2.282402
6034,0.815726,58,29,96,0.006609,2.282477
6035,0.815755,58,29,96,0.006616,2.282511
6036,0.815761,58,29,96,0.006615,2.282578
6037,0.815787,58,29,96,0.006617,2.282627
6038,0.815801,58,29,96,0.006617,2.282684
6039,0.815826,58,29,96,0.006618,2.282734
6040,0.815841,58,29,96,0.006618,2.282790
6041,0.815784,58,29,96,0.006616,2.282869
6042,0.815775,58,29,96,0.006614,2.282942
6043,0.815797,58,29,96,0.006615,2.282996
6044,0.815823,58,29,96,0.006617,2.283043
6045,0.815777,58,29,96,0.006615,2.283131
6046,0.815798,58,29,96,0.006615,2.283186
6047,0.815813,58,29,96,0.006615,2.283241
6048,0.815811,58,29,96,0.006614,2.283312
6049,0.815824,58,29,96,0.006614,2.283368
6050,0.815818,58,29,96,0.006612,2.283440
6051,0.815840,58,29,96,0.006613,2.283494
6052,0.815853,58,29,96,0.006613,2.283551
6053,0.815766,58,29,96,0.006611,2.283546
6054,0.815766,58,29,96,0.006610,2.283616
6055,0.815749,58,29,96,0.006608,2.283691
6056,0.815708,58,29,96,0.006607,2.283781
6057,0.815722,58,29,96,0.006606,2.283837
6058,0.815701,58,29,96,0.006605,2.283915
6059,0.815665,58,29,96,0.006603,2.284007
6060,0.815693,58,29,96,0.006606,2.284052
6061,0.815721,58,29,96,0.006608,2.284103
6062,0.815749,58,29,96,0.006611,2.284148
6063,0.815775,58,29,96,0.006613,2.284196
6064,0.815787,58,29,96,0.006612,2.284253
6065,0.815808,58,29,96,0.006613,2.284306
6066,0.815822,58,29,96,0.006612,2.284362
6067,0.815814,58,29,96,0.006611,2.284434
6068,0.815748,58,29,96,0.006609,2.284497
6069,0.815759,58,29,96,0.006609,2.284555
6070,0.815735,58,29,96,0.006607,2.284635
6071,0.815722,58,29,96,0.006606,2.284709
6072,0.815721,58,29,96,0.006605,2.284779
6073,0.815744,58,29,96,0.006605,2.284832
6074,0.815768,58,29,96,0.006606,2.284884
6075,0.815787,58,29,96,0.006607,2.284938
6076,0.815783,58,29,96,0.006605,2.285008
6077,0.815803,58,29,96,0.006606,2.285061
6078,0.815749,58,29,96,0.006604,2.285142
6079,0.815752,58,29,96,0.006603,2.285210
6080,0.815739,58,29,96,0.006602,2.285284
6081,0.815760,58,29,96,0.006602,2.285337
6082,0.815765,58,29,96,0.006601,2.285403
6083,0.815760,58,29,96,0.006600,2.285474
6084,0.815771,58,29,96,0.006599,2.285531
6085,0.815799,58,29,96,0.006602,2.285577
6086,0.815791,58,29,96,0.006601,2.285649
6087,0.815818,58,29,96,0.006603,2.285700
6088,0.815837,58,29,96,0.006603,2.285755
6089,0.815852,58,29,96,0.006603,2.285810
6090,0.815840,58,29,96,0.006602,2.285883
6091,0.815841,58,29,96,0.006601,2.285952
6092,0.815836,58,29,96,0.006600,2.286022
6093,0.815817,58,29,96,0.006598,2.286098
6094,0.815789,58,29,96,0.006596,2.286181
6095,0.815797,58,29,96,0.006596,2.286242
6096,0.815800,58,29,96,0.006595,2.286310
6097,0.815788,58,29,96,0.006594,2.286382
6098,0.815789,58,29,96,0.006593,2.286451
6099,0.815813,58,29,96,0.006594,2.286501
6100,0.815823,58,29,96,0.006593,2.286561
6101,0.815850,58,29,96,0.006595,2.286611
6102,0.815876,58,29,96,0.006597,2.286660
6103,0.815899,58,29,96,0.006598,2.286712
6104,0.815852,58,29,96,0.006596,2.286799
6105,0.815844,58,29,96,0.006595,2.286871
6106,0.815871,58,29,96,0.006598,2.286915
6107,0.815898,58,29,96,0.006600,2.286966
6108,0.815914,58,29,96,0.006600,2.287021
6109,0.815895,58,29,96,0.006598,2.287096
6110,0.815889,58,29,96,0.006597,2.287167
6111,0.815858,58,29,96,0.006595,2.287254
6112,0.815860,58,29,96,0.006594,2.287322
6113,0.815799,58,29,96,0.006592,2.287393
6114,0.815819,58,29,96,0.006592,2.287447
6115,0.815810,58,29,96,0.006591,2.287518
6116,0.815832,58,29,96,0.006592,2.287572
6117,0.815815,58,29,96,0.006590,2.287646
6118,0.815767,58,29,96,0.006589,2.287732
6119,0.815769,58,29,96,0.006588,2.287799
6120,0.815775,58,29,96,0.006587,2.287864
6121,0.815784,58,29,96,0.006586,2.287923
6122,0.815809,58,29,96,0.006588,2.287972
6123,0.815832,58,29,96,0.006588,2.288025
6124,0.815851,58,29,96,0.006588,2.288078
6125,0.815858,58,29,96,0.006588,2.288141
6126,0.815851,58,29,96,0.006586,2.288211
6127,0.815815,58,29,96,0.006585,2.288302
6128,0.815828,58,29,96,0.006584,2.288358
6129,0.815843,58,29,96,0.006584,2.288413
6130,0.815799,58,29,96,0.006583,2.288500
6131,0.815777,58,29,96,0.006581,2.288578
6132,0.815705,58,29,96,0.006579,2.288629
6133,0.815675,58,29,96,0.006577,2.288715
6134,0.815690,58,29,96,0.006577,2.288770
6135,0.815713,58,29,96,0.006578,2.288823
6136,0.815678,58,29,96,0.006576,2.288913
6137,0.815668,58,29,96,0.006575,2.288984
6138,0.815642,58,29,96,0.006574,2.289064
6139,0.815671,58,29,96,0.006577,2.289112
6140,0.815700,58,29,96,0.006584,2.289145
6141,0.815717,58,29,96,0.006584,2.289199
6142,0.815709,58,29,96,0.006582,2.289269
6143,0.815737,58,29,96,0.006585,2.289321
6144,0.815763,58,29,96,0.006587,2.289369
6145,0.815752,58,29,96,0.006586,2.289440
6146,0.815730,58,29,96,0.006584,2.289517
6147,0.815755,58,29,96,0.006586,2.289563
6148,0.815775,58,29,96,0.006586,2.289616
6149,0.815789,58,29,96,0.006586,2.289671
6150,0.815818,58,29,96,0.006589,2.289722
6151,0.815839,58,29,96,0.006590,2.289776
6152,0.815855,58,29,96,0.006590,2.289831
6153,0.815854,58,29,96,0.006589,2.289900
6154,0.815874,58,29,96,0.006589,2.289953
6155,0.815873,58,29,96,0.006588,2.290022
6156,0.815891,58,29,96,0.006588,2.290076
6157,0.815915,58,29,96,0.006589,2.290128
6158,0.815862,58,29,96,0.006587,2.290209
6159,0.815873,58,29,96,0.006587,2.290265
6160,0.815834,58,29,96,0.006585,2.290356
6161,0.815809,58,29,96,0.006583,2.290435
6162,0.815837,58,29,96,0.006586,2.290483
6163,0.815861,58,29,96,0.006587,2.290533
6164,0.815846,58,29,96,0.006586,2.290607
6165,0.815866,58,29,96,0.006586,2.290660
6166,0.815886,58,29,96,0.006587,2.290713
6167,0.815839,58,29,96,0.006585,2.290797
6168,0.815868,58,29,96,0.006592,2.290831
6169,0.815865,58,29,96,0.006591,2.290900
6170,0.815860,58,29,96,0.006590,2.290968
6171,0.815884,58,29,96,0.006591,2.291019
6172,0.815884,58,29,96,0.006590,2.291088
6173,0.815870,58,29,96,0.006588,2.291161
6174,0.815893,58,29,96,0.006589,2.291213
6175,0.815885,58,29,96,0.006588,2.291283
6176,0.815888,58,29,96,0.006587,2.291350
6177,0.815907,58,29,96,0.006587,2.291404
6178,0.815914,58,29,96,0.006586,2.291466
6179,0.815937,58,29,96,0.006587,2.291516
6180,0.815943,58,29,96,0.006586,2.291582
6181,0.815893,58,29,96,0.006585,2.291665
6182,0.815844,58,29,96,0.006583,2.291748
6183,0.815871,58,29,96,0.006586,2.291792
6184,0.815841,58,29,96,0.006584,2.291877
6185,0.815838,58,29,96,0.006583,2.291946
6186,0.815790,58,29,96,0.006581,2.292028
6187,0.815818,58,29,96,0.006584,2.292075
6188,0.815830,58,29,96,0.006584,2.292130
6189,0.815851,58,29,96,0.006584,2.292184
6190,0.815856,58,29,96,0.006583,2.292250
6191,0.815880,58,29,96,0.006585,2.292296
6192,0.815906,58,29,96,0.006587,2.292344
6193,0.815930,58,29,96,0.006588,2.292394
6194,0.815926,58,29,96,0.006587,2.292462
6195,0.815876,58,29,96,0.006585,2.292543
6196,0.815872,58,29,96,0.006584,2.292611
6197,0.815898,58,29,96,0.006586,2.292659
6198,0.815926,58,29,96,0.006589,2.292710
6199,0.815939,58,29,96,0.006588,2.292765
6200,0.815950,58,29,96,0.006588,2.292823
6201,0.815976,58,29,96,0.006590,2.292872
6202,0.815998,58,29,96,0.006590,2.292926
6203,0.816026,58,29,96,0.006597,2.292959
6204,0.816028,58,29,96,0.006596,2.293026
6205,0.816030,58,29,96,0.006595,2.293093
6206,0.816035,58,29,96,0.006595,2.293157
6207,0.816000,58,29,96,0.006593,2.293246
6208,0.816029,58,29,96,0.006600,2.293279
6209,0.816088,58,29,96,0.006601,2.293409
6210,0.816038,58,29,96,0.006599,2.293489
6211,0.816026,58,29,96,0.006598,2.293561
6212,0.816054,58,29,96,0.006605,2.293593
6213,0.816058,58,29,96,0.006604,2.293660
6214,0.816042,58,29,96,0.006603,2.293733
6215,0.816050,58,29,96,0.006602,2.293794
6216,0.816023,58,29,96,0.006600,2.293877
6217,0.816031,58,29,96,0.006600,2.293938
6218,0.816044,58,29,96,0.006599,2.293993
6219,0.816009,58,29,96,0.006598,2.294081
6220,0.815951,58,29,96,0.006596,2.294154
6221,0.815972,58,29,96,0.006596,2.294207
6222,0.815993,58,29,96,0.006597,2.294260
6223,0.816004,58,29,96,0.006596,2.294317
6224,0.816015,58,29,96,0.006596,2.294372
6225,0.816011,58,29,96,0.006595,2.294439
6226,0.816003,58,29,96,0.006594,2.294509
6227,0.815980,58,29,96,0.006592,2.294586
6228,0.815978,58,29,96,0.006591,2.294653
6229,0.816002,58,29,96,0.006592,2.294703
6230,0.816014,58,29,96,0.006592,2.294757
6231,0.816043,58,29,96,0.006599,2.294790
6232,0.816067,58,29,96,0.006600,2.294835
6233,0.816077,58,29,96,0.006600,2.294894
6234,0.815995,58,29,96,0.006598,2.294906
6235,0.816020,58,29,96,0.006600,2.294952
6236,0.816029,58,29,96,0.006599,2.295011
6237,0.816055,58,29,96,0.006601,2.295061
6238,0.816083,58,29,96,0.006604,2.295108
6239,0.816073,58,29,96,0.006603,2.295178
6240,0.816102,58,29,96,0.006610,2.295210
6241,0.816130,58,29,96,0.006617,2.295243
6242,0.816070,58,29,96,0.006615,2.295312
6243,0.816095,58,29,96,0.006617,2.295358
6244,0.816122,58,29,96,0.006619,2.295407
6245,0.816131,58,29,96,0.006618,2.295465
6246,0.816121,58,29,96,0.006617,2.295535
6247,0.816082,58,29,96,0.006615,2.295625
6248,0.816109,58,29,96,0.006618,2.295671
6249,0.816132,58,29,96,0.006619,2.295721
6250,0.816129,58,29,96,0.006618,2.295788
6251,0.816083,58,29,96,0.006616,2.295870
6252,0.816104,58,29,96,0.006616,2.295923
6253,0.816117,58,29,96,0.006616,2.295978
6254,0.816116,58,29,96,0.006615,2.296045
6255,0.816135,58,29,96,0.006615,2.296098
6256,0.816132,58,29,96,0.006614,2.296165
6257,0.816160,58,29,96,0.006617,2.296214
6258,0.816184,58,29,96,0.006619,2.296260
6259,0.816162,58,29,96,0.006617,2.296336
6260,0.816190,58,29,96,0.006620,2.296386
6261,0.816152,58,29,96,0.006619,2.296475
6262,0.816157,58,29,96,0.006618,2.296540
6263,0.816149,58,29,96,0.006617,2.296608
6264,0.816096,58,29,96,0.006615,2.296686
6265,0.816115,58,29,96,0.006615,2.296738
6266,0.816064,58,29,96,0.006613,2.296816
6267,0.816090,58,29,96,0.006615,2.296865
6268,0.816097,58,29,96,0.006614,2.296926
6269,0.816125,58,29,96,0.006617,2.296971
6270,0.816131,58,29,96,0.006616,2.297032
6271,0.816151,58,29,96,0.006617,2.297084
6272,0.816145,58,29,96,0.006616,2.297153
6273,0.816128,58,29,96,0.006614,2.297226
6274,0.816141,58,29,96,0.006614,2.297280
6275,0.816165,58,29,96,0.006615,2.297329
6276,0.816172,58,29,96,0.006614,2.297389
6277,0.816178,58,29,96,0.006614,2.297450
6278,0.816187,58,29,96,0.006613,2.297509
6279,0.816190,58,29,96,0.006612,2.297575
6280,0.816195,58,29,96,0.006611,2.297639
6281,0.816187,58,29,96,0.006610,2.297707
6282,0.816155,58,29,96,0.006608,2.297792
6283,0.816165,58,29,96,0.006608,2.297850
6284,0.816183,58,29,96,0.006608,2.297904
6285,0.816187,58,29,96,0.006607,2.297968
6286,0.816214,58,29,96,0.006610,2.298012
6287,0.816235,58,29,96,0.006610,2.298064
6288,0.816244,58,29,96,0.006610,2.298122
6289,0.816268,58,29,96,0.006611,2.298172
6290,0.816287,58,29,96,0.006611,2.298223
6291,0.816260,58,29,96,0.006610,2.298305
6292,0.816157,58,29,96,0.006608,2.298099
6293,0.816052,58,29,96,0.006606,2.297836
6294,0.816036,58,29,96,0.006604,2.297909
6295,0.815961,58,29,96,0.006602,2.297941
6296,0.815979,58,29,96,0.006603,2.297994
6297,0.815990,58,29,96,0.006602,2.298051
6298,0.815935,58,29,96,0.006600,2.298125
6299,0.815952,58,29,96,0.006600,2.298179
6300,0.815917,58,29,96,0.006599,2.298265
6301,0.815872,58,29,96,0.006597,2.298347
6302,0.815899,58,29,96,0.006600,2.298391
6303,0.815913,58,29,96,0.006600,2.298445
6304,0.815936,58,29,96,0.006601,2.298494
6305,0.815886,58,29,96,0.006599,2.298572
6306,0.815904,58,29,96,0.006599,2.298624
6307,0.815897,58,29,96,0.006598,2.298692
6308,0.815883,58,29,96,0.006596,2.298764
6309,0.815909,58,29,96,0.006598,2.298813
6310,0.815897,58,29,96,0.006597,2.298884
6311,0.815914,58,29,96,0.006597,2.298937
6312,0.815922,58,29,96,0.006596,2.298996
6313,0.815925,58,29,96,0.006595,2.299061
6314,0.815944,58,29,96,0.006596,2.299113
6315,0.815921,58,29,96,0.006594,2.299189
6316,0.815902,58,29,96,0.006593,2.299264
6317,0.815890,58,29,96,0.006591,2.299334
6318,0.815905,58,29,96,0.006591,2.299388
6319,0.815867,58,29,96,0.006590,2.299477
6320,0.815895,58,29,96,0.006593,2.299526
6321,0.815916,58,29,96,0.006593,2.299578
6322,0.815923,58,29,96,0.006592,2.299638
6323,0.815935,58,29,96,0.006592,2.299693
6324,0.815926,58,29,96,0.006591,2.299761
6325,0.815948,58,29,96,0.006591,2.299813
6326,0.815976,58,29,96,0.006598,2.299845
6327,0.815962,58,29,96,0.006597,2.299917
6328,0.815980,58,29,96,0.006597,2.299969
6329,0.815994,58,29,96,0.006597,2.300022
6330,0.816009,58,29,96,0.006597,2.300076
6331,0.816021,58,29,96,0.006597,2.300130
6332,0.816021,58,29,96,0.006596,2.300197
6333,0.816002,58,29,96,0.006594,2.300271
6334,0.816025,58,29,96,0.006595,2.300320
6335,0.816032,58,29,96,0.006595,2.300379
6336,0.816041,58,29,96,0.006594,2.300436
6337,0.816054,58,29,96,0.006594,2.300490
6338,0.816069,58,29,96,0.006594,2.300544
6339,0.816056,58,29,96,0.006592,2.300614
6340,0.816068,58,29,96,0.006592,2.300667
6341,0.816096,58,29,96,0.006599,2.300699
6342,0.816123,58,29,96,0.006602,2.300745
6343,0.816117,58,29,96,0.006601,2.300813
6344,0.816114,58,29,96,0.006600,2.300880
6345,0.816138,58,29,96,0.006601,2.300924
6346,0.816154,58,29,96,0.006601,2.300978
6347,0.816169,58,29,96,0.006601,2.301032
6348,0.816182,58,29,96,0.006601,2.301086
6349,0.816209,58,29,96,0.006604,2.301134
6350,0.816203,58,29,96,0.006603,2.301202
6351,0.816229,58,29,96,0.006605,2.301245
6352,0.816244,58,29,96,0.006605,2.301298
6353,0.816257,58,29,96,0.006605,2.301352
6354,0.816277,58,29,96,0.006605,2.301403
6355,0.816287,58,29,96,0.006605,2.301459
6356,0.816309,58,29,96,0.006606,2.301511
6357,0.816255,58,29,96,0.006604,2.301585
6358,0.816272,58,29,96,0.006604,2.301637
6359,0.816244,58,29,96,0.006602,2.301719
6360,0.816205,58,29,96,0.006601,2.301807
6361,0.816225,58,29,96,0.006601,2.301859
6362,0.816231,58,29,96,0.006600,2.301921
6363,0.816256,58,29,96,0.006602,2.301968
6364,0.816264,58,29,96,0.006601,2.302026
6365,0.816260,58,29,96,0.006600,2.302091
6366,0.816272,58,29,96,0.006600,2.302145
6367,0.816290,58,29,96,0.006600,2.302196
6368,0.816311,58,29,96,0.006601,2.302248
6369,0.816338,58,29,96,0.006604,2.302296
6370,0.816270,58,29,96,0.006602,2.302347
6371,0.816276,58,29,96,0.006601,2.302407
6372,0.816248,58,29,96,0.006600,2.302487
6373,0.816261,58,29,96,0.006599,2.302540
6374,0.816237,58,29,96,0.006598,2.302618
6375,0.816264,58,29,96,0.006601,2.302663
6376,0.816284,58,29,96,0.006601,2.302715
6377,0.816288,58,29,96,0.006600,2.302779
6378,0.816249,58,29,96,0.006599,2.302866
6379,0.816261,58,29,96,0.006598,2.302919
6380,0.816284,58,29,96,0.006600,2.302967
6381,0.816290,58,29,96,0.006599,2.303030
6382,0.816304,58,29,96,0.006599,2.303083
6383,0.816258,58,29,96,0.006597,2.303163
6384,0.816274,58,29,96,0.006597,2.303216
6385,0.816294,58,29,96,0.006597,2.303267
6386,0.816311,58,29,96,0.006597,2.303320
6387,0.816317,58,29,96,0.006597,2.303382
6388,0.816268,58,29,96,0.006595,2.303458
6389,0.816289,58,29,96,0.006595,2.303509
6390,0.816248,58,29,96,0.006594,2.303594
6391,0.816266,58,29,96,0.006594,2.303647
6392,0.816160,58,29,96,0.006592,2.303334
6393,0.816107,58,29,96,0.006590,2.303408
6394,0.816122,58,29,96,0.006590,2.303461
6395,0.816147,58,29,96,0.006592,2.303507
6396,0.816159,58,29,96,0.006591,2.303560
6397,0.816128,58,29,96,0.006590,2.303645
6398,0.816129,58,29,96,0.006589,2.303711
6399,0.816155,58,29,96,0.006591,2.303754
6400,0.816163,58,29,96,0.006591,2.303812
6401,0.816157,58,29,96,0.006590,2.303879
6402,0.816178,58,29,96,0.006590,2.303930
6403,0.816193,58,29,96,0.006590,2.303982
6404,0.816214,58,29,96,0.006591,2.304033
6405,0.816214,58,29,96,0.006590,2.304101
6406,0.816224,58,29,96,0.006589,2.304156
6407,0.816173,58,29,96,0.006587,2.304230
6408,0.816201,58,29,96,0.006591,2.304278
6409,0.816223,58,29,96,0.006591,2.304329
6410,0.816225,58,29,96,0.006590,2.304394
6411,0.816220,58,29,96,0.006589,2.304460
6412,0.816181,58,29,96,0.006587,2.304546
6413,0.816169,58,29,96,0.006586,2.304615
6414,0.816162,58,29,96,0.006585,2.304682
6415,0.816175,58,29,96,0.006585,2.304734
6416,0.816201,58,29,96,0.006587,2.304783
6417,0.816228,58,29,96,0.006590,2.304830
6418,0.816161,58,29,96,0.006588,2.304882
6419,0.816148,58,29,96,0.006587,2.304952
6420,0.816165,58,29,96,0.006587,2.305003
6421,0.816189,58,29,96,0.006588,2.305050
6422,0.816205,58,29,96,0.006588,2.305103
6423,0.816231,58,29,96,0.006590,2.305152
6424,0.816246,58,29,96,0.006590,2.305205
6425,0.816266,58,29,96,0.006590,2.305256
6426,0.816290,58,29,96,0.006592,2.305302
6427,0.816277,58,29,96,0.006591,2.305372
6428,0.816304,58,29,96,0.006594,2.305419
6429,0.816273,58,29,96,0.006592,2.305503
6430,0.816283,58,29,96,0.006592,2.305559
6431,0.816283,58,29,96,0.006591,2.305624
6432,0.816234,58,29,96,0.006589,2.305698
6433,0.816253,58,29,96,0.006589,2.305749
6434,0.816263,58,29,96,0.006589,2.305806
6435,0.816279,58,29,96,0.006589,2.305858
6436,0.816287,58,29,96,0.006588,2.305914
6437,0.816192,58,29,96,0.006587,2.305791
6438,0.816177,58,29,96,0.006585,2.305862
6439,0.816203,58,29,96,0.006587,2.305911
6440,0.816224,58,29,96,0.006587,2.305962
6441,0.816223,58,29,96,0.006586,2.306029
6442,0.816217,58,29,96,0.006585,2.306094
6443,0.816185,58,29,96,0.006584,2.306178
6444,0.816188,58,29,96,0.006583,2.306243
6445,0.816170,58,29,96,0.006581,2.306316
6446,0.816187,58,29,96,0.006581,2.306368
6447,0.816177,58,29,96,0.006580,2.306437
6448,0.816201,58,29,96,0.006582,2.306482
6449,0.816205,58,29,96,0.006581,2.306545
6450,0.816231,58,29,96,0.006584,2.306587
6451,0.816232,58,29,96,0.006583,2.306652
6452,0.816205,58,29,96,0.006581,2.306732
6453,0.816212,58,29,96,0.006580,2.306790
6454,0.816234,58,29,96,0.006581,2.306839
6455,0.816246,58,29,96,0.006581,2.306891
6456,0.816253,58,29,96,0.006581,2.306948
6457,0.816275,58,29,96,0.006581,2.307000
6458,0.816167,58,29,96,0.006579,2.306577
6459,0.816184,58,29,96,0.006579,2.306628
6460,0.816136,58,29,96,0.006578,2.306704
6461,0.816101,58,29,96,0.006576,2.306789
6462,0.816104,58,29,96,0.006575,2.306851
6463,0.816025,58,29,96,0.006573,2.306859
6464,0.816040,58,29,96,0.006573,2.306911
6465,0.816030,58,29,96,0.006572,2.306979
6466,0.816055,58,29,96,0.006574,2.307027
6467,0.816068,58,29,96,0.006573,2.307079
6468,0.816033,58,29,96,0.006572,2.307163
6469,0.816054,58,29,96,0.006572,2.307214
6470,0.816079,58,29,96,0.006574,2.307262
6471,0.816103,58,29,96,0.006576,2.307307
6472,0.816097,58,29,96,0.006575,2.307372
6473,0.816099,58,29,96,0.006574,2.307436
6474,0.816124,58,29,96,0.006575,2.307483
6475,0.816145,58,29,96,0.006576,2.307533
6476,0.816084,58,29,96,0.006574,2.307595
6477,0.816108,58,29,96,0.006576,2.307640
6478,0.816125,58,29,96,0.006576,2.307692
6479,0.816138,58,29,96,0.006576,2.307744
6480,0.816137,58,29,96,0.006575,2.307810
6481,0.816130,58,29,96,0.006573,2.307876
6482,0.816139,58,29,96,0.006573,2.307932
6483,0.816111,58,29,96,0.006571,2.308012
6484,0.816132,58,29,96,0.006572,2.308062
6485,0.816148,58,29,96,0.006572,2.308114
6486,0.816170,58,29,96,0.006573,2.308165
6487,0.816188,58,29,96,0.006573,2.308216
6488,0.816190,58,29,96,0.006572,2.308280
6489,0.816213,58,29,96,0.006573,2.308329
6490,0.816232,58,29,96,0.006573,2.308380
6491,0.816232,58,29,96,0.006572,2.308445
6492,0.816260,58,29,96,0.006579,2.308477
6493,0.816286,58,29,96,0.006582,2.308523
6494,0.816270,58,29,96,0.006581,2.308595
6495,0.816290,58,29,96,0.006581,2.308645
6496,0.816307,58,29,96,0.006581,2.308696
6497,0.816326,58,29,96,0.006582,2.308746
6498,0.816303,58,29,96,0.006580,2.308821
6499,0.816316,58,29,96,0.006580,2.308873
6500,0.816325,58,29,96,0.006580,2.308929
6501,0.816348,58,29,96,0.006581,2.308976
6502,0.816324,58,29,96,0.006579,2.309054
6503,0.816342,58,29,96,0.006579,2.309105
6504,0.816356,58,29,96,0.006579,2.309157
6505,0.816375,58,29,96,0.006580,2.309208
6506,0.816397,58,29,96,0.006581,2.309256
6507,0.816424,58,29,96,0.006583,2.309301
6508,0.816303,58,29,96,0.006582,2.307722
6509,0.816287,58,29,96,0.006580,2.307793
6510,0.816300,58,29,96,0.006580,2.307844
6511,0.816319,58,29,96,0.006580,2.307895
6512,0.816345,58,29,96,0.006583,2.307938
6513,0.816355,58,29,96,0.006583,2.307992
6514,0.816299,58,29,96,0.006581,2.308061
6515,0.816326,58,29,96,0.006588,2.308092
6516,0.816321,58,29,96,0.006587,2.308158
6517,0.816337,58,29,96,0.006586,2.308209
6518,0.816354,58,29,96,0.006587,2.308260
6519,0.816295,58,29,96,0.006585,2.308323
6520,0.816322,58,29,96,0.006592,2.308355
6521,0.816291,58,29,96,0.006590,2.308437
6522,0.816318,58,29,96,0.006593,2.308484
6523,0.816328,58,29,96,0.006593,2.308537
6524,0.816317,58,29,96,0.006592,2.308605
6525,0.816343,58,29,96,0.006594,2.308648
6526,0.816351,58,29,96,0.006594,2.308703
6527,0.816377,58,29,96,0.006596,2.308745
6528,0.816391,58,29,96,0.006596,2.308797
6529,0.816410,58,29,96,0.006597,2.308846
6530,0.816395,58,29,96,0.006595,2.308917
6531,0.816421,58,29,96,0.006598,2.308960
6532,0.816443,58,29,96,0.006599,2.309010
6533,0.816462,58,29,96,0.006599,2.309060
6534,0.816478,58,29,96,0.006599,2.309110
6535,0.816488,58,29,96,0.006599,2.309163
6536,0.816516,58,29,96,0.006605,2.309194
6537,0.816537,58,29,96,0.006606,2.309243
6538,0.816506,58,29,96,0.006604,2.309325
6539,0.816498,58,29,96,0.006603,2.309391
6540,0.816516,58,29,96,0.006603,2.309442
6541,0.816513,58,29,96,0.006602,2.309508
6542,0.816511,58,29,96,0.006601,2.309574
6543,0.816496,58,29,96,0.006600,2.309644
6544,0.816521,58,29,96,0.006602,2.309691
6545,0.816536,58,29,96,0.006602,2.309742
6546,0.816544,58,29,96,0.006601,2.309799
6547,0.816571,58,29,96,0.006608,2.309830
6548,0.816597,58,29,96,0.006610,2.309878
6549,0.816572,58,29,96,0.006608,2.309956
6550,0.816570,58,29,96,0.006607,2.310021
6551,0.816597,58,29,96,0.006610,2.310066
6552,0.816603,58,29,96,0.006609,2.310125
6553,0.816623,58,29,96,0.006610,2.310174
6554,0.816649,58,29,96,0.006613,2.310217
6555,0.816655,58,29,96,0.006612,2.310275
6556,0.816571,58,29,96,0.006610,2.310250
6557,0.816598,58,29,96,0.006613,2.310295
6558,0.816557,58,29,96,0.006611,2.310378
6559,0.816582,58,29,96,0.006613,2.310424
6560,0.816560,58,29,96,0.006611,2.310499
6561,0.816555,58,29,96,0.006610,2.310564
6562,0.816560,58,29,96,0.006609,2.310626
6563,0.816587,58,29,96,0.006613,2.310672
6564,0.816556,58,29,96,0.006611,2.310753
6565,0.816566,58,29,96,0.006611,2.310807
6566,0.816583,58,29,96,0.006611,2.310857
6567,0.816583,58,29,96,0.006610,2.310922
6568,0.816603,58,29,96,0.006610,2.310973
6569,0.816584,58,29,96,0.006609,2.311046
6570,0.816589,58,29,96,0.006608,2.311109
6571,0.816566,58,29,96,0.006606,2.311183
6572,0.816579,58,29,96,0.006606,2.311234
6573,0.816592,58,29,96,0.006606,2.311285
6574,0.816610,58,29,96,0.006606,2.311334
6575,0.816635,58,29,96,0.006608,2.311381
6576,0.816519,58,29,96,0.006606,2.310276
6577,0.816543,58,29,96,0.006608,2.310320
6578,0.816561,58,29,96,0.006608,2.310370
6579,0.816570,58,29,96,0.006608,2.310425
6580,0.816587,58,29,96,0.006608,2.310476
6581,0.816572,58,29,96,0.006606,2.310545
6582,0.816590,58,29,96,0.006607,2.310594
6583,0.816584,58,29,96,0.006606,2.310659
6584,0.816569,58,29,96,0.006604,2.310728
6585,0.816527,58,29,96,0.006603,2.310809
6586,0.816550,58,29,96,0.006604,2.310858
6587,0.816568,58,29,96,0.006604,2.310908
6588,0.816485,58,29,96,0.006602,2.310890
6589,0.816507,58,29,96,0.006603,2.310937
6590,0.816534,58,29,96,0.006610,2.310968
6591,0.816561,58,29,96,0.006616,2.310999
6592,0.816586,58,29,96,0.006618,2.311047
6593,0.816594,58,29,96,0.006617,2.311103
6594,0.816592,58,29,96,0.006616,2.311168
6595,0.816594,58,29,96,0.006615,2.311231
6596,0.816612,58,29,96,0.006616,2.311281
6597,0.816630,58,29,96,0.006616,2.311330
6598,0.816632,58,29,96,0.006615,2.311392
6599,0.816657,58,29,96,0.006617,2.311438
6600,0.816668,58,29,96,0.006616,2.311490
6601,0.816693,58,29,96,0.006619,2.311533
6602,0.816719,58,29,96,0.006622,2.311574
6603,0.816734,58,29,96,0.006622,2.311625
6604,0.816745,58,29,96,0.006622,2.311677
6605,0.816749,58,29,96,0.006621,2.311739
6606,0.816763,58,29,96,0.006621,2.311790
6607,0.816762,58,29,96,0.006620,2.311855
6608,0.816709,58,29,96,0.006618,2.311925
6609,0.816735,58,29,96,0.006620,2.311966
6610,0.816757,58,29,96,0.006621,2.312014
6611,0.816767,58,29,95,0.006621,2.312067
6612,0.816725,58,29,96,0.006619,2.312147
6613,0.816752,58,29,96,0.006622,2.312193
6614,0.816777,58,29,95,0.006624,2.312240
6615,0.816785,58,29,95,0.006624,2.312295
6616,0.816778,58,29,96,0.006623,2.312359
6617,0.816761,58,29,96,0.006621,2.312430
6618,0.816771,58,29,96,0.006621,2.312482
6619,0.816769,58,29,96,0.006620,2.312547
6620,0.816781,58,29,96,0.006620,2.312598
6621,0.816807,58,29,96,0.006622,2.312640
6622,0.816829,58,29,96,0.006623,2.312687
6623,0.816796,58,29,96,0.006622,2.312769
6624,0.816823,58,29,96,0.006628,2.312800
6625,0.816837,58,29,95,0.006628,2.312851
6626,0.816861,58,29,95,0.006630,2.312896
6627,0.816882,58,29,95,0.006631,2.312945
6628,0.816897,58,29,95,0.006631,2.312995
6629,0.816904,58,29,95,0.006630,2.313052
6630,0.816909,58,29,95,0.006629,2.313112
6631,0.816905,58,29,95,0.006628,2.313177
6632,0.816925,58,29,95,0.006628,2.313227
6633,0.816938,58,29,95,0.006628,2.313277
6634,0.816952,58,29,95,0.006628,2.313328
6635,0.816951,58,29,95,0.006627,2.313392
6636,0.816916,58,29,95,0.006626,2.313475
6637,0.816918,58,29,95,0.006625,2.313537
6638,0.816935,58,29,95,0.006625,2.313587
6639,0.816951,58,29,95,0.006625,2.313637
6640,0.816946,58,29,95,0.006624,2.313701
6641,0.816932,58,29,95,0.006622,2.313769
6642,0.816910,58,29,95,0.006621,2.313843
6643,0.816929,58,29,95,0.006621,2.313892
6644,0.816948,58,29,95,0.006622,2.313941
6645,0.816957,58,29,95,0.006621,2.313995
6646,0.816961,58,29,95,0.006620,2.314057
6647,0.816966,58,29,95,0.006620,2.314116
6648,0.816986,58,29,95,0.006620,2.314166
6649,0.816998,58,29,95,0.006620,2.314216
6650,0.816981,58,29,95,0.006619,2.314287
6651,0.817001,58,29,95,0.006619,2.314336
6652,0.816977,58,29,95,0.006618,2.314412
6653,0.816985,58,29,95,0.006617,2.314467
6654,0.817005,58,29,95,0.006618,2.314517
6655,0.817028,58,29,95,0.006619,2.314561
6656,0.817053,58,29,95,0.006622,2.314601
6657,0.817071,58,29,95,0.006622,2.314651
6658,0.817062,58,29,95,0.006621,2.314717
6659,0.817074,58,29,95,0.006621,2.314767
6660,0.817085,58,29,95,0.006620,2.314819
6661,0.817086,58,29,95,0.006619,2.314883
6662,0.817030,58,29,95,0.006621,2.315944
6663,0.817024,58,29,95,0.006619,2.316007
6664,0.817043,58,29,95,0.006620,2.316056
6665,0.817063,58,29,95,0.006620,2.316106
6666,0.817076,58,29,95,0.006620,2.316156
6667,0.817100,58,29,95,0.006622,2.316203
6668,0.817120,58,29,95,0.006622,2.316252
6669,0.817146,58,29,95,0.006625,2.316297
6670,0.817151,58,29,95,0.006625,2.316355
6671,0.817157,58,29,95,0.006624,2.316413
6672,0.817180,58,29,95,0.006625,2.316456
6673,0.817197,58,29,95,0.006626,2.316506
6674,0.817210,58,29,95,0.006625,2.316556
6675,0.817234,58,29,95,0.006627,2.316602
6676,0.817233,58,29,95,0.006626,2.316665
6677,0.817257,58,29,95,0.006628,2.316711
6678,0.817255,58,29,95,0.006627,2.316775
6679,0.817275,58,29,95,0.006627,2.316824
6680,0.817255,58,29,95,0.006626,2.316897
6681,0.817279,58,29,95,0.006627,2.316942
6682,0.817275,58,29,95,0.006626,2.317006
6683,0.817299,58,29,95,0.006628,2.317052
6684,0.817259,58,29,95,0.006626,2.317133
6685,0.817241,58,29,95,0.006625,2.317203
6686,0.817217,58,29,95,0.006623,2.317280
6687,0.817241,58,29,95,0.006625,2.317327
6688,0.817239,58,29,95,0.006624,2.317390
6689,0.817222,58,29,95,0.006623,2.317459
6690,0.817120,58,29,95,0.006621,2.317131
6691,0.817134,58,29,95,0.006621,2.317181
6692,0.817155,58,29,95,0.006622,2.317231
6693,0.817162,58,29,95,0.006621,2.317287
6694,0.817184,58,29,95,0.006622,2.317331
6695,0.817197,58,29,95,0.006622,2.317381
6696,0.817216,58,29,95,0.006623,2.317429
6697,0.817232,58,29,95,0.006623,2.317479
6698,0.817241,58,29,95,0.006622,2.317533
6699,0.817242,58,29,95,0.006621,2.317595
6700,0.817231,58,29,95,0.006620,2.317662
6701,0.817254,58,29,95,0.006621,2.317706
6702,0.817189,58,29,95,0.006620,2.317756
6703,0.817200,58,29,95,0.006619,2.317807
6704,0.817221,58,29,95,0.006620,2.317856
6705,0.817228,58,29,95,0.006619,2.317911
6706,0.817247,58,29,95,0.006620,2.317959
6707,0.817244,58,29,95,0.006619,2.318023
6708,0.817263,58,29,95,0.006619,2.318070
6709,0.817273,58,29,95,0.006619,2.318122
6710,0.817259,58,29,95,0.006618,2.318189
6711,0.817280,58,29,95,0.006618,2.318238
6712,0.817276,58,29,95,0.006617,2.318301
6713,0.817262,58,29,95,0.006616,2.318369
6714,0.817250,58,29,95,0.006615,2.318436
6715,0.817277,58,29,95,0.006621,2.318466
6716,0.817260,58,29,95,0.006620,2.318535
6717,0.817275,58,29,95,0.006620,2.318585
6718,0.817275,58,29,95,0.006619,2.318649
6719,0.817299,58,29,95,0.006620,2.318693
6720,0.816708,58,29,96,0.006612,2.316969
6721,0.816628,58,29,96,0.006610,2.316957
6722,0.816620,58,29,96,0.006609,2.317020
6723,0.816645,58,29,96,0.006610,2.317066
6724,0.816667,58,29,96,0.006611,2.317113
6725,0.816681,58,29,96,0.006611,2.317164
6726,0.816692,58,29,96,0.006611,2.317215
6727,0.816714,58,29,96,0.006612,2.317262
6728,0.816715,58,29,96,0.006611,2.317326
6729,0.816734,58,29,96,0.006612,2.317374
6730,0.816750,58,29,96,0.006612,2.317425
6731,0.816745,58,29,96,0.006610,2.317488
6732,0.816727,58,29,96,0.006609,2.317556
6733,0.816727,58,29,96,0.006608,2.317619
6734,0.816734,58,29,96,0.006607,2.317675
6735,0.816696,58,29,96,0.006606,2.317757
6736,0.816684,58,29,96,0.006605,2.317824
6737,0.816691,58,29,96,0.006604,2.317878
6738,0.816700,58,29,96,0.006604,2.317932
6739,0.816635,58,29,96,0.006602,2.317983
6740,0.816642,58,29,96,0.006601,2.318038
6741,0.816652,58,29,96,0.006601,2.318090
6742,0.816652,58,29,96,0.006600,2.318152
6743,0.816620,58,29,96,0.006598,2.318233
6744,0.816589,58,29,96,0.006597,2.318313
6745,0.816601,58,29,96,0.006597,2.318363
6746,0.816574,58,29,96,0.006595,2.318441
6747,0.816600,58,29,96,0.006598,2.318486
6748,0.816620,58,29,96,0.006599,2.318535
6749,0.816628,58,29,96,0.006598,2.318589
6750,0.816593,58,29,96,0.006596,2.318671
6751,0.816615,58,29,96,0.006597,2.318718
6752,0.816620,58,29,96,0.006597,2.318779
6753,0.816604,58,29,96,0.006595,2.318847
6754,0.816625,58,29,96,0.006596,2.318895
6755,0.816637,58,29,96,0.006596,2.318946
6756,0.816657,58,29,96,0.006596,2.318995
6757,0.816666,58,29,96,0.006596,2.319048
6758,0.816674,58,29,96,0.006595,2.319101
6759,0.816672,58,29,96,0.006594,2.319163
6760,0.816667,58,29,96,0.006593,2.319226
6761,0.816622,58,29,96,0.006592,2.319302
6762,0.816627,58,29,96,0.006591,2.319361
6763,0.816649,58,29,96,0.006592,2.319407
6764,0.816656,58,29,96,0.006591,2.319461
6765,0.816618,58,29,96,0.006590,2.319543
6766,0.816635,58,29,96,0.006590,2.319594
6767,0.816661,58,29,96,0.006596,2.319624
6768,0.816657,58,29,96,0.006595,2.319686
6769,0.816651,58,29,96,0.006594,2.319749
6770,0.816642,58,29,96,0.006593,2.319815
6771,0.816662,58,29,96,0.006594,2.319864
6772,0.816673,58,29,96,0.006593,2.319915
6773,0.816688,58,29,96,0.006593,2.319965
6774,0.816674,58,29,96,0.006592,2.320032
6775,0.816678,58,29,96,0.006591,2.320093
6776,0.816656,58,29,96,0.006590,2.320166
6777,0.816675,58,29,96,0.006590,2.320214
6778,0.816699,58,29,96,0.006592,2.320259
6779,0.816723,58,29,96,0.006594,2.320304
6780,0.816745,58,29,96,0.006594,2.320352
6781,0.816726,58,29,96,0.006593,2.320425
6782,0.816709,58,29,96,0.006592,2.320492
6783,0.816726,58,29,96,0.006592,2.320541
6784,0.816730,58,29,96,0.006591,2.320602
6785,0.816754,58,29,96,0.006593,2.320647
6786,0.816736,58,29,96,0.006592,2.320715
6787,0.816758,58,29,96,0.006593,2.320761
6788,0.816639,58,29,96,0.006591,2.318715
6789,0.816619,58,29,96,0.006589,2.318787
6790,0.816556,58,29,96,0.006588,2.318839
6791,0.816567,58,29,96,0.006587,2.318889
6792,0.816568,58,29,96,0.006586,2.318951
6793,0.816595,58,29,96,0.006593,2.318981
6794,0.816786,58,29,96,0.006599,2.319039
6795,0.816763,58,29,96,0.006598,2.319112
6796,0.816775,58,29,96,0.006598,2.319162
6797,0.816779,58,29,96,0.006597,2.319223
6798,0.816724,58,29,96,0.006595,2.319289
6799,0.816748,58,29,96,0.006597,2.319335
6800,0.816774,58,29,96,0.006600,2.319379
6801,0.816783,58,29,96,0.006599,2.319432
6802,0.816674,58,29,96,0.006597,2.318724
6803,0.816700,58,29,96,0.006600,2.318768
6804,0.816691,58,29,96,0.006599,2.318834
6805,0.816677,58,29,96,0.006598,2.318900
6806,0.816642,58,29,96,0.006596,2.318981
6807,0.816611,58,29,96,0.006595,2.319061
6808,0.816614,58,29,96,0.006594,2.319121
6809,0.816641,58,29,96,0.006600,2.319151
6810,0.816631,58,29,96,0.006599,2.319216
6811,0.816655,58,29,96,0.006601,2.319260
6812,0.816660,58,29,96,0.006600,2.319318
6813,0.816674,58,29,96,0.006600,2.319368
6814,0.816646,58,29,96,0.006598,2.319446
6815,0.816655,58,29,96,0.006598,2.319498
6816,0.816667,58,29,96,0.006598,2.319549
6817,0.816626,58,29,96,0.006596,2.319628
6818,0.816624,58,30,96,0.006595,2.319690
6819,0.816640,58,30,96,0.006595,2.319739
6820,0.816653,58,30,96,0.006595,2.319789
6821,0.816666,58,30,96,0.006595,2.319838
6822,0.816615,58,29,96,0.006609,2.318784
6823,0.816609,58,29,96,0.006608,2.318846
6824,0.816609,58,29,96,0.006607,2.318909
6825,0.816598,58,29,96,0.006606,2.318975
6826,0.816568,58,29,96,0.006604,2.319053
6827,0.816573,58,29,96,0.006604,2.319112
6828,0.816598,58,29,96,0.006606,2.319153
6829,0.816607,58,29,96,0.006606,2.319207
6830,0.816606,58,29,96,0.006605,2.319268
6831,0.816617,58,29,96,0.006604,2.319319
6832,0.816617,58,29,96,0.006604,2.319380
6833,0.816559,58,29,96,0.006602,2.319442
6834,0.816567,58,29,96,0.006601,2.319496
6835,0.816490,58,29,96,0.006599,2.319502
6836,0.816511,58,29,96,0.006600,2.319551
6837,0.816531,58,29,96,0.006601,2.319599
6838,0.816496,58,29,96,0.006599,2.319680
6839,0.816515,58,29,96,0.006599,2.319728
6840,0.816531,58,29,96,0.006600,2.319778
6841,0.816552,58,29,96,0.006600,2.319826
6842,0.816569,58,29,96,0.006600,2.319876
6843,0.816593,58,29,96,0.006602,2.319920
6844,0.816598,58,29,96,0.006601,2.319978
6845,0.816595,58,29,96,0.006600,2.320040
6846,0.816597,58,29,96,0.006599,2.320102
6847,0.816516,58,29,96,0.006598,2.320080
6848,0.816488,58,29,96,0.006596,2.320158
6849,0.816410,58,29,96,0.006594,2.320158
6850,0.816428,58,29,96,0.006595,2.320207
6851,0.816432,58,29,96,0.006594,2.320268
6852,0.816349,58,29,96,0.006592,2.320235
6853,0.816375,58,29,96,0.006599,2.320265
6854,0.816398,58,29,96,0.006600,2.320308
6855,0.816348,58,29,96,0.006598,2.320378
6856,0.816332,58,29,96,0.006597,2.320445
6857,0.816321,58,29,96,0.006596,2.320510
6858,0.816348,58,29,96,0.006602,2.320540
6859,0.816371,58,29,96,0.006604,2.320583
6860,0.816394,58,29,96,0.006605,2.320629
6861,0.816362,58,29,96,0.006604,2.320707
6862,0.816387,58,29,96,0.006606,2.320751
6863,0.816411,58,29,96,0.006608,2.320795
6864,0.816408,58,29,96,0.006607,2.320857
6865,0.816414,58,29,96,0.006606,2.320914
6866,0.816407,58,29,96,0.006605,2.320977
6867,0.816417,58,29,96,0.006605,2.321028
6868,0.816440,58,29,96,0.006606,2.321072
6869,0.816327,58,29,96,0.006604,2.320034
6870,0.816342,58,29,96,0.006604,2.320084
6871,0.816353,58,29,96,0.006604,2.320133
6872,0.816373,58,29,96,0.006604,2.320182
6873,0.816396,58,29,96,0.006606,2.320225
6874,0.816413,58,29,96,0.006606,2.320275
6875,0.816394,58,29,96,0.006605,2.320347
6876,0.816390,58,29,96,0.006604,2.320409
6877,0.816408,58,29,96,0.006604,2.320457
6878,0.816428,58,29,96,0.006604,2.320505
6879,0.816403,58,29,96,0.006603,2.320581
6880,0.816413,58,29,96,0.006603,2.320634
6881,0.816431,58,29,96,0.006603,2.320682
6882,0.816441,58,29,96,0.006603,2.320732
6883,0.816458,58,29,96,0.006603,2.320782
6884,0.816389,58,29,96,0.006601,2.320817
6885,0.816401,58,29,96,0.006601,2.320866
6886,0.816421,58,29,96,0.006601,2.320914
6887,0.816445,58,29,96,0.006603,2.320958
6888,0.816433,58,29,96,0.006602,2.321023
6889,0.816453,58,29,96,0.006602,2.321071
6890,0.816445,58,29,96,0.006601,2.321135
6891,0.816470,58,29,96,0.006604,2.321175
6892,0.816482,58,29,96,0.006603,2.321224
6893,0.816426,58,29,96,0.006602,2.321288
6894,0.816435,58,29,96,0.006601,2.321341
6895,0.816389,58,29,96,0.006600,2.321414
6896,0.816415,58,29,96,0.006606,2.321443
6897,0.816433,58,29,96,0.006606,2.321491
6898,0.816453,58,29,96,0.006607,2.321539
6899,0.816447,58,29,96,0.006606,2.321600
6900,0.816472,58,29,96,0.006609,2.321642
6901,0.816479,58,29,96,0.006608,2.321697
6902,0.816444,58,29,96,0.006606,2.321776
6903,0.816428,58,29,96,0.006605,2.321843
6904,0.816412,58,29,96,0.006604,2.321908
6905,0.816350,58,29,96,0.006602,2.321960
6906,0.816327,58,29,96,0.006601,2.322032
6907,0.816317,58,29,96,0.006599,2.322097
6908,0.816307,58,29,96,0.006598,2.322161
6909,0.816303,58,29,96,0.006597,2.322223
6910,0.816307,58,29,96,0.006596,2.322283
6911,0.816323,58,29,96,0.006596,2.322332
6912,0.816328,58,29,96,0.006596,2.322389
6913,0.816333,58,29,96,0.006595,2.322446
6914,0.816352,58,29,96,0.006596,2.322494
6915,0.816378,58,29,96,0.006602,2.322523
6916,0.816382,58,29,96,0.006601,2.322583
6917,0.816402,58,29,96,0.006602,2.322632
6918,0.816427,58,29,96,0.006604,2.322678
6919,0.816449,58,29,96,0.006605,2.322721
6920,0.816471,58,29,96,0.006606,2.322768
6921,0.816422,58,29,96,0.006604,2.322839
6922,0.816448,58,29,96,0.006611,2.322868
6923,0.816440,58,29,96,0.006610,2.322932
6924,0.816466,58,29,96,0.006616,2.322961
6925,0.816486,58,29,96,0.006617,2.323009
6926,0.816505,58,29,96,0.006617,2.323056
6927,0.816523,58,29,96,0.006618,2.323104
6928,0.816525,58,29,96,0.006617,2.323165
6929,0.816485,58,29,96,0.006615,2.323244
6930,0.816491,58,29,96,0.006614,2.323301
6931,0.816511,58,29,96,0.006615,2.323348
6932,0.816524,58,29,96,0.006615,2.323397
6933,0.816499,58,29,96,0.006614,2.323473
6934,0.816524,58,29,96,0.006616,2.323513
6935,0.816549,58,29,96,0.006619,2.323554
6936,0.816572,58,29,96,0.006620,2.323597
6937,0.816590,58,29,96,0.006621,2.323644
6938,0.816597,58,29,96,0.006620,2.323698
6939,0.816624,58,29,96,0.006627,2.323727
6940,0.816586,58,29,96,0.006625,2.323806
6941,0.816592,58,29,96,0.006624,2.323862
6942,0.816618,58,29,96,0.006627,2.323906
6943,0.816636,58,29,96,0.006628,2.323953
6944,0.816659,58,29,96,0.006629,2.323996
6945,0.816662,58,29,96,0.006628,2.324056
6946,0.816686,58,29,96,0.006630,2.324101
6947,0.816709,58,29,96,0.006631,2.324143
6948,0.816725,58,29,96,0.006632,2.324192
6949,0.816732,58,29,96,0.006631,2.324247
6950,0.816758,58,29,96,0.006638,2.324276
6951,0.816723,58,29,96,0.006636,2.324354
6952,0.816619,58,29,96,0.006634,2.323857
6953,0.816639,58,29,96,0.006635,2.323905
6954,0.816662,58,29,96,0.006636,2.323947
6955,0.816665,58,29,96,0.006635,2.324006
6956,0.816659,58,29,96,0.006634,2.324068
6957,0.816667,58,29,96,0.006634,2.324121
6958,0.816653,58,29,96,0.006633,2.324187
6959,0.816649,58,29,96,0.006632,2.324248
6960,0.816659,58,29,96,0.006631,2.324297
6961,0.816657,58,29,96,0.006630,2.324359
6962,0.816683,58,29,96,0.006633,2.324402
6963,0.816678,58,29,96,0.006632,2.324463
6964,0.816664,58,29,96,0.006631,2.324528
6965,0.816680,58,29,96,0.006631,2.324577
6966,0.816702,58,29,96,0.006632,2.324619
6967,0.816699,58,29,96,0.006631,2.324680
6968,0.816713,58,29,96,0.006631,2.324729
6969,0.816718,58,29,96,0.006631,2.324785
6970,0.816741,58,29,96,0.006632,2.324828
6971,0.816766,58,29,96,0.006635,2.324869
6972,0.816789,58,29,96,0.006636,2.324911
6973,0.816809,58,29,96,0.006637,2.324959
6974,0.816819,58,29,96,0.006636,2.325010
6975,0.816838,58,29,96,0.006637,2.325057
6976,0.816864,58,29,96,0.006644,2.325085
6977,0.816875,58,29,96,0.006643,2.325134
6978,0.816883,58,29,96,0.006643,2.325187
6979,0.816883,58,29,96,0.006642,2.325248
6980,0.816876,58,29,96,0.006641,2.325310
6981,0.816895,58,29,96,0.006641,2.325356
6982,0.816883,58,29,96,0.006640,2.325421
6983,0.816685,58,29,96,0.006652,2.324164
6984,0.816700,58,29,96,0.006651,2.324215
6985,0.816724,58,29,96,0.006653,2.324258
6986,0.816747,58,29,96,0.006655,2.324300
6987,0.816752,58,29,96,0.006654,2.324356
6988,0.816744,58,29,96,0.006653,2.324421
6989,0.816767,58,29,96,0.006654,2.324463
6990,0.816748,58,29,96,0.006653,2.324532
6991,0.816712,58,29,96,0.006651,2.324611
6992,0.816728,58,29,96,0.006651,2.324660
6993,0.816725,58,29,96,0.006650,2.324720
6994,0.816738,58,29,96,0.006650,2.324769
6995,0.816751,58,29,96,0.006650,2.324818
6996,0.816774,58,29,96,0.006652,2.324861
6997,0.816786,58,29,96,0.006651,2.324909
6998,0.816774,58,29,96,0.006650,2.324974
6999,0.816782,58,29,96,0.006650,2.325026
7000,0.816789,58,29,96,0.006649,2.325079
7001,0.816809,58,29,96,0.006650,2.325126
7002,0.816732,58,29,96,0.006648,2.325117
7003,0.816753,58,29,96,0.006649,2.325165
7004,0.816773,58,29,96,0.006649,2.325212
7005,0.816770,58,29,96,0.006648,2.325272
7006,0.816794,58,29,96,0.006651,2.325312
7007,0.816813,58,29,96,0.006651,2.325358
7008,0.816809,58,29,96,0.006650,2.325418
7009,0.816825,58,29,96,0.006650,2.325466
7010,0.816849,58,29,96,0.006653,2.325506
7011,0.816862,58,29,96,0.006653,2.325554
7012,0.816876,58,29,96,0.006653,2.325603
7013,0.816885,58,29,96,0.006652,2.325654
7014,0.816866,58,29,96,0.006651,2.325725
7015,0.816854,58,29,96,0.006650,2.325789
7016,0.816846,58,29,96,0.006649,2.325850
7017,0.816838,58,29,96,0.006647,2.325913
7018,0.816821,58,29,96,0.006646,2.325979
7019,0.816813,58,29,96,0.006645,2.326041
7020,0.816807,58,29,96,0.006644,2.326101
7021,0.816831,58,29,96,0.006646,2.326147
7022,0.816856,58,29,96,0.006648,2.326189
7023,0.816880,58,29,96,0.006650,2.326235
7024,0.816890,58,29,96,0.006650,2.326285
7025,0.816910,58,29,96,0.006650,2.326331
7026,0.816935,58,29,96,0.006653,2.326370
7027,0.816933,58,29,96,0.006652,2.326430
7028,0.816954,58,29,96,0.006653,2.326477
7029,0.816923,58,29,96,0.006651,2.326555
7030,0.816924,58,29,96,0.006650,2.326617
7031,0.816902,58,29,96,0.006649,2.326688
7032,0.816909,58,29,96,0.006648,2.326740
7033,0.816930,58,29,96,0.006649,2.326788
7034,0.816895,58,29,96,0.006647,2.326865
7035,0.816906,58,29,96,0.006647,2.326915
7036,0.816916,58,29,96,0.006647,2.326964
7037,0.816932,58,29,96,0.006647,2.327012
7038,0.816952,58,29,96,0.006647,2.327059
7039,0.816969,58,29,96,0.006648,2.327108
7040,0.816962,58,29,96,0.006646,2.327169
7041,0.816984,58,29,96,0.006647,2.327214
7042,0.816959,58,29,96,0.006646,2.327288
7043,0.816931,58,29,96,0.006645,2.327365
7044,0.816930,58,29,96,0.006644,2.327425
7045,0.816904,58,29,96,0.006642,2.327499
7046,0.816909,58,29,96,0.006641,2.327558
7047,0.816924,58,29,96,0.006641,2.327606
7048,0.816937,58,29,96,0.006641,2.327655
7049,0.816952,58,29,96,0.006641,2.327702
7050,0.816927,58,29,96,0.006640,2.327776
7051,0.816937,58,29,96,0.006639,2.327826
7052,0.816959,58,29,96,0.006641,2.327868
7053,0.816952,58,29,96,0.006640,2.327928
7054,0.816941,58,29,96,0.006639,2.327992
7055,0.816945,58,29,96,0.006638,2.328051
7056,0.816959,58,29,96,0.006638,2.328101
7057,0.816953,58,29,96,0.006637,2.328161
7058,0.816841,58,29,96,0.006630,2.327181
7059,0.816856,58,29,96,0.006630,2.327231
7060,0.816882,58,29,96,0.006637,2.327259
7061,0.816906,58,29,96,0.006639,2.327298
7062,0.816931,58,29,96,0.006642,2.327341
7063,0.816951,58,29,96,0.006642,2.327387
7064,0.816954,58,29,96,0.006642,2.327446
7065,0.816923,58,29,96,0.006640,2.327523
7066,0.816933,58,29,96,0.006640,2.327572
7067,0.816913,58,29,96,0.006638,2.327642
7068,0.816935,58,29,96,0.006639,2.327687
7069,0.816960,58,29,96,0.006646,2.327716
7070,0.816956,58,29,96,0.006645,2.327775
7071,0.816960,58,29,96,0.006644,2.327833
7072,0.816946,58,29,96,0.006643,2.327898
7073,0.816969,58,29,96,0.006644,2.327940
7074,0.816994,58,29,96,0.006647,2.327984
7075,0.816983,58,29,96,0.006646,2.328047
7076,0.817008,58,29,96,0.006649,2.328089
7077,0.816961,58,29,96,0.006647,2.328159
7078,0.816978,58,29,96,0.006647,2.328206
7079,0.816990,58,29,96,0.006647,2.328254
7080,0.817011,58,29,96,0.006648,2.328299
7081,0.816996,58,29,96,0.006647,2.328363
7082,0.816935,58,29,96,0.006645,2.328414
7083,0.816957,58,29,96,0.006647,2.328455
7084,0.816970,58,29,96,0.006647,2.328503
7085,0.816968,58,29,96,0.006646,2.328562
7086,0.816945,58,29,97,0.006644,2.328634
7087,0.816939,58,29,97,0.006643,2.328693
7088,0.816958,58,29,97,0.006644,2.328740
7089,0.816937,58,29,97,0.006642,2.328810
7090,0.816954,58,29,97,0.006642,2.328858
7091,0.816978,58,29,97,0.006645,2.328900
7092,0.816989,58,29,97,0.006645,2.328948
7093,0.816986,58,29,97,0.006644,2.329007
7094,0.817007,58,29,97,0.006645,2.329051
7095,0.817001,58,29,97,0.006644,2.329111
7096,0.817021,58,29,97,0.006644,2.329157
7097,0.816954,58,29,97,0.006643,2.329192
7098,0.816960,58,29,97,0.006642,2.329247
7099,0.816913,58,29,97,0.006640,2.329316
7100,0.816850,58,29,97,0.006639,2.329361
7101,0.816864,58,29,97,0.006639,2.329411
7102,0.816878,58,29,97,0.006639,2.329460
7103,0.816993,58,29,96,0.006652,2.328719
7104,0.817016,58,29,96,0.006654,2.328763
7105,0.817023,58,29,96,0.006653,2.328817
7106,0.817029,58,29,96,0.006653,2.328872
7107,0.817046,58,29,96,0.006653,2.328919
7108,0.816968,58,29,96,0.006651,2.328904
7109,0.816970,58,29,96,0.006650,2.328966
7110,0.816929,58,29,96,0.006649,2.329041
7111,0.816951,58,29,96,0.006650,2.329083
7112,0.816977,58,29,96,0.006657,2.329111
7113,0.816968,58,29,96,0.006655,2.329175
7114,0.816967,58,29,96,0.006654,2.329235
7115,0.816963,58,29,96,0.006653,2.329294
7116,0.816982,58,29,96,0.006654,2.329340
7117,0.817003,58,29,96,0.006655,2.329386
7118,0.817026,58,29,96,0.006656,2.329432
7119,0.817051,58,29,96,0.006659,2.329472
7120,0.817061,58,29,96,0.006659,2.329520
7121,0.817085,58,29,96,0.006661,2.329558
7122,0.817081,58,29,96,0.006660,2.329617
7123,0.817107,58,29,96,0.006667,2.329645
7124,0.817126,58,29,96,0.006667,2.329691
7125,0.817129,58,29,96,0.006667,2.329751
7126,0.817152,58,29,96,0.006668,2.329793
7127,0.817156,58,29,96,0.006667,2.329851
7128,0.817159,58,29,96,0.006667,2.329909
7129,0.817165,58,29,96,0.006666,2.329963
7130,0.817152,58,29,96,0.006665,2.330027
7131,0.817169,58,29,96,0.006665,2.330075
7132,0.817189,58,29,96,0.006666,2.330120
7133,0.817211,58,29,96,0.006667,2.330164
7134,0.817230,58,29,96,0.006667,2.330210
7135,0.817234,58,29,96,0.006666,2.330267
7136,0.817229,58,29,96,0.006665,2.330326
7137,0.817175,58,29,96,0.006664,2.330390
7138,0.817196,58,29,96,0.006664,2.330436
7139,0.817210,58,29,96,0.006664,2.330485
7140,0.817235,58,29,96,0.006671,2.330513
7141,0.817229,58,29,96,0.006670,2.330572
7142,0.817233,58,29,96,0.006669,2.330629
7143,0.817257,58,29,96,0.006672,2.330669
7144,0.817269,58,29,96,0.006671,2.330716
7145,0.817284,58,29,96,0.006671,2.330764
7146,0.817280,58,29,96,0.006670,2.330822
7147,0.817279,58,29,96,0.006669,2.330882
7148,0.817293,58,29,96,0.006669,2.330932
7149,0.817317,58,29,96,0.006672,2.330971
7150,0.817320,58,29,96,0.006671,2.331030
7151,0.817293,58,29,96,0.006670,2.331105
7152,0.817304,58,29,96,0.006669,2.331153
7153,0.817279,58,29,96,0.006668,2.331226
7154,0.817296,58,29,96,0.006668,2.331273
7155,0.817316,58,29,96,0.006669,2.331319
7156,0.817325,58,29,96,0.006668,2.331371
7157,0.817348,58,29,96,0.006670,2.331412
7158,0.817368,58,29,96,0.006671,2.331457
7159,0.817373,58,29,96,0.006670,2.331512
7160,0.817397,58,29,96,0.006672,2.331557
7161,0.817421,58,29,96,0.006675,2.331600
7162,0.817425,58,29,96,0.006674,2.331657
7163,0.817446,58,29,96,0.006675,2.331699
7164,0.817382,58,29,96,0.006673,2.331739
7165,0.817398,58,29,96,0.006673,2.331787
7166,0.817415,58,29,96,0.006674,2.331834
7167,0.817366,58,29,96,0.006672,2.331901
7168,0.817382,58,29,96,0.006672,2.331949
7169,0.817300,58,29,96,0.006670,2.331903
7170,0.817308,58,29,96,0.006670,2.331955
7171,0.817333,58,29,96,0.006676,2.331983
7172,0.817323,58,29,96,0.006675,2.332047
7173,0.817334,58,29,96,0.006675,2.332095
7174,0.817353,58,29,96,0.006676,2.332140
7175,0.817377,58,29,96,0.006678,2.332178
7176,0.817400,58,29,96,0.006680,2.332222
7177,0.817418,58,29,96,0.006680,2.332268
7178,0.817429,58,29,96,0.006680,2.332316
7179,0.817450,58,29,96,0.006681,2.332360
7180,0.817449,58,29,96,0.006680,2.332421
7181,0.817422,58,29,96,0.006678,2.332496
7182,0.817392,58,29,96,0.006677,2.332571
7183,0.817404,58,29,96,0.006677,2.332619
7184,0.817420,58,29,96,0.006677,2.332666
7185,0.817444,58,29,96,0.006678,2.332710
7186,0.817460,58,29,96,0.006679,2.332757
7187,0.817412,58,29,96,0.006677,2.332825
7188,0.817371,58,29,96,0.006675,2.332900
7189,0.817376,58,29,96,0.006675,2.332957
7190,0.817396,58,29,96,0.006675,2.333002
7191,0.817420,58,29,96,0.006678,2.333044
7192,0.817439,58,29,96,0.006678,2.333089
7193,0.817439,58,29,96,0.006678,2.333150
7194,0.817457,58,29,96,0.006678,2.333196
7195,0.817466,58,29,96,0.006677,2.333248
7196,0.817418,58,29,96,0.006676,2.333315
7197,0.817378,58,29,96,0.006674,2.333391
7198,0.817393,58,29,96,0.006674,2.333438
7199,0.817384,58,29,96,0.006673,2.333501
7200,0.817405,58,29,96,0.006674,2.333546
7201,0.817387,58,29,96,0.006673,2.333615
7202,0.817310,58,29,96,0.006671,2.333602
7203,0.817329,58,29,96,0.006671,2.333647
7204,0.817254,58,29,96,0.006670,2.333640
7205,0.817277,58,29,96,0.006671,2.333684
7206,0.817301,58,29,96,0.006674,2.333725
7207,0.817267,58,29,96,0.006672,2.333802
7208,0.817215,58,29,96,0.006671,2.333866
7209,0.817193,58,29,96,0.006669,2.333936
7210,0.817217,58,29,96,0.006672,2.333979
7211,0.817241,58,29,96,0.006674,2.334023
7212,0.817254,58,29,96,0.006674,2.334071
7213,0.817274,58,29,96,0.006675,2.334117
7214,0.817274,58,29,96,0.006674,2.334178
7215,0.817273,58,29,96,0.006673,2.334237
7216,0.817274,58,29,96,0.006672,2.334298
7217,0.817283,58,29,96,0.006671,2.334350
7218,0.817303,58,29,96,0.006672,2.334396
7219,0.817267,58,29,96,0.006670,2.334473
7220,0.817253,58,29,96,0.006669,2.334537
7221,0.817248,58,29,96,0.006668,2.334595
7222,0.817265,58,29,96,0.006668,2.334642
7223,0.817288,58,29,96,0.006670,2.334683
7224,0.817288,58,29,96,0.006669,2.334743
7225,0.817244,58,29,96,0.006667,2.334814
7226,0.817217,58,29,96,0.006666,2.334887
7227,0.817241,58,29,96,0.006668,2.334930
7228,0.817261,58,29,96,0.006668,2.334975
7229,0.817179,58,29,96,0.006667,2.334921
7230,0.817164,58,29,96,0.006665,2.334984
7231,0.817112,58,29,96,0.006664,2.335048
7232,0.817113,58,29,96,0.006663,2.335108
7233,0.817137,58,29,96,0.006666,2.335150
7234,0.817095,58,29,96,0.006664,2.335223
7235,0.817042,58,29,96,0.006662,2.335284
7236,0.817048,58,29,96,0.006662,2.335338
7237,0.817070,58,29,96,0.006663,2.335379
7238,0.817015,58,29,96,0.006662,2.335437
7239,0.817002,58,29,96,0.006661,2.335500
7240,0.817019,58,29,96,0.006661,2.335546
7241,0.816961,58,29,96,0.006659,2.335600
7242,0.816908,58,29,96,0.006657,2.335660
7243,0.816883,58,29,96,0.006656,2.335732
7244,0.816903,58,29,96,0.006657,2.335777
7245,0.816927,58,29,96,0.006659,2.335818
7246,0.816929,58,29,96,0.006659,2.335878
7247,0.816947,58,29,96,0.006659,2.335924
7248,0.816964,58,29,96,0.006659,2.335970
7249,0.816966,58,29,96,0.006658,2.336030
7250,0.816938,58,29,96,0.006657,2.336104
7251,0.816929,58,29,96,0.006656,2.336166
7252,0.816920,58,29,96,0.006655,2.336229
7253,0.816931,58,29,96,0.006654,2.336276
7254,0.816906,58,29,96,0.006653,2.336348
7255,0.816888,58,29,96,0.006652,2.336416
7256,0.816909,58,29,96,0.006653,2.336460
7257,0.816933,58,29,96,0.006655,2.336499
7258,0.816948,58,29,96,0.006655,2.336546
7259,0.816946,58,29,96,0.006654,2.336604
7260,0.816969,58,29,96,0.006656,2.336647
7261,0.816990,58,29,96,0.006657,2.336689
7262,0.816927,58,29,96,0.006655,2.336729
7263,0.816917,58,29,96,0.006654,2.336791
7264,0.816936,58,29,96,0.006655,2.336836
7265,0.816956,58,29,96,0.006656,2.336880
7266,0.816946,58,29,96,0.006654,2.336943
7267,0.816919,58,29,96,0.006653,2.337015
7268,0.816928,58,29,96,0.006652,2.337066
7269,0.817057,58,29,96,0.006666,2.336370
7270,0.817075,58,29,96,0.006666,2.336415
7271,0.817084,58,29,96,0.006665,2.336467
7272,0.817064,58,29,96,0.006664,2.336537
7273,0.817162,58,29,96,0.006662,2.335750
7274,0.817187,58,29,96,0.006668,2.335777
7275,0.817183,58,29,96,0.006667,2.335835
7276,0.817185,58,29,96,0.006666,2.335895
7277,0.817203,58,29,96,0.006667,2.335940
7278,0.817211,58,29,96,0.006666,2.335991
7279,0.817229,58,29,96,0.006667,2.336035
7280,0.817250,58,29,96,0.006668,2.336079
7281,0.817243,58,29,96,0.006667,2.336139
7282,0.817196,58,29,96,0.006665,2.336206
7283,0.817182,58,29,96,0.006664,2.336270
7284,0.817201,58,29,96,0.006664,2.336315
7285,0.817212,58,29,96,0.006664,2.336362
7286,0.817198,58,29,96,0.006663,2.336426
7287,0.817158,58,29,96,0.006661,2.336500
7288,0.817123,58,29,96,0.006660,2.336576
7289,0.817135,58,29,96,0.006660,2.336623
7290,0.817157,58,29,96,0.006661,2.336666
7291,0.817179,58,29,96,0.006662,2.336707
7292,0.817159,58,29,96,0.006661,2.336776
7293,0.817155,58,29,96,0.006660,2.336834
7294,0.817147,58,29,96,0.006659,2.336896
7295,0.817114,58,29,96,0.006657,2.336971
7296,0.817127,58,29,96,0.006657,2.337019
7297,0.817150,58,29,96,0.006660,2.337058
7298,0.817173,58,29,96,0.006661,2.337098
7299,0.817188,58,29,96,0.006661,2.337144
7300,0.817207,58,29,96,0.006662,2.337190
7301,0.817179,58,29,96,0.006661,2.337263
7302,0.817181,58,29,96,0.006660,2.337322
7303,0.817197,58,29,96,0.006660,2.337369
7304,0.817119,58,29,96,0.006658,2.337341
7305,0.817108,58,29,96,0.006657,2.337404
7306,0.817120,58,29,96,0.006657,2.337451
7307,0.817144,58,29,96,0.006659,2.337489
7308,0.817165,58,29,96,0.006660,2.337532
7309,0.817180,58,29,96,0.006660,2.337578
7310,0.817193,58,29,96,0.006660,2.337626
7311,0.817215,58,29,96,0.006662,2.337668
7312,0.817223,58,29,96,0.006661,2.337719
7313,0.817236,58,29,96,0.006661,2.337767
7314,0.817250,58,29,96,0.006661,2.337815
7315,0.817211,58,29,96,0.006659,2.337890
7316,0.817231,58,29,96,0.006660,2.337935
7317,0.817206,58,29,96,0.006659,2.338006
7318,0.817143,58,29,96,0.006657,2.338044
7319,0.817166,58,29,96,0.006659,2.338082
7320,0.817183,58,29,96,0.006660,2.338128
7321,0.817205,58,29,96,0.006661,2.338169
7322,0.817187,58,29,96,0.006660,2.338237
7323,0.817167,58,29,96,0.006658,2.338306
7324,0.817131,58,29,96,0.006657,2.338380
7325,0.817139,58,29,96,0.006656,2.338431
7326,0.817103,58,29,96,0.006655,2.338505
7327,0.817104,58,29,96,0.006654,2.338564
7328,0.817106,58,29,96,0.006653,2.338623
7329,0.817122,58,29,96,0.006653,2.338669
7330,0.817130,58,29,96,0.006653,2.338719
7331,0.817154,58,29,96,0.006655,2.338759
7332,0.817079,58,29,96,0.006654,2.338748
7333,0.817094,58,29,96,0.006653,2.338797
7334,0.817101,58,29,96,0.006653,2.338849
7335,0.817105,58,29,96,0.006652,2.338904
7336,0.817056,58,29,96,0.006651,2.338968
7337,0.817070,58,29,96,0.006650,2.339016
7338,0.817095,58,29,96,0.006657,2.339043
7339,0.817038,58,29,96,0.006655,2.339096
7340,0.817043,58,29,96,0.006654,2.339150
7341,0.817046,58,29,96,0.006654,2.339206
7342,0.817040,58,29,96,0.006653,2.339266
7343,0.816982,58,29,96,0.006651,2.339317
7344,0.816994,58,29,96,0.006651,2.339364
7345,0.817018,58,29,96,0.006654,2.339406
7346,0.817029,58,29,96,0.006653,2.339452
7347,0.817038,58,29,96,0.006653,2.339502
7348,0.817016,58,29,96,0.006652,2.339572
7349,0.817021,58,29,96,0.006651,2.339626
7350,0.817031,58,29,96,0.006651,2.339673
7351,0.817045,58,29,96,0.006651,2.339721
7352,0.817070,58,29,96,0.006653,2.339763
7353,0.817090,58,29,96,0.006654,2.339806
7354,0.817090,58,29,96,0.006653,2.339865
7355,0.817102,58,29,96,0.006653,2.339912
7356,0.817126,58,29,96,0.006656,2.339952
7357,0.817148,58,29,96,0.006657,2.339993
7358,0.817159,58,29,96,0.006657,2.340039
7359,0.817182,58,29,96,0.006659,2.340076
7360,0.817190,58,29,96,0.006659,2.340128
7361,0.817208,58,29,96,0.006659,2.340172
7362,0.817185,58,29,96,0.006658,2.340241
7363,0.817192,58,29,96,0.006657,2.340292
7364,0.817119,58,29,96,0.006656,2.340289
7365,0.817046,58,29,96,0.006654,2.340286
7366,0.817069,58,29,96,0.006656,2.340329
7367,0.817071,58,29,96,0.006655,2.340387
7368,0.817053,58,29,96,0.006654,2.340454
7369,0.817070,58,29,96,0.006654,2.340500
7370,0.817070,58,29,96,0.006653,2.340558
7371,0.817086,58,29,96,0.006653,2.340604
7372,0.817109,58,29,96,0.006656,2.340641
7373,0.817091,58,29,96,0.006654,2.340708
7374,0.817105,58,29,96,0.006654,2.340756
7375,0.817109,58,29,96,0.006654,2.340809
7376,0.817064,58,29,96,0.006652,2.340875
7377,0.817070,58,29,96,0.006651,2.340929
7378,0.817087,58,29,96,0.006652,2.340974
7379,0.817087,58,29,96,0.006651,2.341033
7380,0.817070,58,29,96,0.006649,2.341099
7381,0.817019,58,29,96,0.006648,2.341159
7382,0.816996,58,29,96,0.006646,2.341227
7383,0.817018,58,29,96,0.006648,2.341268
7384,0.816988,58,29,96,0.006646,2.341343
7385,0.816992,58,29,96,0.006646,2.341399
7386,0.816971,58,29,96,0.006644,2.341467
7387,0.816986,58,29,96,0.006644,2.341515
7388,0.817007,58,29,96,0.006646,2.341556
7389,0.817015,58,29,96,0.006645,2.341606
7390,0.817033,58,29,96,0.006645,2.341651
7391,0.817050,58,29,96,0.006646,2.341697
7392,0.817003,58,29,96,0.006644,2.341760
7393,0.817020,58,29,96,0.006644,2.341806
7394,0.817037,58,29,96,0.006645,2.341851
7395,0.817028,58,29,96,0.006644,2.341913
7396,0.816962,58,29,96,0.006642,2.341943
7397,0.816898,58,29,96,0.006640,2.341975
7398,0.816806,58,29,96,0.006639,2.341750
7399,0.816826,58,29,96,0.006639,2.341794
7400,0.816842,58,29,96,0.006639,2.341840
7401,0.816854,58,29,96,0.006639,2.341886
7402,0.816863,58,29,96,0.006639,2.341936
7403,0.816884,58,29,96,0.006640,2.341976
7404,0.816899,58,29,96,0.006640,2.342022
7405,0.816818,58,29,96,0.006639,2.341964
7406,0.816835,58,29,96,0.006639,2.342009
7407,0.816858,58,29,96,0.006641,2.342046
7408,0.816879,58,29,96,0.006643,2.342087
7409,0.816871,58,29,96,0.006641,2.342148
7410,0.816896,58,29,96,0.006648,2.342175
7411,0.816915,58,29,96,0.006648,2.342219
7412,0.816917,58,29,96,0.006647,2.342277
7413,0.816907,58,29,96,0.006646,2.342339
7414,0.816909,58,29,96,0.006645,2.342396
7415,0.816932,58,29,96,0.006647,2.342439
7416,0.816955,58,29,96,0.006650,2.342476
7417,0.816958,58,29,96,0.006649,2.342533
7418,0.817125,58,29,96,0.006648,2.342579
7419,0.817114,58,29,96,0.006647,2.342641
7420,0.817098,58,29,96,0.006645,2.342706
7421,0.817108,58,29,96,0.006645,2.342754
7422,0.817131,58,29,96,0.006648,2.342791
7423,0.817140,58,29,96,0.006647,2.342840
7424,0.817145,58,29,96,0.006646,2.342893
7425,0.817142,58,29,96,0.006645,2.342951
7426,0.817146,58,29,96,0.006645,2.343006
7427,0.817163,58,29,96,0.006645,2.343051
7428,0.817167,58,29,96,0.006644,2.343105
7429,0.817177,58,29,96,0.006644,2.343153
7430,0.817195,58,29,96,0.006645,2.343197
7431,0.817215,58,29,96,0.006645,2.343240
7432,0.817215,58,29,96,0.006644,2.343298
7433,0.817218,58,29,96,0.006644,2.343354
7434,0.817235,58,29,96,0.006644,2.343398
7435,0.817184,58,29,96,0.006643,2.343458
7436,0.817145,58,29,96,0.006641,2.343531
7437,0.817163,58,29,96,0.006642,2.343575
7438,0.817179,58,29,96,0.006642,2.343620
7439,0.817183,58,29,96,0.006641,2.343675
7440,0.817174,58,29,96,0.006640,2.343736
7441,0.817196,58,29,96,0.006641,2.343776
7442,0.817216,58,29,96,0.006642,2.343820
7443,0.817233,58,29,96,0.006642,2.343864
7444,0.817130,58,29,96,0.006641,2.342993
7445,0.817149,58,29,96,0.006641,2.343037
7446,0.817165,58,29,96,0.006642,2.343082
7447,0.817186,58,29,96,0.006643,2.343124
7448,0.817209,58,29,96,0.006645,2.343161
7449,0.817221,58,29,96,0.006645,2.343208
7450,0.817206,58,29,96,0.006644,2.343272
7451,0.817201,58,29,96,0.006643,2.343330
7452,0.817217,58,29,96,0.006643,2.343375
7453,0.817225,58,29,96,0.006642,2.343426
7454,0.817239,58,29,96,0.006642,2.343472
7455,0.817256,58,29,96,0.006643,2.343517
7456,0.817260,58,29,96,0.006642,2.343570
7457,0.817280,58,29,96,0.006643,2.343613
7458,0.817300,58,29,96,0.006644,2.343656
7459,0.817299,58,29,96,0.006643,2.343715
7460,0.817323,58,29,96,0.006645,2.343754
7461,0.817338,58,29,96,0.006646,2.343799
7462,0.817362,58,29,96,0.006648,2.343840
7463,0.817376,58,29,96,0.006648,2.343886
7464,0.817400,58,29,96,0.006651,2.343926
7465,0.817354,58,29,96,0.006649,2.343990
7466,0.817375,58,29,96,0.006651,2.344030
7467,0.817312,58,29,96,0.006649,2.344065
7468,0.817304,58,29,96,0.006648,2.344126
7469,0.817276,58,29,96,0.006646,2.344198
7470,0.817264,58,29,96,0.006645,2.344262
7471,0.817217,58,29,96,0.006644,2.344324
7472,0.817232,58,29,96,0.006644,2.344370
7473,0.817154,58,29,96,0.006642,2.344326
7474,0.817153,58,29,96,0.006641,2.344384
7475,0.817177,58,29,96,0.006647,2.344412
7476,0.817173,58,29,96,0.006646,2.344469
7477,0.817189,58,29,96,0.006647,2.344513
7478,0.817183,58,29,96,0.006646,2.344571
7479,0.817207,58,29,96,0.006648,2.344611
7480,0.817166,58,29,96,0.006647,2.344681
7481,0.817163,58,29,96,0.006646,2.344739
7482,0.817156,58,29,96,0.006645,2.344798
7483,0.817180,58,29,96,0.006651,2.344825
7484,0.817190,58,29,96,0.006650,2.344873
7485,0.817211,58,29,96,0.006652,2.344913
7486,0.817219,58,29,96,0.006651,2.344962
7487,0.817239,58,29,96,0.006652,2.345004
7488,0.817236,58,29,96,0.006651,2.345061
7489,0.817259,58,29,96,0.006654,2.345100
7490,0.817260,58,29,96,0.006653,2.345158
7491,0.817259,58,29,96,0.006652,2.345215
7492,0.817219,58,29,96,0.006651,2.345286
7493,0.817181,58,29,96,0.006649,2.345359
7494,0.817203,58,29,96,0.006651,2.345401
7495,0.817227,58,29,96,0.006657,2.345428
7496,0.817217,58,29,96,0.006656,2.345489
7497,0.817229,58,29,96,0.006655,2.345536
7498,0.817252,58,29,96,0.006658,2.345574
7499,0.817270,58,29,96,0.006658,2.345617
7500,0.817247,58,29,96,0.006657,2.345686
7501,0.817231,58,29,96,0.006656,2.345751
7502,0.817208,58,29,96,0.006654,2.345818
7503,0.817218,58,29,96,0.006654,2.345866
7504,0.817218,58,29,96,0.006653,2.345923
7505,0.817188,58,29,96,0.006652,2.345998
7506,0.817186,58,29,96,0.006651,2.346055
7507,0.817186,58,29,96,0.006650,2.346113
7508,0.817180,58,29,96,0.006649,2.346171
7509,0.817181,58,29,96,0.006648,2.346227
7510,0.817135,58,29,96,0.006646,2.346290
7511,0.817152,58,29,96,0.006647,2.346334
7512,0.817165,58,29,96,0.006647,2.346381
7513,0.817134,58,29,96,0.006645,2.346455
7514,0.817110,58,29,96,0.006644,2.346523
7515,0.817134,58,29,96,0.006647,2.346565
7516,0.817126,58,29,96,0.006645,2.346624
7517,0.817148,58,29,96,0.006647,2.346667
7518,0.817151,58,29,96,0.006646,2.346722
7519,0.817097,58,29,96,0.006645,2.346776
7520,0.817088,58,29,96,0.006643,2.346836
7521,0.817111,58,29,96,0.006645,2.346878
7522,0.817128,58,29,96,0.006646,2.346922
7523,0.817151,58,29,96,0.006648,2.346958
7524,0.817169,58,29,96,0.006649,2.347002
7525,0.817163,58,29,96,0.006647,2.347060
7526,0.817160,58,29,96,0.006647,2.347117
7527,0.817181,58,29,96,0.006648,2.347157
7528,0.817190,58,29,96,0.006648,2.347206
7529,0.817209,58,29,96,0.006648,2.347249
7530,0.817209,58,29,96,0.006647,2.347306
7531,0.817130,58,29,96,0.006646,2.347251
7532,0.817089,58,29,96,0.006644,2.347319
7533,0.817076,58,29,96,0.006643,2.347383
7534,0.817092,58,29,96,0.006643,2.347426
7535,0.817113,58,29,96,0.006644,2.347466
7536,0.817060,58,29,96,0.006643,2.347523
7537,0.817084,58,29,96,0.006649,2.347550
7538,0.817104,58,29,96,0.006650,2.347593
7539,0.817117,58,29,96,0.006650,2.347640
7540,0.817140,58,29,96,0.006652,2.347675
7541,0.817120,58,29,96,0.006651,2.347743
7542,0.817126,58,29,96,0.006650,2.347796
7543,0.817150,58,29,96,0.006656,2.347823
7544,0.817163,58,29,96,0.006656,2.347869
7545,0.817157,58,29,96,0.006655,2.347926
7546,0.817170,58,29,96,0.006655,2.347973
7547,0.817193,58,29,96,0.006657,2.348010
7548,0.817184,58,29,96,0.006656,2.348070
7549,0.817204,58,29,96,0.006657,2.348113
7550,0.817196,58,29,96,0.006656,2.348172
7551,0.817204,58,29,96,0.006656,2.348221
7552,0.817207,58,29,96,0.006655,2.348275
7553,0.817184,58,29,96,0.006653,2.348342
7554,0.817204,58,29,96,0.006654,2.348385
7555,0.817219,58,29,96,0.006654,2.348430
7556,0.817241,58,29,96,0.006656,2.348471
7557,0.817260,58,29,96,0.006657,2.348513
7558,0.817230,58,29,96,0.006655,2.348587
7559,0.817182,58,29,96,0.006654,2.348647
7560,0.817205,58,29,96,0.006656,2.348684
7561,0.817171,58,29,96,0.006655,2.348757
7562,0.817188,58,29,96,0.006655,2.348800
7563,0.817203,58,29,96,0.006655,2.348846
7564,0.817200,58,29,96,0.006654,2.348902
7565,0.817221,58,29,96,0.006655,2.348944
7566,0.817232,58,29,96,0.006655,2.348989
7567,0.817250,58,29,96,0.006655,2.349032
7568,0.817233,58,29,96,0.006654,2.349097
7569,0.817242,58,29,96,0.006654,2.349145
7570,0.817255,58,29,96,0.006654,2.349191
7571,0.817158,58,29,96,0.006652,2.348708
7572,0.817181,58,29,96,0.006655,2.348746
7573,0.817195,58,29,96,0.006654,2.348793
7574,0.817146,58,29,96,0.006653,2.348852
7575,0.817141,58,29,96,0.006652,2.348908
7576,0.817153,58,29,96,0.006652,2.348954
7577,0.817163,58,29,96,0.006651,2.349001
7578,0.817145,58,29,96,0.006650,2.349066
7579,0.817162,58,29,96,0.006651,2.349109
7580,0.817177,58,29,96,0.006651,2.349154
7581,0.817196,58,29,96,0.006651,2.349196
7582,0.817181,58,29,96,0.006650,2.349259
7583,0.817203,58,29,96,0.006652,2.349301
7584,0.817226,58,29,96,0.006654,2.349336
7585,0.817244,58,29,96,0.006655,2.349380
7586,0.817251,58,29,96,0.006654,2.349431
7587,0.817239,58,29,96,0.006653,2.349493
7588,0.817255,58,29,96,0.006653,2.349537
7589,0.817271,58,29,96,0.006653,2.349581
7590,0.817290,58,29,96,0.006654,2.349624
7591,0.817299,58,29,96,0.006654,2.349672
7592,0.817319,58,29,96,0.006655,2.349711
7593,0.817333,58,29,96,0.006655,2.349758
7594,0.817333,58,29,96,0.006654,2.349814
7595,0.817350,58,29,96,0.006654,2.349857
7596,0.817349,58,29,96,0.006653,2.349914
7597,0.817357,58,29,96,0.006653,2.349961
7598,0.817348,58,29,96,0.006652,2.350021
7599,0.817362,58,29,96,0.006652,2.350067
7600,0.817365,58,29,96,0.006651,2.350121
7601,0.817365,58,29,96,0.006650,2.350177
7602,0.817380,58,29,96,0.006650,2.350221
7603,0.817403,58,29,96,0.006653,2.350262
7604,0.817392,58,29,96,0.006652,2.350323
7605,0.817407,58,29,96,0.006652,2.350368
7606,0.817424,58,29,96,0.006652,2.350410
7607,0.817397,58,29,96,0.006651,2.350482
7608,0.817380,58,29,96,0.006650,2.350546
7609,0.817318,58,29,96,0.006648,2.350582
7610,0.817337,58,29,96,0.006649,2.350624
7611,0.817355,58,29,96,0.006649,2.350667
7612,0.817374,58,29,96,0.006650,2.350709
7613,0.817344,58,29,96,0.006649,2.350782
7614,0.817364,58,29,96,0.006650,2.350823
7615,0.817381,58,29,96,0.006650,2.350865
7616,0.817394,58,29,96,0.006650,2.350912
7617,0.817361,58,29,96,0.006649,2.350985
7618,0.817361,58,29,96,0.006648,2.351041
7619,0.817379,58,29,96,0.006648,2.351084
7620,0.817400,58,29,96,0.006650,2.351126
7621,0.817340,58,29,96,0.006648,2.351164
7622,0.817362,58,29,96,0.006650,2.351206
7623,0.817326,58,29,96,0.006648,2.351278
7624,0.817344,58,29,96,0.006649,2.351320
7625,0.817353,58,29,96,0.006648,2.351367
7626,0.817373,58,29,96,0.006649,2.351407
7627,0.817322,58,29,96,0.006648,2.351463
7628,0.817341,58,29,96,0.006649,2.351505
7629,0.817292,58,29,96,0.006647,2.351563
7630,0.817245,58,29,96,0.006646,2.351622
7631,0.817269,58,29,96,0.006652,2.351648
7632,0.817259,58,29,96,0.006650,2.351708
7633,0.817280,58,29,96,0.006652,2.351747
7634,0.817304,58,29,96,0.006658,2.351774
7635,0.817306,58,29,96,0.006657,2.351829
7636,0.817324,58,29,96,0.006657,2.351872
7637,0.817325,58,29,96,0.006657,2.351928
7638,0.817347,58,29,96,0.006659,2.351963
7639,0.817357,58,29,96,0.006659,2.352010
7640,0.817348,58,29,96,0.006658,2.352068
7641,0.817369,58,29,96,0.006659,2.352108
7642,0.817389,58,29,96,0.006660,2.352148
7643,0.817411,58,29,96,0.006662,2.352189
7644,0.817420,58,29,96,0.006661,2.352236
7645,0.817332,58,29,96,0.006660,2.352045
7646,0.817339,58,29,96,0.006659,2.352095
7647,0.817357,58,29,96,0.006660,2.352138
7648,0.817337,58,29,96,0.006658,2.352205
7649,0.817339,58,29,96,0.006657,2.352258
7650,0.817327,58,29,96,0.006656,2.352321
7651,0.817342,58,29,96,0.006656,2.352364
7652,0.817360,58,29,96,0.006657,2.352407
7653,0.817259,58,29,96,0.006655,2.351549
7654,0.817283,58,29,96,0.006661,2.351575
7655,0.817296,58,29,96,0.006661,2.351621
7656,0.817319,58,29,96,0.006664,2.351661
7657,0.817339,58,29,96,0.006665,2.351702
7658,0.817303,58,29,96,0.006663,2.351773
7659,0.817293,58,29,96,0.006662,2.351832
7660,0.817314,58,29,96,0.006664,2.351871
7661,0.817322,58,29,96,0.006663,2.351920
7662,0.817337,58,29,96,0.006663,2.351963
7663,0.817344,58,29,96,0.006663,2.352013
7664,0.817356,58,29,96,0.006663,2.352059
7665,0.817372,58,29,96,0.006663,2.352102
7666,0.817361,58,29,96,0.006662,2.352163
7667,0.817374,58,29,96,0.006662,2.352209
7668,0.817350,58,29,96,0.006660,2.352279
7669,0.817362,58,29,96,0.006660,2.352324
7670,0.817373,58,29,96,0.006660,2.352371
7671,0.817395,58,29,96,0.006663,2.352409
7672,0.817405,58,29,96,0.006662,2.352455
7673,0.817426,58,29,96,0.006663,2.352494
7674,0.817445,58,29,96,0.006664,2.352536
7675,0.817463,58,29,96,0.006665,2.352579
7676,0.817482,58,29,96,0.006665,2.352620
7677,0.817486,58,29,96,0.006665,2.352672
7678,0.817506,58,29,96,0.006666,2.352712
7679,0.817530,58,29,96,0.006672,2.352738
7680,0.817549,58,29,96,0.006673,2.352777
7681,0.817486,58,29,96,0.006671,2.352805
7682,0.817459,58,29,96,0.006670,2.352876
7683,0.817475,58,29,96,0.006670,2.352921
7684,0.817493,58,29,96,0.006671,2.352963
7685,0.817512,58,29,96,0.006671,2.353004
7686,0.817489,58,29,96,0.006670,2.353071
7687,0.817509,58,29,96,0.006671,2.353110
7688,0.817529,58,29,96,0.006672,2.353152
7689,0.817514,58,29,96,0.006671,2.353215
7690,0.817521,58,29,96,0.006671,2.353264
7691,0.817529,58,29,96,0.006670,2.353311
7692,0.817542,58,29,96,0.006670,2.353356
7693,0.817543,58,29,96,0.006669,2.353412
7694,0.817550,58,29,96,0.006669,2.353461
7695,0.817561,58,29,96,0.006668,2.353506
7696,0.817538,58,29,96,0.006667,2.353573
7697,0.817555,58,29,96,0.006668,2.353615
7698,0.817560,58,29,96,0.006667,2.353667
7699,0.817584,58,29,96,0.006673,2.353693
7700,0.817606,58,29,96,0.006675,2.353729
7701,0.817630,58,29,96,0.006681,2.353755
7702,0.817603,58,29,96,0.006680,2.353826
7703,0.817611,58,29,96,0.006680,2.353872
7704,0.817604,58,29,96,0.006679,2.353930
7705,0.817610,58,29,96,0.006678,2.353979
7706,0.817571,58,29,96,0.006677,2.354048
7707,0.817582,58,29,96,0.006676,2.354093
7708,0.817585,58,29,96,0.006676,2.354146
7709,0.817564,58,29,96,0.006674,2.354213
7710,0.817730,58,29,95,0.006683,2.353799
7711,0.817739,58,29,95,0.006682,2.353845
7712,0.817697,58,29,95,0.006681,2.353911
7713,0.817714,58,29,95,0.006681,2.353952
7714,0.817737,58,29,95,0.006684,2.353992
7715,0.817753,58,29,95,0.006684,2.354036
7716,0.817755,58,29,95,0.006683,2.354091
7717,0.817771,58,29,95,0.006684,2.354134
7718,0.817768,58,29,95,0.006683,2.354190
7719,0.817774,58,29,95,0.006682,2.354243
7720,0.817787,58,29,95,0.006682,2.354288
7721,0.817808,58,29,95,0.006683,2.354327
7722,0.817830,58,29,95,0.006686,2.354363
7723,0.817851,58,29,95,0.006687,2.354404
7724,0.817874,58,29,95,0.006689,2.354442
7725,0.817842,58,29,95,0.006688,2.354515
7726,0.817865,58,29,95,0.006694,2.354541
7727,0.817889,58,29,95,0.006700,2.354566
7728,0.817903,58,29,95,0.006700,2.354610
7729,0.817913,58,29,95,0.006700,2.354655
7730,0.817882,58,29,95,0.006699,2.354728
7731,0.817904,58,29,95,0.006700,2.354769
7732,0.817868,58,29,95,0.006699,2.354840
7733,0.817820,58,29,95,0.006697,2.354897
7734,0.817841,58,29,95,0.006698,2.354937
7735,0.817829,58,29,95,0.006697,2.354998
7736,0.817802,58,29,95,0.006696,2.355069
7737,0.817824,58,29,95,0.006698,2.355105
7738,0.817846,58,29,95,0.006700,2.355146
7739,0.817815,58,29,95,0.006698,2.355218
7740,0.817790,58,29,95,0.006697,2.355288
7741,0.817786,58,29,95,0.006696,2.355343
7742,0.817794,58,29,95,0.006696,2.355391
7743,0.817815,58,29,95,0.006697,2.355431
7744,0.817838,58,29,95,0.006703,2.355457
7745,0.817832,58,29,95,0.006702,2.355514
7746,0.817796,58,29,95,0.006701,2.355585
7747,0.817816,58,29,95,0.006701,2.355627
7748,0.817818,58,29,95,0.006701,2.355680
7749,0.817783,58,29,95,0.006699,2.355750
7750,0.817801,58,29,95,0.006700,2.355793
7751,0.817811,58,29,95,0.006699,2.355838
7752,0.817828,58,29,95,0.006700,2.355880
7753,0.817820,58,29,95,0.006699,2.355938
7754,0.817811,58,29,95,0.006698,2.355996
7755,0.818337,57,29,95,0.006733,2.355604
7756,0.818360,57,29,95,0.006739,2.355629
7757,0.818330,57,29,95,0.006737,2.355701
7758,0.818319,57,29,95,0.006736,2.355762
7759,0.818337,57,29,95,0.006737,2.355803
7760,0.818359,57,29,95,0.006738,2.355844
7761,0.818347,57,29,95,0.006737,2.355904
7762,0.818345,57,29,95,0.006736,2.355961
7763,0.818318,57,29,95,0.006735,2.356032
7764,0.818294,57,29,95,0.006733,2.356101
7765,0.818276,57,29,95,0.006732,2.356167
7766,0.818263,57,29,95,0.006731,2.356229
7767,0.818242,57,29,95,0.006730,2.356296
7768,0.818264,57,29,95,0.006732,2.356330
7769,0.818237,57,29,95,0.006731,2.356401
7770,0.818240,57,29,95,0.006730,2.356453
7771,0.818246,57,29,95,0.006729,2.356505
7772,0.818248,57,29,95,0.006728,2.356560
7773,0.818260,57,29,95,0.006728,2.356604
7774,0.818281,57,29,95,0.006730,2.356644
7775,0.818271,57,29,95,0.006729,2.356704
7776,0.818256,57,29,95,0.006727,2.356766
7777,0.818279,57,29,95,0.006730,2.356801
7778,0.818284,57,29,95,0.006729,2.356853
7779,0.818300,57,29,95,0.006729,2.356896
7780,0.818321,57,29,95,0.006731,2.356936
7781,0.818325,57,29,95,0.006730,2.356989
7782,0.818294,57,29,95,0.006729,2.357061
7783,0.818300,57,29,95,0.006728,2.357112
7784,0.818303,57,29,95,0.006727,2.357164
7785,0.818324,57,29,95,0.006729,2.357205
7786,0.818347,57,29,95,0.006732,2.357245
7787,0.818329,57,29,95,0.006730,2.357311
7788,0.818332,57,29,95,0.006730,2.357363
7789,0.818332,57,29,95,0.006729,2.357419
7790,0.818352,57,29,95,0.006730,2.357457
7791,0.818370,57,29,95,0.006730,2.357500
7792,0.818374,57,29,95,0.006730,2.357552
7793,0.818387,57,29,95,0.006730,2.357597
7794,0.818332,57,29,95,0.006728,2.357645
7795,0.818319,57,29,95,0.006727,2.357706
7796,0.818306,57,29,95,0.006726,2.357767
7797,0.818316,57,29,95,0.006725,2.357813
7798,0.818322,57,29,95,0.006725,2.357864
7799,0.818345,57,29,95,0.006731,2.357889
7800,0.818355,57,29,95,0.006731,2.357935
7801,0.818359,57,29,95,0.006730,2.357986
7802,0.818379,57,29,95,0.006731,2.358025
7803,0.818402,57,29,95,0.006737,2.358050
7804,0.818395,57,29,95,0.006736,2.358108
7805,0.818413,57,29,95,0.006737,2.358150
7806,0.818372,57,29,95,0.006735,2.358217
7807,0.818366,57,29,95,0.006734,2.358274
7808,0.818385,57,29,95,0.006735,2.358312
7809,0.818401,57,29,95,0.006735,2.358355
7810,0.818406,57,29,95,0.006735,2.358407
7811,0.818407,57,29,95,0.006734,2.358462
7812,0.818429,57,29,95,0.006736,2.358500
7813,0.818451,57,29,95,0.006738,2.358540
7814,0.818465,57,29,95,0.006738,2.358583
7815,0.818483,57,29,95,0.006739,2.358625
7816,0.818430,57,29,95,0.006737,2.358678
7817,0.818451,57,29,95,0.006738,2.358718
7818,0.818465,57,29,95,0.006739,2.358760
7819,0.818470,57,29,95,0.006738,2.358812
7820,0.818477,57,29,95,0.006737,2.358860
7821,0.818488,57,29,95,0.006737,2.358905
7822,0.818511,57,29,95,0.006743,2.358930
7823,0.818501,57,29,95,0.006742,2.358989
7824,0.818521,57,29,95,0.006743,2.359028
7825,0.818539,57,29,95,0.006744,2.359070
7826,0.818553,57,29,95,0.006744,2.359112
7827,0.818551,57,29,95,0.006743,2.359168
7828,0.818563,57,29,95,0.006743,2.359213
7829,0.818560,57,29,95,0.006742,2.359269
7830,0.818580,57,29,95,0.006743,2.359308
7831,0.818597,57,29,95,0.006744,2.359349
7832,0.818612,57,29,95,0.006744,2.359392
7833,0.818636,57,29,95,0.006750,2.359417
7834,0.818637,57,29,95,0.006749,2.359470
7835,0.818651,57,29,95,0.006749,2.359515
7836,0.818652,57,29,95,0.006749,2.359567
7837,0.818652,57,29,95,0.006748,2.359624
7838,0.818602,57,29,95,0.006746,2.359680
7839,0.818621,57,29,95,0.006747,2.359721
7840,0.818622,57,29,95,0.006746,2.359776
7841,0.818612,57,29,95,0.006745,2.359835
7842,0.818630,57,29,95,0.006745,2.359876
7843,0.818638,57,29,95,0.006745,2.359922
7844,0.818656,57,29,95,0.006746,2.359963
7845,0.818654,57,29,95,0.006745,2.360019
7846,0.818672,57,29,95,0.006745,2.360060
7847,0.818655,57,29,95,0.006744,2.360123
7848,0.818619,57,29,95,0.006743,2.360193
7849,0.818609,57,29,95,0.006742,2.360251
7850,0.818612,57,29,95,0.006741,2.360303
7851,0.818626,57,29,95,0.006741,2.360348
7852,0.818646,57,29,95,0.006742,2.360386
7853,0.818638,57,29,95,0.006741,2.360443
7854,0.818653,57,29,95,0.006741,2.360486
7855,0.818665,57,29,95,0.006741,2.360531
7856,0.818670,57,29,95,0.006740,2.360582
7857,0.818680,57,29,95,0.006740,2.360626
7858,0.818697,57,29,95,0.006740,2.360668
7859,0.818685,57,29,95,0.006739,2.360728
7860,0.818657,57,29,95,0.006738,2.360798
7861,0.818656,57,29,95,0.006737,2.360854
7862,0.818618,57,29,95,0.006735,2.360923
7863,0.818618,57,29,95,0.006735,2.360978
7864,0.818640,57,29,95,0.006737,2.361013
7865,0.818641,57,29,95,0.006736,2.361068
7866,0.818660,57,29,95,0.006737,2.361109
7867,0.818676,57,29,95,0.006737,2.361152
7868,0.818673,57,29,95,0.006736,2.361208
7869,0.818695,57,29,95,0.006739,2.361243
7870,0.818705,57,29,95,0.006738,2.361288
7871,0.818728,57,29,95,0.006744,2.361313
7872,0.818740,57,29,95,0.006744,2.361358
7873,0.818758,57,29,95,0.006745,2.361400
7874,0.818774,57,29,95,0.006745,2.361442
7875,0.818719,57,29,95,0.006744,2.361489
7876,0.818742,57,29,95,0.006750,2.361514
7877,0.818761,57,29,95,0.006751,2.361552
7878,0.818745,57,29,95,0.006750,2.361616
7879,0.818750,57,29,95,0.006749,2.361666
7880,0.818673,57,29,95,0.006747,2.361613
7881,0.818693,57,29,95,0.006748,2.361651
7882,0.818694,57,29,95,0.006748,2.361706
7883,0.818709,57,29,95,0.006748,2.361749
7884,0.818649,57,29,95,0.006746,2.361781
7885,0.818647,57,29,95,0.006745,2.361837
7886,0.818665,57,29,95,0.006746,2.361878
7887,0.818686,57,29,95,0.006747,2.361919
7888,0.818658,57,29,95,0.006746,2.361988
7889,0.818672,57,29,95,0.006746,2.362032
7890,0.818693,57,29,95,0.006747,2.362071
7891,0.818709,57,29,95,0.006748,2.362112
7892,0.818648,57,29,95,0.006746,2.362144
7893,0.818668,57,29,95,0.006747,2.362183
7894,0.818690,57,29,95,0.006750,2.362217
7895,0.818701,57,29,95,0.006750,2.362262
7896,0.818709,57,29,95,0.006749,2.362309
7897,0.818660,57,29,95,0.006748,2.362364
7898,0.818656,57,29,95,0.006747,2.362420
7899,0.818667,57,29,95,0.006746,2.362465
7900,0.818690,57,29,95,0.006753,2.362490
7901,0.818707,57,29,95,0.006753,2.362530
7902,0.818647,57,29,95,0.006752,2.362563
7903,0.818595,57,29,95,0.006750,2.362615
7904,0.818591,57,29,95,0.006749,2.362670
7905,0.818612,57,29,95,0.006750,2.362708
7906,0.818627,57,29,95,0.006751,2.362750
7907,0.818647,57,29,95,0.006752,2.362788
7908,0.818664,57,29,95,0.006752,2.362829
7909,0.818680,57,29,95,0.006753,2.362871
7910,0.818685,57,29,95,0.006752,2.362921
7911,0.818705,57,29,95,0.006753,2.362959
7912,0.818711,57,29,95,0.006753,2.363008
7913,0.818729,57,29,95,0.006753,2.363049
7914,0.818723,57,29,95,0.006752,2.363106
7915,0.818738,57,29,95,0.006753,2.363147
7916,0.818751,57,29,95,0.006752,2.363192
7917,0.818713,57,29,95,0.006751,2.363260
7918,0.818722,57,29,95,0.006751,2.363305
7919,0.818736,57,29,95,0.006751,2.363350
7920,0.818725,57,29,95,0.006749,2.363408
7921,0.818745,57,29,95,0.006751,2.363445
7922,0.818756,57,29,95,0.006750,2.363490
7923,0.818750,57,29,95,0.006749,2.363546
7924,0.818773,57,29,95,0.006752,2.363585
7925,0.818780,57,29,95,0.006751,2.363632
7926,0.818781,57,29,95,0.006751,2.363686
7927,0.818798,57,29,95,0.006751,2.363728
7928,0.818789,57,29,95,0.006750,2.363785
7929,0.818808,57,29,95,0.006751,2.363826
7930,0.818809,57,29,95,0.006750,2.363880
7931,0.818803,57,29,95,0.006749,2.363936
7932,0.818824,57,29,95,0.006750,2.363975
7933,0.818846,57,29,95,0.006753,2.364010
7934,0.818846,57,29,95,0.006752,2.364065
7935,0.818844,57,29,95,0.006751,2.364120
7936,0.818859,57,29,95,0.006751,2.364162
7937,0.818782,57,29,95,0.006750,2.364097
7938,0.818792,57,29,95,0.006749,2.364142
7939,0.818807,57,29,95,0.006749,2.364184
7940,0.818785,57,29,95,0.006748,2.364250
7941,0.818802,57,29,95,0.006749,2.364290
7942,0.818803,57,29,95,0.006748,2.364344
7943,0.818801,57,29,95,0.006747,2.364399
7944,0.818816,57,29,95,0.006747,2.364440
7945,0.818832,57,29,95,0.006748,2.364481
7946,0.818838,57,29,95,0.006747,2.364531
7947,0.818860,57,29,95,0.006749,2.364569
7948,0.818879,57,29,95,0.006751,2.364606
7949,0.818902,57,29,95,0.006757,2.364630
7950,0.818905,57,29,95,0.006756,2.364682
7951,0.818895,57,29,95,0.006755,2.364740
7952,0.818884,57,29,95,0.006754,2.364799
7953,0.818897,57,29,95,0.006754,2.364843
7954,0.818916,57,29,95,0.006754,2.364884
7955,0.818935,57,29,95,0.006755,2.364922
7956,0.818948,57,29,95,0.006755,2.364966
7957,0.818963,57,29,95,0.006756,2.365007
7958,0.818973,57,29,95,0.006755,2.365051
7959,0.818992,57,29,95,0.006756,2.365089
7960,0.818995,57,29,95,0.006756,2.365140
7961,0.818971,57,29,95,0.006754,2.365208
7962,0.818991,57,29,95,0.006755,2.365246
7963,0.819001,57,29,95,0.006755,2.365289
7964,0.819000,57,29,95,0.006754,2.365344
7965,0.819005,57,29,95,0.006754,2.365393
7966,0.819023,57,29,95,0.006754,2.365433
7967,0.819044,57,29,95,0.006756,2.365473
7968,0.819063,57,29,94,0.006757,2.365511
7969,0.819022,57,29,95,0.006756,2.365575
7970,0.819037,57,29,95,0.006756,2.365616
7971,0.819053,57,29,94,0.006756,2.365657
7972,0.819042,57,29,95,0.006755,2.365714
7973,0.819061,57,29,95,0.006756,2.365755
7974,0.819052,57,29,95,0.006755,2.365812
7975,0.819053,57,29,95,0.006754,2.365865
7976,0.819004,57,29,95,0.006752,2.365920
7977,0.819025,57,29,95,0.006754,2.365959
7978,0.819039,57,29,95,0.006754,2.366001
7979,0.819060,57,29,95,0.006755,2.366040
7980,0.819063,57,29,94,0.006755,2.366091
7981,0.819084,57,29,94,0.006756,2.366131
7982,0.819093,57,29,94,0.006756,2.366177
7983,0.819108,57,29,94,0.006756,2.366218
7984,0.819129,57,29,94,0.006758,2.366257
7985,0.819145,57,28,94,0.006758,2.366297
7986,0.819137,57,28,94,0.006757,2.366354
7987,0.819123,57,29,94,0.006756,2.366415
7988,0.819269,57,28,94,0.006760,2.366259
7989,0.819246,57,28,94,0.006759,2.366325
7990,0.819253,57,28,94,0.006758,2.366373
7991,0.819225,57,29,94,0.006757,2.366441
7992,0.819243,57,28,94,0.006758,2.366481
7993,0.819265,57,28,94,0.006764,2.366506
7994,0.819278,57,28,94,0.006764,2.366550
7995,0.819293,57,28,94,0.006764,2.366592
7996,0.819281,57,28,94,0.006763,2.366649
7997,0.819297,57,28,94,0.006763,2.366690
7998,0.819293,57,28,94,0.006762,2.366745
7999,0.819310,57,28,94,0.006762,2.366786
8000,0.819295,57,28,94,0.006761,2.366847
8001,0.819264,57,28,94,0.006760,2.366918
8002,0.819276,57,28,94,0.006760,2.366962
8003,0.819287,57,28,94,0.006759,2.367006
8004,0.819246,57,29,94,0.006758,2.367070
8005,0.819225,57,29,94,0.006757,2.367136
8006,0.819245,57,28,94,0.006758,2.367172
8007,0.819232,57,29,94,0.006757,2.367232
8008,0.819253,57,28,94,0.006758,2.367270
8009,0.819267,57,28,94,0.006758,2.367312
8010,0.819273,57,29,94,0.006758,2.367361
8011,0.819283,57,29,94,0.006757,2.367405
8012,0.819303,57,28,94,0.006759,2.367444
8013,0.819323,57,28,94,0.006760,2.367481
8014,0.819317,57,28,94,0.006759,2.367538
8015,0.819317,57,28,94,0.006758,2.367591
8016,0.819324,57,29,94,0.006758,2.367637
8017,0.819344,57,28,94,0.006759,2.367674
8018,0.819359,57,28,94,0.006759,2.367715
8019,0.819364,57,29,94,0.006759,2.367764
8020,0.819373,57,29,94,0.006758,2.367809
8021,0.819392,57,28,94,0.006760,2.367846
8022,0.819408,57,28,94,0.006760,2.367887
8023,0.819400,57,28,94,0.006759,2.367943
8024,0.819393,57,28,94,0.006758,2.367999
8025,0.819395,57,29,94,0.006757,2.368049
8026,0.819412,57,28,94,0.006758,2.368090
8027,0.819414,57,28,94,0.006757,2.368141
8028,0.819435,57,28,94,0.006758,2.368181
8029,0.819435,57,28,94,0.006758,2.368234
8030,0.819457,57,28,94,0.006764,2.368259
8031,0.819449,57,28,94,0.006763,2.368315
8032,0.819456,57,28,94,0.006762,2.368361
8033,0.819432,57,28,94,0.006761,2.368429
8034,0.819452,57,28,94,0.006762,2.368467
8035,0.819450,57,28,94,0.006761,2.368522
8036,0.819467,57,28,94,0.006762,2.368562
8037,0.819484,57,28,94,0.006762,2.368602
8038,0.819502,57,28,94,0.006763,2.368641
8039,0.819510,57,28,94,0.006763,2.368687
8040,0.819516,57,28,94,0.006762,2.368735
8041,0.819525,57,28,94,0.006762,2.368780
8042,0.819527,57,28,94,0.006761,2.368831
8043,0.819546,57,28,94,0.006762,2.368871
8044,0.819567,57,28,94,0.006764,2.368905
8045,0.819575,57,28,94,0.006764,2.368950
8046,0.819552,57,28,94,0.006762,2.369015
8047,0.819564,57,28,94,0.006762,2.369059
8048,0.819540,57,28,94,0.006761,2.369127
8049,0.819558,57,28,94,0.006762,2.369166
8050,0.819554,57,28,94,0.006761,2.369221
8051,0.819550,57,28,94,0.006760,2.369275
8052,0.819567,57,28,94,0.006760,2.369315
8053,0.819585,57,28,94,0.006761,2.369356
8054,0.819603,57,28,94,0.006762,2.369395
8055,0.819611,57,28,94,0.006761,2.369439
8056,0.819610,57,28,94,0.006760,2.369493
8057,0.819622,57,28,94,0.006760,2.369536
8058,0.819632,57,28,94,0.006760,2.369580
8059,0.819652,57,28,94,0.006761,2.369619
8060,0.819670,57,28,94,0.006762,2.369658
8061,0.819664,57,28,94,0.006761,2.369714
8062,0.819679,57,28,94,0.006761,2.369755
8063,0.819673,57,28,94,0.006760,2.369809
8064,0.819643,57,28,94,0.006759,2.369880
8065,0.819654,57,28,94,0.006759,2.369924
8066,0.819662,57,28,94,0.006758,2.369969
8067,0.819683,57,28,94,0.006761,2.370004
8068,0.819705,57,28,94,0.006767,2.370028
8069,0.819690,57,28,94,0.006765,2.370090
8070,0.819704,57,28,94,0.006765,2.370133
8071,0.819725,57,28,94,0.006768,2.370170
8072,0.819710,57,28,94,0.006767,2.370231
8073,0.819709,57,28,94,0.006766,2.370285
8074,0.819718,57,28,94,0.006765,2.370328
8075,0.819731,57,28,94,0.006765,2.370371
8076,0.819745,57,28,94,0.006766,2.370412
8077,0.819727,57,28,94,0.006764,2.370477
8078,0.819736,57,28,94,0.006764,2.370521
8079,0.819726,57,28,94,0.006763,2.370578
8080,0.819737,57,29,94,0.006763,2.370622
8081,0.819737,57,29,94,0.006762,2.370675
8082,0.819739,57,29,94,0.006761,2.370726
8083,0.819759,57,29,94,0.006762,2.370764
8084,0.819756,57,29,94,0.006761,2.370818
8085,0.819778,57,28,94,0.006767,2.370842
8086,0.819774,57,29,94,0.006766,2.370896
8087,0.819775,57,29,94,0.006766,2.370949
8088,0.819791,57,28,94,0.006766,2.370989
8089,0.819811,57,28,94,0.006767,2.371027
8090,0.819825,57,28,94,0.006768,2.371068
8091,0.819806,57,28,94,0.006766,2.371134
8092,0.819777,57,29,94,0.006765,2.371204
8093,0.819785,57,29,94,0.006765,2.371248
8094,0.819767,57,29,94,0.006763,2.371313
8095,0.819785,57,29,94,0.006764,2.371352
8096,0.819780,57,29,94,0.006763,2.371407
8097,0.819800,57,28,94,0.006764,2.371444
8098,0.819802,57,29,94,0.006764,2.371494
8099,0.819823,57,28,94,0.006766,2.371529
8100,0.819828,57,28,94,0.006765,2.371580
8101,0.819848,57,28,94,0.006767,2.371618
8102,0.819869,57,28,94,0.006769,2.371651
8103,0.819883,57,28,94,0.006769,2.371692
8104,0.819903,57,28,94,0.006771,2.371730
8105,0.819912,57,28,94,0.006770,2.371773
8106,0.819894,57,28,94,0.006769,2.371838
8107,0.819842,57,28,94,0.006768,2.371889
8108,0.819863,57,28,94,0.006769,2.371928
8109,0.819868,57,28,94,0.006769,2.371977
8110,0.819875,57,28,94,0.006768,2.372024
8111,0.819892,57,28,94,0.006769,2.372064
8112,0.819907,57,28,94,0.006769,2.372104
8113,0.819910,57,28,94,0.006768,2.372155
8114,0.819885,57,28,94,0.006767,2.372222
8115,0.819854,57,28,94,0.006765,2.372292
8116,0.819860,57,28,94,0.006765,2.372340
8117,0.819834,57,28,94,0.006763,2.372407
8118,0.819814,57,28,94,0.006762,2.372472
8119,0.819802,57,29,94,0.006761,2.372531
8120,0.819819,57,28,94,0.006761,2.372571
8121,0.819830,57,28,94,0.006761,2.372615
8122,0.819846,57,28,94,0.006762,2.372655
8123,0.819859,57,28,94,0.006762,2.372699
8124,0.819880,57,28,94,0.006764,2.372732
8125,0.819900,57,28,94,0.006765,2.372770
8126,0.819915,57,28,94,0.006765,2.372810
8127,0.819930,57,28,94,0.006766,2.372849
8128,0.819953,57,28,94,0.006772,2.372874
8129,0.819950,57,28,94,0.006771,2.372928
8130,0.819952,57,28,94,0.006770,2.372978
8131,0.819953,57,28,94,0.006769,2.373031
8132,0.819960,57,28,94,0.006769,2.373076
8133,0.819940,57,28,94,0.006768,2.373140
8134,0.819945,57,28,94,0.006767,2.373188
8135,0.819956,57,28,94,0.006767,2.373231
8136,0.819977,57,28,94,0.006769,2.373266
8137,0.819985,57,28,94,0.006769,2.373311
8138,0.819938,57,28,94,0.006767,2.373366
8139,0.819932,57,28,94,0.006766,2.373421
8140,0.819951,57,28,94,0.006767,2.373459
8141,0.819945,57,28,94,0.006766,2.373513
8142,0.819953,57,28,94,0.006766,2.373557
8143,0.819957,57,28,94,0.006765,2.373607
8144,0.819964,57,28,94,0.006765,2.373652
8145,0.819986,57,28,94,0.006767,2.373691
8146,0.819962,57,28,94,0.006766,2.373756
8147,0.819871,57,28,94,0.006764,2.373219
8148,0.819884,57,28,94,0.006764,2.373261
8149,0.819904,57,28,94,0.006766,2.373298
8150,0.819884,57,28,94,0.006765,2.373363
8151,0.819898,57,28,94,0.006765,2.373404
8152,0.819915,57,28,94,0.006765,2.373443
8153,0.819934,57,28,94,0.006766,2.373480
8154,0.820099,57,28,94,0.006775,2.373075
8155,0.820091,57,28,94,0.006774,2.373130
8156,0.820109,57,28,94,0.006775,2.373167
8157,0.820121,57,28,94,0.006774,2.373211
8158,0.820114,57,28,94,0.006773,2.373265
8159,0.820136,57,28,94,0.006779,2.373289
8160,0.820063,57,28,94,0.006778,2.373246
8161,0.820081,57,28,94,0.006778,2.373286
8162,0.820021,57,28,94,0.006777,2.373314
8163,0.820031,57,28,94,0.006777,2.373357
8164,0.820048,57,28,94,0.006777,2.373396
8165,0.820052,57,28,94,0.006777,2.373447
8166,0.820072,57,28,94,0.006778,2.373484
8167,0.820090,57,28,94,0.006779,2.373520
8168,0.820106,57,28,94,0.006779,2.373560
8169,0.820129,57,28,94,0.006785,2.373584
8170,0.820150,57,28,94,0.006788,2.373623
8171,0.820163,57,28,94,0.006788,2.373667
8172,0.820170,57,28,94,0.006787,2.373712
8173,0.820142,57,28,94,0.006786,2.373781
8174,0.820048,57,28,94,0.006784,2.373075
8175,0.820048,57,28,94,0.006783,2.373127
8176,0.820019,57,28,94,0.006782,2.373196
8177,0.819990,57,28,94,0.006781,2.373265
8178,0.819898,57,28,94,0.006779,2.372725
8179,0.819909,57,28,94,0.006779,2.372769
8180,0.819920,57,28,94,0.006779,2.372812
8181,0.819888,57,28,94,0.006777,2.372881
8182,0.819828,57,28,94,0.006776,2.372908
8183,0.819846,57,28,94,0.006776,2.372946
8184,0.819855,57,28,94,0.006776,2.372989
8185,0.819870,57,28,94,0.006776,2.373029
8186,0.819842,57,28,94,0.006775,2.373097
8187,0.819858,57,28,94,0.006776,2.373137
8188,0.819817,57,28,94,0.006774,2.373199
8189,0.819816,57,28,94,0.006773,2.373251
8190,0.819834,57,28,94,0.006774,2.373291
8191,0.819855,57,28,94,0.006775,2.373330
8192,0.819866,57,28,94,0.006775,2.373374
8193,0.819860,57,28,94,0.006774,2.373427
8194,0.819863,57,28,94,0.006774,2.373477
8195,0.819878,57,28,94,0.006774,2.373516
8196,0.819865,57,28,94,0.006773,2.373576
8197,0.819881,57,28,94,0.006773,2.373615
8198,0.819892,57,28,94,0.006773,2.373658
8199,0.819892,57,28,94,0.006772,2.373711
8200,0.819880,57,28,94,0.006771,2.373769
8201,0.819849,57,28,94,0.006770,2.373837
8202,0.819864,57,28,94,0.006770,2.373876
8203,0.819885,57,28,94,0.006772,2.373915
8204,0.819874,57,28,94,0.006770,2.373971
8205,0.819828,57,28,94,0.006769,2.374026
8206,0.819810,57,28,94,0.006768,2.374090
8207,0.819829,57,28,94,0.006769,2.374128
8208,0.819843,57,28,94,0.006769,2.374168
8209,0.819836,57,28,94,0.006768,2.374223
8210,0.819811,57,28,94,0.006767,2.374290
8211,0.819803,57,28,94,0.006766,2.374345
8212,0.819820,57,28,94,0.006766,2.374384
8213,0.819841,57,28,94,0.006769,2.374420
8214,0.819844,57,28,94,0.006768,2.374469
8215,0.819861,57,28,94,0.006768,2.374508
8216,0.819877,57,28,94,0.006769,2.374547
8217,0.819897,57,28,94,0.006770,2.374585
8218,0.819857,57,28,94,0.006769,2.374648
8219,0.819836,57,28,94,0.006768,2.374712
8220,0.819854,57,28,94,0.006769,2.374749
8221,0.819873,57,28,94,0.006770,2.374785
8222,0.819834,57,28,94,0.006768,2.374849
8223,0.819780,57,28,94,0.006767,2.374894
8224,0.819796,57,28,94,0.006767,2.374934
8225,0.819812,57,28,94,0.006768,2.374972
8226,0.819834,57,28,94,0.006774,2.374996
8227,0.819850,57,28,94,0.006774,2.375035
8228,0.819866,57,28,94,0.006774,2.375075
8229,0.819847,57,28,94,0.006773,2.375138
8230,0.819860,57,28,94,0.006773,2.375181
8231,0.819844,57,28,94,0.006772,2.375244
8232,0.819826,57,28,94,0.006771,2.375306
8233,0.819844,57,28,94,0.006772,2.375342
8234,0.819842,57,28,94,0.006771,2.375396
8235,0.819861,57,28,94,0.006772,2.375433
8236,0.819819,57,28,94,0.006771,2.375493
8237,0.819839,57,28,94,0.006772,2.375530
8238,0.819820,57,28,94,0.006771,2.375592
8239,0.819841,57,28,94,0.006773,2.375631
8240,0.819845,57,28,94,0.006772,2.375681
8241,0.819859,57,28,94,0.006773,2.375721
8242,0.819850,57,28,94,0.006771,2.375776
8243,0.819847,57,28,94,0.006771,2.375830
8244,0.819859,57,28,94,0.006770,2.375872
8245,0.819836,57,28,94,0.006769,2.375938
8246,0.819856,57,28,94,0.006771,2.375976
8247,0.819839,57,28,94,0.006769,2.376039
8248,0.819835,57,28,94,0.006769,2.376092
8249,0.819828,57,28,94,0.006767,2.376146
8250,0.819821,57,28,94,0.006767,2.376199
8251,0.819826,57,28,94,0.006766,2.376248
8252,0.819835,57,28,94,0.006766,2.376291
8253,0.819814,57,28,94,0.006764,2.376355
8254,0.819740,57,28,94,0.006763,2.376296
8255,0.819760,57,28,94,0.006764,2.376334
8256,0.819770,57,28,94,0.006764,2.376377
8257,0.819733,57,28,94,0.006763,2.376444
8258,0.819720,57,28,94,0.006761,2.376504
8259,0.819687,57,28,94,0.006760,2.376574
8260,0.819706,57,28,94,0.006761,2.376610
8261,0.819722,57,28,94,0.006762,2.376649
8262,0.819700,57,28,94,0.006760,2.376712
8263,0.819721,57,28,94,0.006763,2.376751
8264,0.819733,57,28,94,0.006763,2.376794
8265,0.819716,57,28,94,0.006761,2.376855
8266,0.819729,57,28,94,0.006761,2.376898
8267,0.819736,57,28,94,0.006761,2.376942
8268,0.819737,57,28,94,0.006760,2.376994
8269,0.819725,57,28,94,0.006759,2.377052
8270,0.819742,57,28,94,0.006760,2.377090
8271,0.819743,57,28,94,0.006759,2.377140
8272,0.819708,57,28,94,0.006757,2.377208
8273,0.819723,57,28,94,0.006758,2.377248
8274,0.819741,57,28,94,0.006758,2.377287
8275,0.819755,57,28,94,0.006759,2.377327
8276,0.819767,57,28,94,0.006758,2.377369
8277,0.819754,57,28,94,0.006757,2.377428
8278,0.819772,57,28,94,0.006758,2.377468
8279,0.819791,57,28,94,0.006759,2.377504
8280,0.819810,57,28,94,0.006761,2.377540
8281,0.819794,57,28,94,0.006759,2.377600
8282,0.819800,57,28,94,0.006759,2.377648
8283,0.819725,57,28,94,0.006757,2.377578
8284,0.819632,57,28,94,0.006756,2.376890
8285,0.819653,57,28,94,0.006758,2.376923
8286,0.819648,57,28,94,0.006757,2.376977
8287,0.819669,57,28,94,0.006759,2.377011
8288,0.819676,57,28,94,0.006759,2.377056
8289,0.819698,57,28,94,0.006765,2.377080
8290,0.819699,57,28,94,0.006764,2.377131
8291,0.819720,57,28,94,0.006766,2.377169
8292,0.819689,57,28,94,0.006765,2.377237
8293,0.819689,57,28,94,0.006764,2.377289
8294,0.819699,57,28,94,0.006764,2.377331
8295,0.819715,57,28,94,0.006764,2.377370
8296,0.819722,57,28,94,0.006764,2.377414
8297,0.819742,57,28,94,0.006765,2.377452
8298,0.819764,57,28,94,0.006771,2.377476
8299,0.819765,57,28,94,0.006770,2.377527
8300,0.819786,57,28,94,0.006772,2.377561
8301,0.819800,57,28,94,0.006773,2.377600
8302,0.819821,57,28,94,0.006775,2.377635
8303,0.819787,57,28,94,0.006774,2.377703
8304,0.819808,57,28,94,0.006776,2.377739
8305,0.819817,57,28,94,0.006776,2.377782
8306,0.819839,57,28,94,0.006778,2.377820
8307,0.819814,57,28,94,0.006777,2.377886
8308,0.819754,57,28,94,0.006775,2.377911
8309,0.819771,57,28,94,0.006776,2.377950
8310,0.819791,57,28,94,0.006777,2.377987
8311,0.819803,57,28,94,0.006777,2.378030
8312,0.819824,57,28,94,0.006779,2.378068
8313,0.819830,57,28,94,0.006778,2.378114
8314,0.819807,57,28,94,0.006777,2.378178
8315,0.819805,57,28,94,0.006776,2.378231
8316,0.819804,57,28,94,0.006775,2.378283
8317,0.819826,57,28,94,0.006781,2.378307
8318,0.819843,57,28,94,0.006782,2.378346
8319,0.819858,57,28,94,0.006782,2.378384
8320,0.819857,57,28,94,0.006781,2.378436
8321,0.819879,57,28,94,0.006787,2.378460
8322,0.819890,57,28,94,0.006787,2.378502
8323,0.819890,57,28,94,0.006786,2.378553
8324,0.819909,57,28,94,0.006787,2.378588
8325,0.819889,57,28,94,0.006786,2.378650
8326,0.819893,57,28,94,0.006785,2.378700
8327,0.819833,57,28,94,0.006783,2.378723
8328,0.819839,57,28,94,0.006783,2.378771
8329,0.819861,57,28,94,0.006789,2.378795
8330,0.819871,57,28,94,0.006789,2.378837
8331,0.819851,57,28,94,0.006787,2.378900
8332,0.819872,57,28,94,0.006793,2.378923
8333,0.819882,57,28,94,0.006793,2.378966
8334,0.819899,57,28,94,0.006793,2.379005
8335,0.819917,57,28,94,0.006795,2.379041
8336,0.819932,57,28,94,0.006795,2.379080
8337,0.819930,57,28,94,0.006794,2.379133
8338,0.819936,57,28,94,0.006793,2.379180
8339,0.819950,57,28,94,0.006794,2.379218
8340,0.819881,57,28,94,0.006792,2.379189
8341,0.819897,57,28,94,0.006793,2.379228
8342,0.819915,57,28,94,0.006793,2.379267
8343,0.819932,57,28,94,0.006794,2.379305
8344,0.819947,57,28,94,0.006794,2.379343
8345,0.819958,57,28,94,0.006794,2.379385
8346,0.819972,57,28,94,0.006794,2.379426
8347,0.819948,57,28,94,0.006793,2.379492
8348,0.819895,57,28,94,0.006792,2.379536
8349,0.819914,57,28,94,0.006793,2.379572
8350,0.819922,57,28,94,0.006792,2.379616
8351,0.819897,57,28,94,0.006791,2.379681
8352,0.819908,57,28,94,0.006791,2.379723
8353,0.819901,57,28,94,0.006790,2.379777
8354,0.819921,57,28,94,0.006792,2.379811
8355,0.819939,57,28,94,0.006793,2.379849
8356,0.819927,57,28,94,0.006792,2.379905
8357,0.819914,57,28,94,0.006791,2.379965
8358,0.819925,57,28,94,0.006790,2.380007
8359,0.819932,57,28,94,0.006790,2.380052
8360,0.819908,57,28,94,0.006789,2.380116
8361,0.819920,57,28,94,0.006789,2.380158
8362,0.819913,57,28,94,0.006788,2.380211
8363,0.819913,57,28,94,0.006787,2.380263
8364,0.819932,57,28,94,0.006788,2.380299
8365,0.819950,57,28,94,0.006789,2.380338
8366,0.819924,57,28,94,0.006787,2.380403
8367,0.819942,57,28,94,0.006788,2.380440
8368,0.819959,57,28,94,0.006789,2.380479
8369,0.819980,57,28,94,0.006791,2.380511
8370,0.819978,57,28,94,0.006790,2.380563
8371,0.819993,57,28,94,0.006790,2.380602
8372,0.820003,57,28,94,0.006790,2.380644
8373,0.819975,57,28,94,0.006789,2.380711
8374,0.819970,57,28,94,0.006788,2.380764
8375,0.819990,57,28,94,0.006789,2.380801
8376,0.820009,57,28,94,0.006791,2.380837
8377,0.820025,57,28,94,0.006791,2.380876
8378,0.820043,57,28,94,0.006792,2.380914
8379,0.820061,57,28,94,0.006793,2.380951
8380,0.820083,57,28,94,0.006799,2.380974
8381,0.820097,57,28,94,0.006799,2.381013
8382,0.820110,57,28,94,0.006799,2.381055
8383,0.820110,57,28,94,0.006798,2.381106
8384,0.820117,57,28,94,0.006798,2.381149
8385,0.820109,57,28,94,0.006797,2.381203
8386,0.820090,57,28,94,0.006796,2.381264
8387,0.820093,57,28,94,0.006795,2.381313
8388,0.820079,57,28,94,0.006794,2.381372
8389,0.820008,57,28,94,0.006792,2.381332
8390,0.819980,57,28,94,0.006791,2.381398
8391,0.819993,57,28,94,0.006791,2.381440
8392,0.820006,57,28,94,0.006791,2.381483
8393,0.820009,57,28,94,0.006790,2.381532
8394,0.820025,57,28,94,0.006791,2.381570
8395,0.819992,57,28,94,0.006789,2.381638
8396,0.819989,57,28,94,0.006788,2.381691
8397,0.820004,57,28,94,0.006789,2.381728
8398,0.820023,57,28,94,0.006790,2.381764
8399,0.820041,57,28,94,0.006791,2.381799
8400,0.820049,57,28,94,0.006791,2.381843
8401,0.820063,57,28,94,0.006791,2.381881
8402,0.820048,57,28,94,0.006790,2.381941
8403,0.820067,57,28,94,0.006791,2.381978
8404,0.820055,57,28,94,0.006790,2.382034
8405,0.820052,57,28,94,0.006789,2.382086
8406,0.820049,57,28,94,0.006788,2.382138
8407,0.820070,57,28,94,0.006790,2.382172
8408,0.820069,57,28,94,0.006789,2.382223
8409,0.820069,57,28,94,0.006789,2.382274
8410,0.820087,57,28,94,0.006790,2.382310
8411,0.820089,57,28,94,0.006789,2.382359
8412,0.820107,57,28,94,0.006790,2.382395
8413,0.820099,57,28,94,0.006789,2.382450
8414,0.820106,57,28,94,0.006789,2.382494
8415,0.820126,57,28,94,0.006791,2.382531
8416,0.820121,57,28,94,0.006790,2.382584
8417,0.820137,57,28,94,0.006791,2.382622
8418,0.820151,57,28,94,0.006791,2.382661
8419,0.820171,57,28,94,0.006792,2.382698
8420,0.820189,57,28,94,0.006793,2.382733
8421,0.820184,57,28,94,0.006792,2.382786
8422,0.820179,57,28,94,0.006792,2.382838
8423,0.820163,57,28,94,0.006790,2.382899
8424,0.820136,57,28,94,0.006789,2.382964
8425,0.820148,57,28,94,0.006789,2.383007
8426,0.820166,57,28,94,0.006790,2.383045
8427,0.820168,57,28,94,0.006789,2.383093
8428,0.820186,57,28,94,0.006790,2.383129
8429,0.820207,57,28,94,0.006792,2.383165
8430,0.820194,57,28,94,0.006791,2.383222
8431,0.820173,57,28,94,0.006790,2.383284
8432,0.820178,57,28,94,0.006789,2.383331
8433,0.820169,57,28,94,0.006788,2.383387
8434,0.820187,57,28,94,0.006789,2.383423
8435,0.820164,57,28,94,0.006788,2.383485
8436,0.820154,57,28,94,0.006787,2.383541
8437,0.820158,57,28,94,0.006786,2.383590
8438,0.820174,57,28,94,0.006787,2.383629
8439,0.820143,57,28,94,0.006785,2.383696
8440,0.820093,57,28,94,0.006784,2.383745
8441,0.820090,57,28,94,0.006783,2.383797
8442,0.820098,57,28,94,0.006783,2.383839
8443,0.820117,57,28,94,0.006784,2.383874
8444,0.820048,57,28,94,0.006782,2.383846
8445,0.820060,57,28,94,0.006782,2.383888
8446,0.820069,57,28,94,0.006782,2.383930
8447,0.820080,57,28,94,0.006782,2.383972
8448,0.820078,57,28,94,0.006781,2.384024
8449,0.820093,57,28,94,0.006781,2.384061
8450,0.820097,57,28,94,0.006781,2.384110
8451,0.820103,57,28,94,0.006780,2.384153
8452,0.820115,57,28,94,0.006780,2.384195
8453,0.820096,57,28,94,0.006779,2.384256
8454,0.820095,57,28,94,0.006778,2.384306
8455,0.820100,57,28,94,0.006777,2.384353
8456,0.820111,57,28,94,0.006777,2.384394
8457,0.820072,57,28,94,0.006776,2.384457
8458,0.820084,57,28,94,0.006776,2.384499
8459,0.820065,57,28,94,0.006775,2.384560
8460,0.820083,57,28,94,0.006776,2.384594
8461,0.820074,57,28,94,0.006775,2.384648
8462,0.820074,57,28,94,0.006774,2.384698
8463,0.820090,57,28,94,0.006774,2.384737
8464,0.820084,57,28,94,0.006773,2.384789
8465,0.820077,57,28,94,0.006772,2.384841
8466,0.820089,57,28,94,0.006772,2.384883
8467,0.820077,57,28,94,0.006771,2.384940
8468,0.820043,57,28,94,0.006770,2.385007
8469,0.820063,57,28,94,0.006772,2.385040
8470,0.820075,57,28,94,0.006772,2.385081
8471,0.820095,57,28,94,0.006774,2.385114
8472,0.820050,57,28,94,0.006773,2.385168
8473,0.820070,57,28,94,0.006775,2.385201
8474,0.820091,57,28,94,0.006781,2.385225
8475,0.820111,57,28,94,0.006783,2.385258
8476,0.820133,57,28,94,0.006788,2.385281
8477,0.820153,57,28,94,0.006791,2.385317
8478,0.820137,57,28,94,0.006789,2.385378
8479,0.820141,57,28,94,0.006789,2.385426
8480,0.820094,57,28,94,0.006787,2.385478
8481,0.820088,57,28,94,0.006786,2.385530
8482,0.820106,57,28,94,0.006788,2.385564
8483,0.820122,57,28,94,0.006788,2.385603
8484,0.820135,57,28,94,0.006788,2.385643
8485,0.820150,57,28,94,0.006788,2.385680
8486,0.820169,57,28,94,0.006790,2.385717
8487,0.820190,57,28,94,0.006792,2.385752
8488,0.820169,57,28,94,0.006791,2.385814
8489,0.820166,57,28,94,0.006790,2.385865
8490,0.820186,57,28,94,0.006792,2.385899
8491,0.820185,57,28,94,0.006791,2.385949
8492,0.820201,57,28,94,0.006792,2.385987
8493,0.820162,57,28,94,0.006790,2.386049
8494,0.820181,57,28,94,0.006791,2.386085
8495,0.820199,57,28,94,0.006793,2.386121
8496,0.820211,57,28,94,0.006792,2.386163
8497,0.820203,57,28,94,0.006791,2.386215
8498,0.820218,57,28,94,0.006792,2.386253
8499,0.820239,57,28,94,0.006797,2.386276
8500,0.820247,57,28,94,0.006797,2.386319
8501,0.820156,57,28,94,0.006796,2.385589
8502,0.820139,57,28,94,0.006794,2.385649
8503,0.820153,57,28,94,0.006795,2.385687
8504,0.820130,57,28,94,0.006793,2.385749
8505,0.820124,57,28,94,0.006792,2.385800
8506,0.820133,57,28,94,0.006792,2.385842
8507,0.820140,57,28,94,0.006792,2.385886
8508,0.820161,57,28,94,0.006794,2.385919
8509,0.820159,57,28,94,0.006793,2.385969
8510,0.820163,57,28,94,0.006792,2.386017
8511,0.820133,57,28,94,0.006791,2.386084
8512,0.820154,57,28,94,0.006797,2.386107
8513,0.820175,57,28,94,0.006803,2.386130
8514,0.820186,57,28,94,0.006802,2.386171
8515,0.820202,57,28,94,0.006803,2.386209
8516,0.820206,57,28,94,0.006802,2.386257
8517,0.820227,57,28,94,0.006808,2.386280
8518,0.820242,57,28,94,0.006809,2.386318
8519,0.820240,57,28,94,0.006808,2.386369
8520,0.820257,57,28,94,0.006808,2.386407
8521,0.820257,57,28,94,0.006807,2.386457
8522,0.820255,57,28,94,0.006807,2.386508
8523,0.820264,57,28,94,0.006806,2.386550
8524,0.820250,57,28,94,0.006805,2.386609
8525,0.820254,57,28,94,0.006804,2.386656
8526,0.820265,57,28,94,0.006804,2.386698
8527,0.820278,57,28,94,0.006804,2.386740
8528,0.820280,57,28,94,0.006804,2.386788
8529,0.820301,57,28,94,0.006809,2.386811
8530,0.820291,57,28,94,0.006808,2.386866
8531,0.820206,57,28,94,0.006807,2.386497
8532,0.820147,57,28,94,0.006805,2.386522
8533,0.820140,57,28,94,0.006804,2.386573
8534,0.820148,57,28,94,0.006804,2.386615
8535,0.820156,57,28,94,0.006804,2.386658
8536,0.820168,57,28,94,0.006804,2.386700
8537,0.820130,57,28,94,0.006802,2.386762
8538,0.820127,57,28,94,0.006801,2.386813
8539,0.820148,57,28,94,0.006807,2.386836
8540,0.820144,57,28,94,0.006806,2.386888
8541,0.820132,57,28,94,0.006805,2.386943
8542,0.820149,57,28,94,0.006806,2.386981
8543,0.820161,57,28,94,0.006806,2.387022
8544,0.820174,57,28,94,0.006805,2.387064
8545,0.820147,57,28,94,0.006804,2.387129
8546,0.820149,57,28,94,0.006803,2.387177
8547,0.820335,57,28,94,0.006848,2.385212
8548,0.820323,57,28,94,0.006847,2.385268
8549,0.820319,57,28,94,0.006846,2.385319
8550,0.820292,57,28,94,0.006845,2.385384
8551,0.820241,57,28,94,0.006844,2.385429
8552,0.820233,57,28,94,0.006843,2.385483
8553,0.820224,57,28,94,0.006841,2.385538
8554,0.820244,57,28,94,0.006844,2.385570
8555,0.820215,57,28,94,0.006842,2.385636
8556,0.820203,57,28,94,0.006841,2.385693
8557,0.820217,57,28,94,0.006841,2.385730
8558,0.820226,57,28,94,0.006841,2.385772
8559,0.820214,57,28,94,0.006840,2.385828
8560,0.820174,57,28,94,0.006839,2.385889
8561,0.820176,57,28,94,0.006838,2.385937
8562,0.820197,57,28,94,0.006840,2.385974
8563,0.820218,57,28,94,0.006846,2.385997
8564,0.820228,57,28,94,0.006846,2.386039
8565,0.820194,57,28,94,0.006844,2.386106
8566,0.820204,57,28,94,0.006844,2.386147
8567,0.820222,57,28,94,0.006845,2.386183
8568,0.820212,57,28,94,0.006844,2.386238
8569,0.820232,57,28,94,0.006846,2.386275
8570,0.820207,57,28,94,0.006844,2.386339
8571,0.820225,57,28,94,0.006845,2.386377
8572,0.820232,57,28,94,0.006845,2.386420
8573,0.820252,57,28,94,0.006846,2.386457
8574,0.820268,57,28,94,0.006847,2.386495
8575,0.820276,57,28,94,0.006846,2.386538
8576,0.820293,57,28,94,0.006847,2.386576
8577,0.820258,57,28,94,0.006846,2.386641
8578,0.820221,57,28,94,0.006844,2.386704
8579,0.820222,57,28,94,0.006843,2.386754
8580,0.820212,57,28,94,0.006842,2.386809
8581,0.820165,57,28,94,0.006841,2.386861
8582,0.820185,57,28,94,0.006843,2.386892
8583,0.820168,57,28,94,0.006842,2.386953
8584,0.820180,57,28,94,0.006842,2.386994
8585,0.820199,57,28,94,0.006843,2.387031
8586,0.820148,57,28,94,0.006842,2.387078
8587,0.820109,57,28,94,0.006840,2.387137
8588,0.820094,57,28,94,0.006839,2.387197
8589,0.820098,57,28,94,0.006838,2.387245
8590,0.820116,57,28,94,0.006840,2.387280
8591,0.820134,57,28,94,0.006841,2.387314
8592,0.820151,57,28,94,0.006841,2.387351
8593,0.820104,57,28,94,0.006840,2.387402
8594,0.820111,57,28,94,0.006839,2.387445
8595,0.820116,57,28,94,0.006839,2.387492
8596,0.820123,57,28,94,0.006838,2.387539
8597,0.820063,57,28,94,0.006837,2.387558
8598,0.820082,57,28,94,0.006838,2.387594
8599,0.820089,57,28,94,0.006838,2.387639
8600,0.820092,57,28,94,0.006837,2.387687
8601,0.820112,57,28,94,0.006839,2.387721
8602,0.820131,57,28,94,0.006840,2.387756
8603,0.820148,57,28,94,0.006841,2.387794
8604,0.820166,57,28,94,0.006842,2.387828
8605,0.820183,57,28,94,0.006843,2.387866
8606,0.820203,57,28,94,0.006845,2.387900
8607,0.820201,57,28,94,0.006844,2.387951
8608,0.820196,57,28,94,0.006843,2.388003
8609,0.820145,57,28,94,0.006842,2.388048
8610,0.820138,57,28,94,0.006841,2.388101
8611,0.820152,57,28,94,0.006841,2.388139
8612,0.820173,57,28,94,0.006847,2.388162
8613,0.820191,57,28,94,0.006848,2.388197
8614,0.820189,57,28,94,0.006847,2.388246
8615,0.820201,57,28,94,0.006847,2.388288
8616,0.820218,57,28,94,0.006848,2.388325
8617,0.820235,57,28,94,0.006848,2.388363
8618,0.820220,57,28,94,0.006847,2.388422
8619,0.820223,57,28,94,0.006847,2.388470
8620,0.820238,57,28,94,0.006847,2.388508
8621,0.820258,57,28,94,0.006849,2.388540
8622,0.820270,57,28,94,0.006849,2.388581
8623,0.820242,57,28,94,0.006848,2.388646
8624,0.820219,57,28,94,0.006846,2.388708
8625,0.820195,57,28,94,0.006845,2.388771
8626,0.820181,57,28,94,0.006844,2.388830
8627,0.820198,57,28,94,0.006845,2.388867
8628,0.820210,57,28,94,0.006845,2.388908
8629,0.820226,57,28,94,0.006845,2.388946
8630,0.820232,57,28,94,0.006845,2.388992
8631,0.820253,57,28,94,0.006850,2.389015
8632,0.820247,57,28,94,0.006849,2.389066
8633,0.820198,57,28,94,0.006848,2.389113
8634,0.820203,57,28,94,0.006847,2.389161
8635,0.820198,57,28,94,0.006846,2.389213
8636,0.820220,57,28,94,0.006852,2.389235
8637,0.820191,57,28,94,0.006851,2.389300
8638,0.820211,57,28,94,0.006853,2.389332
8639,0.820229,57,28,94,0.006854,2.389369
8640,0.820198,57,28,94,0.006853,2.389435
8641,0.820174,57,28,94,0.006851,2.389498
8642,0.820189,57,28,94,0.006852,2.389535
8643,0.820209,57,28,94,0.006854,2.389569
8644,0.820210,57,28,94,0.006853,2.389618
8645,0.820195,57,28,94,0.006852,2.389677
8646,0.820161,57,28,94,0.006851,2.389743
8647,0.820171,57,28,94,0.006850,2.389785
8648,0.820158,57,28,94,0.006849,2.389841
8649,0.820154,57,28,94,0.006848,2.389893
8650,0.820169,57,28,94,0.006849,2.389930
8651,0.820149,57,28,94,0.006847,2.389991
8652,0.820146,57,28,94,0.006847,2.390042
8653,0.820116,57,28,94,0.006845,2.390108
8654,0.820058,57,28,94,0.006844,2.390130
8655,0.820055,57,28,95,0.006843,2.390181
8656,0.820072,57,28,95,0.006844,2.390217
8657,0.820040,57,28,95,0.006842,2.390283
8658,0.820027,57,28,95,0.006841,2.390338
8659,0.820047,57,28,95,0.006843,2.390369
8660,0.820067,57,28,95,0.006846,2.390404
8661,0.820059,57,28,95,0.006844,2.390457
8662,0.820056,57,28,95,0.006844,2.390507
8663,0.820018,57,28,95,0.006842,2.390568
8664,0.820018,57,28,95,0.006841,2.390617
8665,0.820015,57,28,95,0.006841,2.390667
8666,0.819998,57,28,95,0.006839,2.390728
8667,0.819994,57,28,95,0.006838,2.390779
8668,0.820010,57,28,95,0.006839,2.390816
8669,0.820021,57,28,95,0.006839,2.390858
8670,0.820037,57,28,95,0.006839,2.390895
8671,0.820035,57,28,95,0.006838,2.390945
8672,0.820045,57,28,95,0.006838,2.390986
8673,0.820054,57,28,95,0.006838,2.391027
8674,0.820073,57,28,95,0.006839,2.391063
8675,0.820066,57,28,95,0.006838,2.391114
8676,0.820077,57,28,95,0.006838,2.391155
8677,0.820070,57,28,95,0.006837,2.391206
8678,0.820019,57,28,95,0.006836,2.391248
8679,0.820029,57,28,95,0.006836,2.391289
8680,0.820046,57,28,95,0.006836,2.391326
8681,0.820053,57,28,95,0.006836,2.391370
8682,0.820038,57,28,95,0.006835,2.391428
8683,0.820029,57,28,95,0.006834,2.391482
8684,0.820047,57,28,95,0.006835,2.391517
8685,0.820031,57,28,95,0.006834,2.391575
8686,0.820046,57,28,95,0.006834,2.391612
8687,0.820045,57,28,95,0.006833,2.391662
8688,0.820052,57,28,95,0.006833,2.391706
8689,0.820047,57,28,95,0.006832,2.391757
8690,0.820016,57,28,95,0.006830,2.391821
8691,0.820024,57,28,95,0.006830,2.391864
8692,0.820040,57,28,95,0.006830,2.391902
8693,0.820008,57,28,95,0.006829,2.391966
8694,0.820024,57,28,95,0.006829,2.392004
8695,0.820015,57,28,95,0.006828,2.392056
8696,0.820035,57,28,95,0.006830,2.392093
8697,0.820042,57,28,95,0.006830,2.392135
8698,0.820069,57,28,95,0.006830,2.392332
8699,0.820069,57,28,95,0.006829,2.392381
8700,0.820076,57,28,95,0.006829,2.392424
8701,0.820094,57,28,95,0.006830,2.392460
8702,0.820059,57,28,95,0.006828,2.392523
8703,0.820060,57,28,95,0.006828,2.392572
8704,0.820075,57,28,95,0.006828,2.392609
8705,0.820023,57,28,95,0.006827,2.392649
8706,0.820026,57,28,95,0.006826,2.392697
8707,0.820029,57,28,95,0.006825,2.392745
8708,0.820035,57,28,95,0.006825,2.392791
8709,0.819946,57,28,95,0.006823,2.392170
8710,0.819942,57,28,95,0.006822,2.392220
8711,0.819876,57,28,95,0.006821,2.392202
8712,0.819869,57,28,95,0.006820,2.392254
8713,0.819887,57,28,95,0.006821,2.392287
8714,0.819881,57,28,95,0.006820,2.392338
8715,0.819862,57,28,95,0.006819,2.392398
8716,0.819880,57,28,95,0.006820,2.392433
8717,0.819897,57,28,95,0.006821,2.392469
8718,0.819917,57,28,95,0.006823,2.392507
8719,0.819930,57,28,95,0.006823,2.392548
8720,0.819940,57,28,95,0.006823,2.392589
8721,0.819954,57,28,95,0.006823,2.392627
8722,0.819955,57,28,95,0.006822,2.392675
8723,0.819961,57,28,95,0.006821,2.392721
8724,0.819977,57,28,95,0.006822,2.392758
8725,0.819942,57,28,95,0.006821,2.392821
8726,0.819955,57,28,95,0.006821,2.392863
8727,0.819969,57,28,95,0.006821,2.392903
8728,0.819979,57,28,95,0.006821,2.392944
8729,0.819997,57,28,95,0.006822,2.392979
8730,0.820012,57,28,95,0.006822,2.393016
8731,0.820030,57,28,95,0.006823,2.393050
8732,0.820020,57,28,95,0.006822,2.393105
8733,0.820022,57,28,95,0.006821,2.393152
8734,0.820024,57,28,95,0.006821,2.393200
8735,0.819979,57,28,95,0.006819,2.393252
8736,0.819971,57,28,95,0.006818,2.393304
8737,0.819987,57,28,95,0.006819,2.393341
8738,0.820003,57,28,95,0.006819,2.393377
8739,0.820013,57,28,95,0.006819,2.393418
8740,0.820004,57,28,95,0.006818,2.393472
8741,0.819994,57,28,95,0.006817,2.393526
8742,0.820015,57,28,95,0.006823,2.393548
8743,0.820019,57,28,95,0.006822,2.393596
8744,0.820039,57,28,95,0.006828,2.393618
8745,0.820032,57,28,95,0.006827,2.393669
8746,0.820040,57,28,95,0.006827,2.393711
8747,0.820057,57,28,95,0.006828,2.393745
8748,0.820047,57,28,95,0.006827,2.393799
8749,0.820037,57,28,95,0.006826,2.393852
8750,0.820057,57,28,95,0.006828,2.393884
8751,0.820066,57,28,95,0.006828,2.393925
8752,0.820082,57,28,95,0.006828,2.393963
8753,0.820102,57,28,95,0.006830,2.394000
8754,0.820119,57,28,95,0.006831,2.394036
8755,0.820123,57,28,95,0.006830,2.394084
8756,0.820143,57,28,95,0.006836,2.394106
8757,0.820150,57,28,95,0.006836,2.394148
8758,0.820119,57,28,95,0.006834,2.394212
8759,0.820116,57,28,95,0.006833,2.394262
8760,0.820127,57,28,95,0.006833,2.394303
8761,0.820146,57,28,95,0.006835,2.394339
8762,0.820156,57,28,95,0.006834,2.394380
8763,0.820164,57,28,95,0.006834,2.394422
8764,0.820159,57,28,95,0.006833,2.394472
8765,0.820177,57,28,95,0.006834,2.394506
8766,0.820193,57,28,95,0.006835,2.394542
8767,0.820200,57,28,95,0.006834,2.394584
8768,0.820217,57,28,95,0.006835,2.394621
8769,0.820160,57,28,95,0.006834,2.394645
8770,0.820142,57,28,95,0.006833,2.394705
8771,0.820161,57,28,95,0.006834,2.394741
8772,0.820133,57,28,95,0.006833,2.394805
8773,0.820130,57,28,95,0.006832,2.394854
8774,0.820122,57,28,95,0.006831,2.394905
8775,0.820126,57,28,95,0.006830,2.394952
8776,0.820141,57,28,95,0.006831,2.394989
8777,0.820152,57,28,95,0.006830,2.395030
8778,0.820154,57,28,95,0.006830,2.395078
8779,0.820145,57,28,95,0.006829,2.395129
8780,0.820129,57,28,95,0.006828,2.395188
8781,0.820111,57,28,95,0.006826,2.395247
8782,0.820074,57,28,95,0.006825,2.395308
8783,0.820086,57,28,95,0.006825,2.395349
8784,0.820105,57,28,95,0.006826,2.395384
8785,0.820111,57,28,95,0.006826,2.395426
8786,0.820129,57,28,95,0.006827,2.395460
8787,0.820103,57,28,95,0.006826,2.395523
8788,0.820119,57,28,95,0.006826,2.395559
8789,0.820138,57,28,95,0.006829,2.395591
8790,0.820144,57,28,95,0.006828,2.395637
8791,0.820092,57,28,95,0.006827,2.395674
8792,0.820105,57,28,95,0.006827,2.395715
8793,0.820085,57,28,95,0.006825,2.395775
8794,0.820082,57,28,95,0.006824,2.395824
8795,0.820057,57,28,95,0.006823,2.395887
8796,0.820054,57,28,95,0.006822,2.395936
8797,0.820069,57,28,95,0.006823,2.395973
8798,0.820044,57,28,95,0.006821,2.396036
8799,0.820051,57,28,95,0.006821,2.396078
8800,0.820061,57,28,95,0.006821,2.396118
8801,0.820068,57,28,95,0.006820,2.396160
8802,0.820084,57,28,95,0.006821,2.396196
8803,0.820068,57,28,95,0.006820,2.396254
8804,0.820073,57,28,95,0.006819,2.396301
8805,0.820075,57,28,95,0.006819,2.396348
8806,0.820094,57,28,95,0.006820,2.396383
8807,0.820109,57,28,95,0.006820,2.396421
8808,0.820129,57,28,95,0.006822,2.396455
8809,0.820127,57,28,95,0.006822,2.396504
8810,0.820105,57,28,95,0.006820,2.396566
8811,0.820118,57,28,95,0.006820,2.396606
8812,0.820135,57,28,95,0.006821,2.396640
8813,0.820155,57,28,95,0.006824,2.396672
8814,0.820156,57,28,95,0.006823,2.396720
8815,0.820174,57,28,95,0.006824,2.396756
8816,0.820170,57,28,95,0.006823,2.396806
8817,0.820124,57,28,95,0.006822,2.396855
8818,0.820144,57,28,95,0.006824,2.396888
8819,0.820162,57,28,95,0.006825,2.396924
8820,0.820128,57,28,95,0.006824,2.396987
8821,0.820148,57,28,95,0.006826,2.397023
8822,0.820162,57,28,95,0.006826,2.397060
8823,0.820154,57,28,95,0.006825,2.397110
8824,0.820156,57,28,95,0.006824,2.397157
8825,0.820170,57,28,95,0.006825,2.397194
8826,0.820112,57,28,95,0.006823,2.397211
8827,0.820085,57,28,95,0.006822,2.397273
8828,0.820102,57,28,95,0.006823,2.397310
8829,0.820110,57,28,95,0.006822,2.397351
8830,0.820107,57,28,95,0.006822,2.397401
8831,0.820076,57,28,95,0.006820,2.397464
8832,0.820083,57,28,95,0.006820,2.397506
8833,0.820080,57,28,95,0.006819,2.397555
8834,0.820099,57,28,95,0.006821,2.397586
8835,0.820106,57,28,95,0.006821,2.397627
8836,0.820113,57,28,95,0.006820,2.397669
8837,0.820119,57,28,95,0.006820,2.397714
8838,0.820136,57,28,95,0.006821,2.397750
8839,0.820130,57,28,95,0.006820,2.397800
8840,0.820142,57,28,95,0.006820,2.397841
8841,0.820142,57,28,95,0.006819,2.397891
8842,0.820151,57,28,95,0.006819,2.397932
8843,0.820153,57,28,95,0.006818,2.397979
8844,0.820167,57,28,95,0.006818,2.398015
8845,0.820178,57,28,95,0.006818,2.398056
8846,0.820185,57,28,95,0.006818,2.398097
8847,0.820187,57,28,95,0.006817,2.398143
8848,0.820174,57,28,95,0.006816,2.398201
8849,0.820171,57,28,95,0.006815,2.398249
8850,0.820181,57,28,95,0.006815,2.398289
8851,0.820152,57,28,95,0.006813,2.398352
8852,0.820162,57,28,95,0.006813,2.398392
8853,0.820176,57,28,95,0.006814,2.398428
8854,0.820183,57,28,95,0.006813,2.398470
8855,0.820191,57,28,95,0.006813,2.398511
8856,0.820174,57,28,95,0.006812,2.398570
8857,0.820136,57,28,95,0.006810,2.398629
8858,0.820132,57,28,95,0.006809,2.398677
8859,0.820137,57,28,95,0.006809,2.398723
8860,0.820146,57,28,95,0.006809,2.398763
8861,0.820166,57,28,95,0.006811,2.398796
8862,0.820175,57,28,95,0.006810,2.398838
8863,0.820186,57,28,95,0.006810,2.398878
8864,0.820206,57,28,95,0.006816,2.398900
8865,0.820186,57,28,95,0.006815,2.398962
8866,0.820195,57,28,95,0.006815,2.399002
8867,0.820190,57,28,95,0.006814,2.399052
8868,0.820119,57,28,95,0.006812,2.398987
8869,0.820088,57,28,95,0.006811,2.399050
8870,0.820108,57,28,95,0.006813,2.399084
8871,0.820123,57,28,95,0.006813,2.399120
8872,0.820141,57,28,95,0.006815,2.399156
8873,0.819982,57,28,95,0.006815,2.398228
8874,0.819963,57,28,95,0.006814,2.398287
8875,0.819982,57,28,95,0.006816,2.398318
8876,0.819894,57,28,95,0.006814,2.397653
8877,0.819895,57,28,95,0.006814,2.397702
8878,0.819903,57,28,95,0.006813,2.397743
8879,0.819911,57,28,95,0.006813,2.397784
8880,0.819880,57,28,95,0.006812,2.397846
8881,0.819900,57,28,95,0.006814,2.397883
8882,0.819865,57,28,95,0.006813,2.397945
8883,0.817006,59,29,96,0.006265,2.393821
8884,0.817019,59,29,96,0.006265,2.393862
8885,0.817024,59,29,96,0.006264,2.393908
8886,0.817032,59,29,96,0.006264,2.393949
8887,0.817048,59,29,96,0.006265,2.393986
8888,0.817050,59,29,96,0.006264,2.394033
8889,0.817066,59,29,96,0.006265,2.394069
8890,0.817080,59,29,96,0.006265,2.394107
8891,0.817059,59,29,96,0.006264,2.394168
8892,0.817076,59,29,96,0.006265,2.394204
8893,0.817031,59,29,96,0.006264,2.394254
8894,0.817018,59,29,96,0.006263,2.394309
8895,0.817039,59,29,96,0.006265,2.394343
8896,0.817056,59,29,96,0.006266,2.394376
8897,0.817069,59,29,96,0.006266,2.394417
8898,0.817063,59,29,96,0.006266,2.394466
8899,0.817065,59,29,96,0.006265,2.394513
8900,0.817037,59,29,96,0.006264,2.394575
8901,0.817052,59,29,96,0.006264,2.394611
8902,0.817017,59,29,96,0.006263,2.394672
8903,0.817037,59,29,96,0.006266,2.394708
8904,0.817037,59,29,96,0.006265,2.394757
8905,0.817041,59,29,96,0.006264,2.394804
8906,0.817016,59,29,96,0.006263,2.394866
8907,0.817033,59,29,96,0.006264,2.394902
8908,0.817052,59,29,96,0.006265,2.394936
8909,0.817057,59,29,96,0.006265,2.394981
8910,0.816986,59,29,96,0.006264,2.394914
8911,0.816990,59,29,96,0.006263,2.394960
8912,0.816995,59,29,96,0.006263,2.395005
8913,0.816984,59,29,96,0.006262,2.395060
8914,0.816964,59,29,96,0.006261,2.395118
8915,0.816982,59,29,96,0.006262,2.395151
8916,0.816969,59,29,96,0.006261,2.395207
8917,0.816963,59,29,96,0.006260,2.395257
8918,0.816969,59,29,96,0.006260,2.395302
8919,0.816957,59,29,96,0.006259,2.395356
8920,0.816958,59,29,96,0.006258,2.395403
8921,0.816975,59,29,96,0.006259,2.395439
8922,0.816992,59,29,96,0.006260,2.395475
8923,0.816958,59,29,96,0.006258,2.395537
8924,0.816962,59,29,96,0.006258,2.395583
8925,0.816968,59,29,96,0.006258,2.395628
8926,0.816989,59,29,96,0.006260,2.395667
8927,0.817004,59,29,96,0.006260,2.395703
8928,0.817021,59,29,96,0.006261,2.395739
8929,0.817016,59,29,96,0.006261,2.395789
8930,0.817020,59,29,96,0.006260,2.395835
8931,0.816962,59,29,96,0.006259,2.395850
8932,0.816973,59,29,96,0.006259,2.395891
8933,0.816978,59,29,96,0.006258,2.395937
8934,0.816926,59,29,96,0.006257,2.395975
8935,0.816945,59,29,96,0.006258,2.396009
8936,0.816963,59,29,96,0.006260,2.396042
8937,0.815682,59,30,97,0.006168,2.393569
8938,0.815690,59,30,97,0.006167,2.393610
8939,0.815681,59,30,97,0.006167,2.393660
8940,0.815672,59,30,97,0.006166,2.393714
8941,0.815623,59,30,97,0.006164,2.393758
8942,0.815614,60,30,97,0.006163,2.393810
8943,0.815563,60,30,97,0.006162,2.393851
8944,0.815563,60,30,97,0.006162,2.393899
8945,0.815531,60,30,97,0.006160,2.393961
8946,0.815542,60,30,97,0.006160,2.394001
8947,0.815556,60,30,97,0.006161,2.394039
8948,0.815573,60,30,97,0.006162,2.394074
8949,0.815557,60,30,97,0.006161,2.394132
8950,0.815577,60,30,97,0.006162,2.394168
8951,0.815595,59,30,97,0.006163,2.394202
8952,0.815610,59,30,97,0.006164,2.394239
8953,0.815587,59,30,97,0.006163,2.394300
8954,0.815577,60,30,97,0.006162,2.394353
8955,0.815588,59,30,97,0.006162,2.394393
8956,0.815589,60,30,97,0.006161,2.394442
8957,0.815594,60,30,97,0.006161,2.394487
8958,0.815604,60,30,97,0.006161,2.394526
8959,0.815238,60,30,98,0.006162,2.393072
8960,0.815255,60,30,98,0.006163,2.393108
8961,0.815221,60,30,98,0.006162,2.393169
8962,0.815233,60,30,98,0.006162,2.393209
8963,0.815254,60,30,98,0.006164,2.393243
8964,0.815234,60,30,98,0.006163,2.393303
8965,0.815242,60,30,98,0.006163,2.393345
8966,0.815223,60,30,98,0.006162,2.393402
8967,0.815210,60,30,98,0.006161,2.393460
8968,0.815231,60,30,98,0.006163,2.393501
8969,0.815239,60,30,98,0.006163,2.393542
8970,0.815211,60,30,98,0.006162,2.393604
8971,0.815203,60,30,98,0.006161,2.393653
8972,0.815223,60,30,98,0.006164,2.393685
8973,0.815199,60,30,98,0.006162,2.393746
8974,0.815204,60,30,98,0.006162,2.393792
8975,0.815163,60,30,98,0.006161,2.393848
8976,0.815124,60,30,98,0.006159,2.393905
8977,0.815109,60,30,98,0.006158,2.393962
8978,0.815130,60,30,98,0.006161,2.393998
8979,0.815148,60,30,98,0.006162,2.394034
8980,0.815157,60,30,98,0.006162,2.394075
8981,0.815178,60,30,98,0.006164,2.394112
8982,0.815180,60,30,98,0.006164,2.394159
8983,0.815188,60,30,98,0.006163,2.394200
8984,0.815193,60,30,98,0.006163,2.394246
8985,0.815208,60,30,98,0.006163,2.394283
8986,0.815228,60,30,98,0.006165,2.394320
8987,0.815233,60,30,98,0.006164,2.394366
8988,0.815229,60,30,98,0.006164,2.394415
8989,0.815212,60,30,98,0.006163,2.394473
8990,0.815205,60,30,98,0.006162,2.394523
8991,0.815204,60,30,98,0.006161,2.394572
8992,0.815161,60,30,98,0.006160,2.394623
8993,0.815161,60,30,98,0.006159,2.394672
8994,0.815122,60,30,98,0.006158,2.394729
8995,0.815141,60,30,98,0.006159,2.394765
8996,0.815155,60,30,98,0.006160,2.394805
8997,0.815165,60,30,98,0.006160,2.394846
8998,0.815137,60,30,98,0.006158,2.394907
8999,0.815153,60,30,98,0.006159,2.394943
9000,0.815132,60,30,98,0.006158,2.395003
9001,0.815082,60,30,98,0.006157,2.395043
9002,0.815100,60,30,98,0.006158,2.395077
9003,0.815085,60,30,98,0.006157,2.395134
9004,0.815104,60,30,98,0.006158,2.395167
9005,0.815120,60,30,98,0.006159,2.395205
9006,0.815114,60,30,98,0.006158,2.395253
9007,0.815123,60,30,98,0.006158,2.395294
9008,0.815139,60,30,98,0.006159,2.395332
9009,0.815117,60,30,98,0.006157,2.395392
9010,0.815115,60,30,98,0.006157,2.395440
9011,0.815125,60,30,98,0.006157,2.395481
9012,0.815146,60,30,98,0.006159,2.395521
9013,0.815164,60,30,98,0.006160,2.395554
9014,0.815185,60,30,98,0.006163,2.395591
9015,0.815201,60,30,98,0.006164,2.395627
9016,0.815220,60,30,98,0.006165,2.395662
9017,0.815187,60,30,98,0.006164,2.395722
9018,0.815187,60,30,98,0.006163,2.395771
9019,0.815151,60,30,98,0.006162,2.395830
9020,0.815171,60,30,98,0.006164,2.395867
9021,0.815187,60,30,98,0.006164,2.395903
9022,0.815205,60,30,98,0.006165,2.395939
9023,0.815195,60,30,98,0.006164,2.395991
9024,0.815213,60,30,98,0.006165,2.396027
9025,0.815220,60,30,98,0.006165,2.396069
9026,0.815238,60,30,98,0.006166,2.396106
9027,0.815244,60,30,98,0.006165,2.396150
9028,0.815723,59,30,97,0.006188,2.396389
9029,0.815698,59,30,97,0.006186,2.396450
9030,0.815711,59,30,97,0.006186,2.396492
9031,0.815730,59,30,97,0.006188,2.396526
9032,0.815751,59,30,97,0.006190,2.396566
9033,0.815763,59,30,97,0.006190,2.396606
9034,0.815772,59,30,97,0.006190,2.396647
9035,0.815785,59,30,97,0.006190,2.396688
9036,0.815781,59,30,97,0.006190,2.396737
9037,0.815741,59,30,97,0.006188,2.396793
9038,0.815732,59,30,97,0.006188,2.396844
9039,0.815750,59,30,97,0.006189,2.396880
9040,0.815663,59,30,97,0.006187,2.396300
9041,0.815675,59,30,97,0.006187,2.396340
9042,0.815662,59,30,97,0.006186,2.396396
9043,0.815679,59,30,97,0.006187,2.396432
9044,0.815678,59,30,97,0.006186,2.396480
9045,0.815694,59,30,97,0.006187,2.396517
9046,0.815682,59,30,97,0.006186,2.396571
9047,0.815702,59,30,97,0.006188,2.396609
9048,0.815716,59,30,97,0.006188,2.396649
9049,0.815735,59,30,97,0.006189,2.396685
9050,0.815746,59,30,97,0.006189,2.396725
9051,0.815751,59,30,97,0.006189,2.396771
9052,0.815716,59,30,97,0.006188,2.396831
9053,0.815706,59,30,97,0.006187,2.396884
9054,0.815725,59,30,97,0.006188,2.396920
9055,0.815726,59,30,97,0.006188,2.396968
9056,0.815744,59,30,97,0.006188,2.397003
9057,0.815764,59,30,97,0.006191,2.397039
9058,0.815766,59,30,97,0.006190,2.397085
9059,0.815778,59,30,97,0.006190,2.397125
9060,0.815785,59,30,97,0.006190,2.397166
9061,0.815798,59,30,97,0.006190,2.397208
9062,0.815812,59,30,97,0.006191,2.397248
9063,0.815806,59,30,97,0.006190,2.397298
9064,0.815811,59,30,97,0.006189,2.397343
9065,0.815807,59,30,97,0.006189,2.397391
9066,0.815811,59,30,97,0.006188,2.397437
9067,0.815790,59,30,97,0.006187,2.397497
9068,0.815806,59,30,97,0.006188,2.397533
9069,0.815816,59,30,97,0.006188,2.397573
9070,0.815792,59,30,97,0.006186,2.397633
9071,0.815766,59,30,97,0.006185,2.397694
9072,0.815770,59,30,97,0.006185,2.397739
9073,0.815774,59,30,97,0.006184,2.397786
9074,0.815788,59,30,97,0.006185,2.397823
9075,0.815803,59,30,97,0.006185,2.397859
9076,0.815820,59,30,97,0.006186,2.397894
9077,0.815835,59,30,97,0.006187,2.397930
9078,0.815846,59,30,97,0.006187,2.397971
9079,0.815857,59,30,97,0.006187,2.398011
9080,0.815829,59,30,97,0.006185,2.398072
9081,0.815834,59,30,97,0.006185,2.398116
9082,0.815810,59,30,97,0.006184,2.398176
9083,0.815818,59,30,97,0.006184,2.398217
9084,0.815826,59,30,97,0.006183,2.398258
9085,0.815818,59,30,97,0.006183,2.398307
9086,0.815837,59,30,97,0.006184,2.398343
9087,0.815856,59,30,97,0.006186,2.398379
9088,0.815866,59,30,97,0.006185,2.398419
9089,0.815880,59,30,97,0.006186,2.398460
9090,0.815834,59,30,97,0.006184,2.398507
9091,0.815840,59,30,97,0.006184,2.398552
9092,0.815860,59,30,97,0.006186,2.398589
9093,0.815875,59,30,97,0.006186,2.398625
9094,0.815884,59,30,97,0.006186,2.398665
9095,0.815900,59,30,97,0.006187,2.398701
9096,0.815912,59,30,97,0.006187,2.398741
9097,0.815932,59,30,97,0.006188,2.398777
9098,0.815935,59,30,97,0.006188,2.398823
9099,0.815929,59,30,97,0.006187,2.398871
9100,0.815923,59,30,97,0.006186,2.398921
9101,0.815932,59,30,97,0.006186,2.398961
9102,0.815928,59,30,97,0.006185,2.399010
9103,0.815899,59,30,97,0.006184,2.399070
9104,0.815899,59,30,97,0.006184,2.399118
9105,0.815915,59,30,97,0.006184,2.399155
9106,0.815916,59,30,97,0.006184,2.399202
9107,0.815895,59,30,97,0.006182,2.399262
9108,0.815895,59,30,97,0.006182,2.399309
9109,0.815874,59,30,97,0.006181,2.399369
9110,0.815873,59,30,97,0.006180,2.399416
9111,0.815872,59,30,97,0.006179,2.399464
9112,0.815890,59,30,97,0.006181,2.399497
9113,0.815890,59,30,97,0.006180,2.399545
9114,0.815845,59,30,97,0.006179,2.399593
9115,0.815862,59,30,97,0.006180,2.399629
9116,0.815879,59,30,97,0.006180,2.399666
9117,0.815853,59,30,97,0.006179,2.399726
9118,0.815865,59,30,97,0.006179,2.399766
9119,0.815885,59,30,97,0.006182,2.399800
9120,0.815892,59,30,97,0.006181,2.399844
9121,0.815906,59,30,97,0.006181,2.399884
9122,0.815920,59,30,97,0.006182,2.399924
9123,0.815928,59,30,97,0.006182,2.399964
9124,0.815943,59,30,97,0.006182,2.400000
9125,0.815959,59,30,97,0.006183,2.400037
9126,0.815967,59,30,97,0.006183,2.400077
9127,0.815988,59,30,97,0.006185,2.400117
9128,0.815971,59,30,97,0.006184,2.400175
9129,0.815989,59,30,97,0.006185,2.400208
9130,0.815985,59,30,97,0.006184,2.400256
9131,0.815998,59,30,97,0.006185,2.400297
9132,0.815984,59,30,97,0.006184,2.400355
9133,0.815979,59,30,97,0.006183,2.400402
9134,0.815999,59,30,97,0.006184,2.400439
9135,0.816013,59,30,97,0.006185,2.400475
9136,0.815992,59,30,97,0.006184,2.400534
9137,0.816013,59,30,97,0.006186,2.400574
9138,0.816026,59,30,97,0.006186,2.400614
9139,0.816030,59,30,97,0.006186,2.400659
9140,0.816025,59,30,97,0.006185,2.400707
9141,0.816046,59,30,97,0.006188,2.400740
9142,0.816046,59,30,97,0.006187,2.400787
9143,0.816062,59,30,97,0.006188,2.400824
9144,0.815642,60,30,98,0.006186,2.399304
9145,0.815662,60,30,98,0.006188,2.399340
9146,0.815636,60,30,98,0.006187,2.399400
9147,0.815636,60,30,98,0.006186,2.399447
9148,0.815649,60,30,98,0.006186,2.399488
9149,0.815648,60,30,98,0.006185,2.399535
9150,0.815650,60,30,98,0.006185,2.399581
9151,0.815624,60,30,98,0.006184,2.399640
9152,0.815620,60,30,98,0.006183,2.399688
9153,0.815640,60,30,98,0.006186,2.399721
9154,0.815647,60,30,98,0.006185,2.399765
9155,0.815666,60,30,98,0.006187,2.399800
9156,0.815684,60,30,98,0.006188,2.399833
9157,0.815704,60,30,98,0.006190,2.399867
9158,0.815720,60,30,98,0.006191,2.399903
9159,0.815731,60,30,98,0.006191,2.399943
9160,0.815717,60,30,98,0.006190,2.400000
9161,0.815707,60,30,98,0.006189,2.400052
9162,0.815723,60,30,98,0.006190,2.400088
9163,0.815699,60,30,98,0.006188,2.400147
9164,0.815714,60,30,98,0.006189,2.400187
9165,0.815728,60,30,98,0.006189,2.400227
9166,0.815744,60,30,98,0.006190,2.400263
9167,0.815760,60,30,98,0.006190,2.400299
9168,0.815714,60,30,98,0.006189,2.400344
9169,0.815732,60,30,98,0.006190,2.400378
9170,0.815701,60,30,98,0.006189,2.400439
9171,0.815700,60,30,98,0.006189,2.400486
9172,0.815651,60,30,98,0.006187,2.400526
9173,0.815667,60,30,98,0.006188,2.400562
9174,0.815680,60,30,98,0.006188,2.400603
9175,0.815659,60,30,98,0.006187,2.400661
9176,0.815674,60,30,98,0.006188,2.400696
9177,0.815690,60,30,98,0.006188,2.400732
9178,0.815687,60,30,98,0.006188,2.400780
9179,0.815688,60,30,98,0.006187,2.400826
9180,0.815660,60,30,98,0.006186,2.400886
9181,0.815669,60,30,98,0.006186,2.400926
9182,0.815689,60,30,98,0.006188,2.400960
9183,0.815685,60,30,98,0.006187,2.401008
9184,0.815704,60,30,98,0.006189,2.401043
9185,0.815705,60,30,98,0.006188,2.401089
9186,0.815724,60,30,98,0.006190,2.401123
9187,0.815742,60,30,98,0.006191,2.401158
9188,0.815733,60,30,98,0.006190,2.401209
9189,0.815717,60,30,98,0.006189,2.401266
9190,0.815720,60,30,98,0.006189,2.401311
9191,0.815679,60,30,98,0.006187,2.401365
9192,0.815688,60,30,98,0.006187,2.401405
9193,0.815678,60,30,98,0.006186,2.401457
9194,0.815698,60,30,98,0.006188,2.401493
9195,0.815715,60,30,98,0.006189,2.401528
9196,0.815715,60,30,98,0.006188,2.401575
9197,0.815715,60,30,98,0.006188,2.401621
9198,0.815727,60,30,98,0.006188,2.401661
9199,0.815742,60,30,98,0.006188,2.401696
9200,0.815754,60,30,98,0.006188,2.401737
9201,0.815774,60,30,98,0.006190,2.401773
9202,0.815792,60,30,98,0.006191,2.401806
9203,0.815785,60,30,98,0.006190,2.401855
9204,0.815791,60,30,98,0.006190,2.401900
9205,0.815785,60,30,98,0.006189,2.401948
9206,0.815791,60,30,98,0.006189,2.401993
9207,0.815795,60,30,98,0.006188,2.402039
9208,0.815815,60,30,98,0.006191,2.402071
9209,0.815833,60,30,98,0.006192,2.402105
9210,0.815849,60,30,98,0.006193,2.402140
9211,0.815856,60,30,97,0.006192,2.402181
9212,0.815862,60,30,97,0.006192,2.402226
9213,0.815883,60,30,97,0.006194,2.402260
9214,0.815892,60,30,97,0.006194,2.402300
9215,0.815905,60,30,97,0.006194,2.402341
9216,0.815911,60,30,97,0.006194,2.402385
9217,0.815916,60,30,97,0.006193,2.402430
9218,0.815934,60,30,97,0.006195,2.402465
9219,0.815954,60,30,97,0.006196,2.402500
9220,0.815974,60,30,97,0.006199,2.402534
9221,0.815978,60,30,97,0.006198,2.402580
9222,0.815984,60,30,97,0.006198,2.402624
9223,0.816003,60,30,97,0.006200,2.402660
9224,0.816022,60,30,97,0.006201,2.402696
9225,0.816034,60,30,97,0.006201,2.402736
9226,0.815996,60,30,97,0.006200,2.402793
9227,0.815973,60,30,97,0.006199,2.402852
9228,0.815989,60,30,97,0.006200,2.402887
9229,0.816000,60,30,97,0.006200,2.402927
9230,0.816019,60,30,97,0.006201,2.402962
9231,0.815969,60,30,97,0.006200,2.402999
9232,0.815985,60,30,97,0.006201,2.403034
9233,0.815990,60,30,97,0.006200,2.403078
9234,0.815965,60,30,97,0.006199,2.403136
9235,0.815986,60,30,97,0.006202,2.403176
9236,0.815975,60,30,97,0.006201,2.403230
9237,0.815989,60,30,97,0.006201,2.403266
9238,0.815999,60,30,97,0.006201,2.403306
9239,0.816018,60,30,97,0.006203,2.403342
9240,0.816023,60,30,97,0.006202,2.403385
9241,0.815988,60,30,97,0.006201,2.403444
9242,0.816005,60,30,97,0.006202,2.403479
9243,0.815995,60,30,97,0.006201,2.403532
9244,0.816008,60,30,97,0.006201,2.403572
9245,0.816014,60,30,97,0.006201,2.403616
9246,0.816015,60,30,97,0.006200,2.403662
9247,0.815933,60,30,97,0.006199,2.403270
9248,0.815948,60,30,97,0.006200,2.403305
9249,0.815966,60,30,97,0.006201,2.403340
9250,0.815972,60,30,97,0.006200,2.403384
9251,0.815981,60,30,97,0.006200,2.403424
9252,0.816001,60,30,97,0.006202,2.403459
9253,0.816021,60,30,97,0.006204,2.403498
9254,0.816025,60,30,97,0.006204,2.403544
9255,0.816012,60,30,97,0.006203,2.403599
9256,0.816013,60,30,97,0.006202,2.403644
9257,0.816033,60,30,97,0.006204,2.403675
9258,0.816034,60,30,97,0.006204,2.403721
9259,0.816020,60,30,97,0.006203,2.403777
9260,0.815993,60,30,97,0.006202,2.403836
9261,0.816013,60,30,97,0.006203,2.403872
9262,0.816028,60,30,97,0.006204,2.403907
9263,0.816042,60,30,97,0.006204,2.403943
9264,0.816056,60,30,97,0.006205,2.403980
9265,0.816027,60,30,97,0.006204,2.404039
9266,0.815988,60,30,97,0.006202,2.404093
9267,0.816004,60,30,97,0.006203,2.404130
9268,0.815971,60,30,97,0.006202,2.404189
9269,0.815987,60,30,97,0.006202,2.404225
9270,0.815970,60,30,97,0.006201,2.404282
9271,0.815959,60,30,97,0.006201,2.404335
9272,0.815946,60,30,97,0.006200,2.404390
9273,0.815926,60,30,97,0.006199,2.404448
9274,0.815943,60,30,97,0.006199,2.404483
9275,0.815962,60,30,97,0.006201,2.404519
9276,0.815966,60,30,97,0.006201,2.404563
9277,0.815980,60,30,97,0.006201,2.404600
9278,0.815910,60,30,97,0.006200,2.404528
9279,0.815899,60,30,97,0.006199,2.404580
9280,0.815892,60,30,97,0.006198,2.404629
9281,0.815908,60,30,97,0.006199,2.404664
9282,0.815912,60,30,97,0.006198,2.404709
9283,0.815922,60,30,97,0.006198,2.404748
9284,0.815896,60,30,97,0.006197,2.404806
9285,0.815873,60,30,97,0.006196,2.404865
9286,0.815879,60,30,97,0.006196,2.404908
9287,0.815883,60,30,97,0.006195,2.404952
9288,0.815893,60,30,97,0.006195,2.404992
9289,0.815907,60,30,97,0.006195,2.405028
9290,0.815876,60,30,97,0.006194,2.405088
9291,0.815883,60,30,97,0.006194,2.405131
9292,0.815888,60,30,97,0.006194,2.405174
9293,0.815853,60,30,97,0.006192,2.405232
9294,0.815874,60,30,97,0.006195,2.405271
9295,0.815847,60,30,97,0.006194,2.405329
9296,0.815823,60,30,97,0.006193,2.405387
9297,0.815832,60,30,97,0.006192,2.405427
9298,0.815848,60,30,97,0.006193,2.405463
9299,0.815854,60,30,97,0.006193,2.405506
9300,0.815830,60,30,97,0.006192,2.405564
9301,0.815846,60,30,97,0.006192,2.405598
9302,0.815848,60,30,97,0.006192,2.405643
9303,0.815846,60,30,97,0.006191,2.405691
9304,0.815854,60,30,97,0.006191,2.405732
9305,0.815866,60,30,97,0.006191,2.405772
9306,0.815867,60,30,97,0.006191,2.405817
9307,0.815885,60,30,97,0.006192,2.405851
9308,0.815891,60,30,97,0.006191,2.405894
9309,0.815875,60,30,97,0.006190,2.405950
9310,0.815883,60,30,97,0.006190,2.405991
9311,0.815901,60,30,97,0.006191,2.406024
9312,0.815904,60,30,97,0.006191,2.406069
9313,0.815919,60,30,97,0.006192,2.406104
9314,0.815892,60,30,97,0.006190,2.406162
9315,0.815909,60,30,97,0.006191,2.406197
9316,0.815929,60,30,97,0.006194,2.406228
9317,0.815904,60,30,97,0.006192,2.406285
9318,0.815923,60,30,97,0.006194,2.406320
9319,0.815927,60,30,97,0.006194,2.406364
9320,0.815898,60,30,97,0.006192,2.406422
9321,0.815910,60,30,97,0.006192,2.406462
9322,0.815919,60,30,97,0.006192,2.406502
9323,0.815938,60,30,97,0.006194,2.406536
9324,0.815952,60,30,97,0.006194,2.406575
9325,0.815863,60,30,97,0.006193,2.405603
9326,0.815883,60,30,97,0.006195,2.405638
9327,0.815886,60,30,97,0.006195,2.405681
9328,0.815906,60,30,97,0.006197,2.405713
9329,0.815923,60,30,97,0.006198,2.405747
9330,0.815940,60,30,97,0.006199,2.405782
9331,0.815937,60,30,97,0.006198,2.405829
9332,0.815951,60,30,97,0.006198,2.405867
9333,0.815943,60,30,97,0.006198,2.405917
9334,0.815936,60,30,97,0.006197,2.405965
9335,0.815925,60,30,97,0.006196,2.406017
9336,0.815944,60,30,97,0.006197,2.406052
9337,0.815951,60,30,97,0.006197,2.406093
9338,0.815963,60,30,97,0.006197,2.406133
9339,0.815977,60,30,97,0.006197,2.406168
9340,0.815984,60,30,97,0.006197,2.406211
9341,0.815979,60,30,97,0.006196,2.406259
9342,0.815994,60,30,97,0.006197,2.406293
9343,0.816012,60,30,97,0.006198,2.406326
9344,0.816025,60,30,97,0.006198,2.406367
9345,0.816033,60,30,97,0.006198,2.406407
9346,0.816052,60,30,97,0.006200,2.406438
9347,0.816051,60,30,97,0.006200,2.406485
9348,0.816066,60,30,97,0.006200,2.406520
9349,0.816037,60,30,97,0.006199,2.406579
9350,0.816056,60,30,97,0.006201,2.406614
9351,0.816073,60,30,97,0.006202,2.406649
9352,0.816039,60,30,97,0.006200,2.406706
9353,0.816058,60,30,97,0.006203,2.406737
9354,0.816039,60,30,97,0.006202,2.406794
9355,0.816059,60,30,97,0.006204,2.406833
9356,0.816056,60,30,97,0.006204,2.406880
9357,0.815971,60,30,97,0.006202,2.406324
9358,0.815977,60,30,97,0.006202,2.406367
9359,0.815960,60,30,97,0.006201,2.406424
9360,0.815972,60,30,97,0.006201,2.406464
9361,0.815970,60,30,97,0.006200,2.406511
9362,0.815978,60,30,97,0.006200,2.406551
9363,0.815985,60,30,97,0.006200,2.406591
9364,0.816004,60,30,97,0.006201,2.406626
9365,0.816017,60,30,97,0.006201,2.406666
9366,0.816023,60,30,97,0.006201,2.406709
9367,0.816037,60,30,97,0.006202,2.406743
9368,0.815993,60,30,97,0.006200,2.406790
9369,0.815976,60,30,97,0.006199,2.406847
9370,0.815981,60,30,97,0.006199,2.406890
9371,0.816001,60,30,97,0.006201,2.406929
9372,0.816001,60,30,97,0.006201,2.406975
9373,0.815988,60,30,97,0.006200,2.407028
9374,0.815985,60,30,97,0.006199,2.407075
9375,0.815995,60,30,97,0.006199,2.407115
9376,0.815964,60,30,97,0.006198,2.407174
9377,0.815972,60,30,97,0.006198,2.407213
9378,0.815985,60,30,97,0.006198,2.407253
9379,0.815979,60,30,97,0.006197,2.407300
9380,0.815947,60,30,97,0.006196,2.407358
9381,0.815892,60,30,97,0.006195,2.407382
9382,0.815856,60,30,97,0.006193,2.407438
9383,0.815876,60,30,97,0.006196,2.407469
9384,0.815888,60,30,97,0.006196,2.407509
9385,0.815842,60,30,97,0.006195,2.407554
9386,0.815858,60,30,97,0.006195,2.407590
9387,0.815878,60,30,97,0.006198,2.407622
9388,0.815859,60,30,97,0.006197,2.407679
9389,0.815866,60,30,97,0.006196,2.407719
9390,0.815852,60,30,97,0.006195,2.407775
9391,0.815873,60,30,97,0.006198,2.407813
9392,0.815874,60,30,97,0.006197,2.407858
9393,0.815893,60,30,97,0.006199,2.407892
9394,0.815891,60,30,97,0.006198,2.407939
9395,0.815861,60,30,97,0.006197,2.407997
9396,0.815866,60,30,97,0.006197,2.408040
9397,0.815830,60,30,97,0.006195,2.408096
9398,0.815828,60,30,97,0.006195,2.408142
9399,0.815834,60,30,97,0.006194,2.408185
9400,0.815842,60,30,97,0.006194,2.408224
9401,0.815833,60,30,97,0.006193,2.408274
9402,0.815821,60,30,97,0.006192,2.408327
9403,0.815816,60,30,98,0.006192,2.408374
9404,0.815836,60,30,97,0.006194,2.408408
9405,0.815843,60,30,97,0.006194,2.408449
9406,0.815854,60,30,97,0.006194,2.408488
9407,0.815867,60,30,97,0.006194,2.408528
9408,0.815882,60,30,97,0.006195,2.408563
9409,0.815873,60,30,97,0.006194,2.408613
9410,0.815893,60,30,97,0.006196,2.408648
9411,0.815892,60,30,97,0.006195,2.408694
9412,0.815911,60,30,97,0.006198,2.408726
9413,0.815902,60,30,97,0.006197,2.408776
9414,0.815913,60,30,97,0.006197,2.408816
9415,0.815925,60,30,97,0.006197,2.408856
9416,0.815881,60,30,97,0.006196,2.408901
9417,0.815863,60,30,98,0.006195,2.408958
9418,0.815860,60,30,98,0.006194,2.409004
9419,0.815870,60,30,98,0.006194,2.409043
9420,0.815890,60,30,98,0.006196,2.409076
9421,0.815902,60,30,97,0.006196,2.409115
9422,0.815900,60,30,98,0.006196,2.409161
9423,0.815906,60,30,98,0.006195,2.409203
9424,0.815860,60,30,98,0.006194,2.409247
9425,0.815880,60,30,98,0.006196,2.409278
9426,0.815893,60,30,98,0.006197,2.409317
9427,0.815911,60,30,97,0.006198,2.409350
9428,0.815872,60,30,98,0.006197,2.409403
9429,0.815891,60,30,98,0.006198,2.409438
9430,0.815902,60,30,97,0.006198,2.409477
9431,0.815916,60,30,97,0.006199,2.409512
9432,0.815933,60,30,97,0.006200,2.409546
9433,0.815912,60,30,97,0.006199,2.409604
9434,0.815933,60,30,97,0.006201,2.409642
9435,0.815952,60,30,97,0.006204,2.409676
9436,0.815941,60,30,97,0.006203,2.409729
9437,0.815960,60,30,97,0.006204,2.409764
9438,0.815969,60,30,97,0.006204,2.409804
9439,0.815904,60,30,97,0.006203,2.409769
9440,0.815900,60,30,98,0.006202,2.409815
9441,0.815908,60,30,98,0.006202,2.409855
9442,0.815839,60,30,98,0.006201,2.409785
9443,0.815822,60,30,98,0.006200,2.409841
9444,0.815842,60,30,98,0.006202,2.409875
9445,0.815858,60,30,98,0.006203,2.409909
9446,0.815868,60,30,98,0.006203,2.409948
9447,0.815839,60,30,98,0.006202,2.410006
9448,0.815857,60,30,98,0.006203,2.410039
9449,0.815864,60,30,98,0.006203,2.410079
9450,0.815868,60,30,97,0.006202,2.410122
9451,0.815882,60,30,97,0.006202,2.410162
9452,0.815897,60,30,97,0.006203,2.410198
9453,0.815896,60,30,97,0.006202,2.410244
9454,0.815895,60,30,97,0.006202,2.410290
9455,0.815893,60,30,97,0.006201,2.410336
9456,0.815899,60,30,97,0.006201,2.410378
9457,0.815891,60,30,97,0.006200,2.410427
9458,0.815908,60,30,97,0.006201,2.410462
9459,0.815894,60,30,97,0.006200,2.410517
9460,0.815912,60,30,97,0.006201,2.410550
9461,0.815925,60,30,97,0.006201,2.410589
9462,0.815916,60,30,97,0.006200,2.410638
9463,0.815878,60,30,98,0.006199,2.410692
9464,0.815888,60,30,98,0.006199,2.410731
9465,0.815879,60,30,98,0.006198,2.410779
9466,0.815879,60,30,98,0.006198,2.410825
9467,0.815892,60,30,98,0.006198,2.410864
9468,0.815860,60,30,98,0.006197,2.410921
9469,0.815838,60,30,98,0.006196,2.410979
9470,0.815836,60,30,98,0.006195,2.411025
9471,0.815852,60,30,98,0.006195,2.411060
9472,0.815870,60,30,98,0.006197,2.411094
9473,0.815885,60,30,98,0.006198,2.411129
9474,0.815878,60,30,98,0.006197,2.411177
9475,0.815896,60,30,98,0.006198,2.411210
9476,0.815906,60,30,98,0.006198,2.411248
9477,0.815921,60,30,98,0.006199,2.411284
9478,0.815919,60,30,98,0.006198,2.411329
9479,0.815936,60,30,98,0.006199,2.411363
9480,0.815931,60,30,98,0.006198,2.411410
9481,0.815943,60,30,98,0.006198,2.411449
9482,0.815952,60,30,98,0.006198,2.411488
9483,0.815971,60,30,98,0.006200,2.411523
9484,0.815985,60,30,98,0.006200,2.411557
9485,0.815993,60,30,98,0.006200,2.411596
9486,0.816005,60,30,97,0.006200,2.411635
9487,0.816021,60,30,97,0.006201,2.411671
9488,0.816111,60,30,97,0.006203,2.411694
9489,0.816107,60,30,97,0.006202,2.411740
9490,0.816118,60,30,97,0.006202,2.411779
9491,0.816137,60,30,97,0.006203,2.411813
9492,0.816141,60,30,97,0.006203,2.411856
9493,0.816109,60,30,97,0.006202,2.411914
9494,0.816128,60,30,97,0.006203,2.411948
9495,0.816089,60,30,97,0.006202,2.412001
9496,0.816058,60,30,97,0.006201,2.412058
9497,0.816070,60,30,97,0.006201,2.412096
9498,0.816060,60,30,98,0.006200,2.412148
9499,0.816067,60,30,97,0.006200,2.412187
9500,0.816010,60,30,98,0.006199,2.412199
9501,0.816000,60,30,98,0.006198,2.412249
9502,0.816016,60,30,98,0.006198,2.412285
9503,0.815947,60,30,98,0.006197,2.412214
9504,0.815948,60,30,98,0.006196,2.412259
9505,0.816104,60,30,97,0.006201,2.412052
9506,0.816123,60,30,97,0.006204,2.412084
9507,0.816135,60,30,97,0.006204,2.412122
9508,0.816091,60,30,97,0.006202,2.412167
9509,0.816104,60,30,97,0.006203,2.412206
9510,0.816100,60,30,97,0.006202,2.412252
9511,0.816096,60,30,97,0.006201,2.412298
9512,0.816103,60,30,97,0.006201,2.412337
9513,0.816098,60,30,97,0.006200,2.412384
9514,0.816104,60,30,97,0.006200,2.412426
9515,0.816122,60,30,97,0.006201,2.412459
9516,0.816129,60,30,97,0.006201,2.412501
9517,0.816147,60,30,97,0.006202,2.412535
9518,0.816162,60,30,97,0.006203,2.412570
9519,0.816176,60,30,97,0.006203,2.412605
9520,0.816173,60,30,97,0.006202,2.412650
9521,0.816189,60,30,97,0.006203,2.412684
9522,0.816208,60,30,97,0.006205,2.412718
9523,0.816208,60,30,97,0.006204,2.412762
9524,0.816227,60,30,97,0.006206,2.412796
9525,0.816222,60,30,97,0.006205,2.412842
9526,0.816232,60,30,97,0.006205,2.412882
9527,0.816231,60,30,97,0.006204,2.412928
9528,0.816239,60,30,97,0.006204,2.412967
9529,0.816253,60,30,97,0.006205,2.413001
9530,0.816270,60,30,97,0.006206,2.413036
9531,0.816287,60,30,97,0.006206,2.413070
9532,0.816249,60,30,97,0.006205,2.413124
9533,0.816265,60,30,97,0.006206,2.413157
9534,0.816280,60,30,97,0.006207,2.413192
9535,0.816269,60,30,97,0.006206,2.413243
9536,0.816285,60,30,97,0.006207,2.413277
9537,0.816305,60,30,97,0.006209,2.413314
9538,0.816256,60,30,97,0.006208,2.413352
9539,0.816270,60,30,97,0.006208,2.413391
9540,0.816270,60,30,97,0.006207,2.413436
9541,0.816286,60,30,97,0.006208,2.413470
9542,0.816300,60,30,97,0.006209,2.413505
9543,0.816318,60,30,97,0.006210,2.413538
9544,0.816337,60,30,97,0.006212,2.413569
9545,0.816336,60,30,97,0.006212,2.413614
9546,0.816355,60,30,97,0.006213,2.413649
9547,0.816334,60,30,97,0.006212,2.413706
9548,0.816320,60,30,97,0.006211,2.413761
9549,0.816308,60,30,97,0.006210,2.413813
9550,0.816326,60,30,97,0.006211,2.413846
9551,0.816345,60,30,97,0.006213,2.413881
9552,0.816324,60,30,97,0.006212,2.413938
9553,0.816344,60,30,97,0.006214,2.413972
9554,0.816362,60,30,97,0.006216,2.414006
9555,0.816368,60,30,97,0.006215,2.414047
9556,0.816370,60,30,97,0.006215,2.414092
9557,0.816341,60,30,97,0.006214,2.414149
9558,0.816339,60,30,97,0.006213,2.414194
9559,0.816339,60,30,97,0.006212,2.414239
9560,0.816303,60,30,97,0.006211,2.414293
9561,0.816281,60,30,97,0.006210,2.414350
9562,0.816269,60,30,97,0.006209,2.414402
9563,0.816284,60,30,97,0.006210,2.414437
9564,0.816253,60,30,97,0.006209,2.414493
9565,0.816269,60,30,97,0.006209,2.414528
9566,0.816261,60,30,97,0.006209,2.414576
9567,0.816278,60,30,97,0.006209,2.414610
9568,0.816294,60,30,97,0.006210,2.414645
9569,0.816302,60,30,97,0.006210,2.414684
9570,0.816303,60,30,97,0.006209,2.414728
9571,0.816287,60,30,97,0.006208,2.414784
9572,0.816283,60,30,97,0.006208,2.414829
9573,0.816286,60,30,97,0.006207,2.414874
9574,0.816261,60,30,97,0.006206,2.414930
9575,0.816280,60,30,97,0.006208,2.414960
9576,0.816250,60,30,97,0.006207,2.415016
9577,0.816246,60,30,97,0.006207,2.415061
9578,0.816236,60,30,98,0.006206,2.415112
9579,0.816254,60,30,98,0.006207,2.415145
9580,0.816273,60,30,97,0.006209,2.415180
9581,0.816276,60,30,97,0.006208,2.415224
9582,0.816284,60,30,97,0.006208,2.415263
9583,0.816270,60,30,97,0.006207,2.415318
9584,0.816286,60,30,97,0.006208,2.415352
9585,0.816304,60,30,97,0.006209,2.415385
9586,0.816224,60,30,97,0.006208,2.415011
9587,0.816227,60,30,97,0.006207,2.415055
9588,0.816233,60,30,97,0.006207,2.415097
9589,0.816246,60,30,97,0.006207,2.415137
9590,0.816238,60,30,97,0.006206,2.415184
9591,0.816238,60,30,97,0.006206,2.415229
9592,0.816236,60,30,97,0.006205,2.415274
9593,0.816224,60,30,98,0.006204,2.415325
9594,0.816221,60,30,98,0.006204,2.415370
9595,0.816240,60,30,98,0.006205,2.415404
9596,0.816256,60,30,98,0.006206,2.415437
9597,0.816234,60,30,98,0.006205,2.415494
9598,0.816232,60,30,98,0.006204,2.415539
9599,0.816246,60,30,98,0.006205,2.415573
9600,0.816256,60,30,98,0.006205,2.415611
9601,0.816247,60,30,98,0.006204,2.415659
9602,0.816241,60,30,98,0.006203,2.415707
9603,0.816260,60,30,98,0.006205,2.415737
9604,0.816176,60,30,98,0.006204,2.415125
9605,0.816194,60,30,98,0.006205,2.415157
9606,0.816167,60,30,98,0.006204,2.415214
9607,0.816171,60,30,98,0.006204,2.415257
9608,0.816179,60,30,98,0.006204,2.415296
9609,0.816145,60,30,98,0.006202,2.415351
9610,0.816157,60,30,98,0.006202,2.415390
9611,0.816163,60,30,98,0.006202,2.415430
9612,0.816178,60,30,98,0.006203,2.415464
9613,0.816163,60,30,98,0.006202,2.415519
9614,0.816176,60,30,98,0.006202,2.415558
9615,0.816179,60,30,98,0.006201,2.415602
9616,0.816187,60,30,98,0.006201,2.415641
9617,0.816107,60,30,98,0.006200,2.415279
9618,0.816105,60,30,98,0.006199,2.415324
9619,0.816095,60,30,98,0.006198,2.415374
9620,0.816113,60,30,98,0.006200,2.415407
9621,0.816097,60,30,98,0.006199,2.415463
9622,0.816112,60,30,98,0.006200,2.415497
9623,0.816075,60,30,98,0.006198,2.415549
9624,0.816053,60,30,98,0.006197,2.415606
9625,0.816037,60,30,98,0.006196,2.415661
9626,0.816033,60,30,98,0.006196,2.415705
9627,0.816048,60,30,98,0.006196,2.415740
9628,0.816067,60,30,98,0.006199,2.415772
9629,0.816068,60,30,98,0.006198,2.415816
9630,0.816075,60,30,98,0.006198,2.415856
9631,0.816091,60,30,98,0.006199,2.415890
9632,0.816094,60,30,98,0.006198,2.415933
9633,0.816090,60,30,98,0.006197,2.415979
9634,0.816093,60,30,98,0.006197,2.416022
9635,0.816112,60,30,98,0.006198,2.416056
9636,0.816122,60,30,98,0.006198,2.416095
9637,0.816103,60,30,98,0.006197,2.416151
9638,0.816110,60,30,98,0.006197,2.416189
9639,0.816108,60,30,98,0.006197,2.416234
9640,0.816126,60,30,98,0.006198,2.416266
9641,0.816139,60,30,98,0.006198,2.416305
9642,0.816153,60,30,98,0.006199,2.416339
9643,0.816097,60,30,98,0.006197,2.416353
9644,0.816106,60,30,98,0.006197,2.416392
9645,0.816112,60,30,98,0.006197,2.416433
9646,0.816128,60,30,98,0.006198,2.416468
9647,0.816140,60,30,98,0.006198,2.416507
9648,0.816155,60,30,98,0.006198,2.416540
9649,0.816158,60,30,98,0.006198,2.416584
9650,0.816143,60,30,98,0.006197,2.416638
9651,0.816159,60,30,98,0.006198,2.416671
9652,0.816178,60,30,98,0.006200,2.416701
9653,0.816145,60,30,98,0.006199,2.416757
9654,0.816164,60,30,98,0.006201,2.416790
9655,0.816143,60,30,98,0.006200,2.416846
9656,0.816142,60,30,98,0.006200,2.416890
9657,0.816147,60,30,98,0.006199,2.416933
9658,0.816165,60,30,98,0.006201,2.416966
9659,0.816178,60,30,98,0.006201,2.417005
9660,0.816146,60,30,98,0.006200,2.417060
9661,0.816165,60,30,98,0.006202,2.417091
9662,0.816152,60,30,98,0.006201,2.417144
9663,0.816169,60,30,98,0.006202,2.417178
9664,0.816140,60,30,98,0.006201,2.417234
9665,0.816131,60,30,98,0.006200,2.417282
9666,0.816145,60,30,98,0.006200,2.417315
9667,0.816138,60,30,98,0.006200,2.417363
9668,0.816130,60,30,98,0.006199,2.417409
9669,0.816136,60,30,98,0.006199,2.417449
9670,0.816138,60,30,98,0.006198,2.417493
9671,0.816187,60,30,97,0.006211,2.416607
9672,0.816205,60,30,97,0.006212,2.416640
9673,0.816180,60,30,98,0.006211,2.416695
9674,0.816161,60,30,98,0.006210,2.416751
9675,0.816174,60,30,98,0.006210,2.416790
9676,0.816185,60,30,98,0.006210,2.416828
9677,0.816189,60,30,97,0.006210,2.416871
9678,0.816171,60,30,98,0.006209,2.416927
9679,0.816186,60,30,98,0.006209,2.416961
9680,0.816204,60,30,97,0.006211,2.416994
9681,0.816181,60,30,98,0.006210,2.417050
9682,0.816194,60,30,98,0.006210,2.417089
9683,0.816194,60,30,97,0.006209,2.417133
9684,0.816209,60,30,97,0.006210,2.417167
9685,0.816226,60,30,97,0.006211,2.417199
9686,0.816245,60,30,97,0.006212,2.417234
9687,0.816255,60,30,97,0.006212,2.417273
9688,0.816260,60,30,97,0.006212,2.417314
9689,0.816230,60,30,97,0.006211,2.417370
9690,0.816247,60,30,97,0.006212,2.417402
9691,0.816263,60,30,97,0.006213,2.417435
9692,0.816267,60,30,97,0.006212,2.417477
9693,0.816280,60,30,97,0.006213,2.417515
9694,0.816287,60,30,97,0.006212,2.417555
9695,0.816220,60,30,97,0.006211,2.417484
9696,0.816216,60,30,97,0.006210,2.417528
9697,0.816224,60,30,97,0.006210,2.417566
9698,0.816226,60,30,97,0.006210,2.417611
9699,0.816241,60,30,97,0.006210,2.417644
9700,0.816221,60,30,97,0.006209,2.417699
9701,0.816239,60,30,97,0.006211,2.417732
9702,0.816256,60,30,97,0.006212,2.417766
9703,0.816247,60,30,97,0.006211,2.417813
9704,0.816224,60,30,97,0.006210,2.417868
9705,0.816221,60,30,97,0.006209,2.417912
9706,0.816201,60,30,97,0.006208,2.417968
9707,0.816214,60,30,97,0.006208,2.418006
9708,0.816229,60,30,97,0.006209,2.418040
9709,0.816235,60,30,97,0.006208,2.418081
9710,0.816245,60,30,97,0.006208,2.418120
9711,0.816258,60,30,97,0.006209,2.418154
9712,0.816274,60,30,97,0.006209,2.418188
9713,0.816266,60,30,97,0.006209,2.418235
9714,0.816236,60,30,97,0.006207,2.418290
9715,0.816247,60,30,97,0.006207,2.418329
9716,0.816260,60,30,97,0.006208,2.418367
9717,0.816267,60,30,97,0.006207,2.418406
9718,0.816281,60,30,97,0.006208,2.418444
9719,0.816212,60,30,97,0.006206,2.418357
9720,0.816232,60,30,97,0.006209,2.418395
9721,0.816237,60,30,97,0.006208,2.418436
9722,0.816240,60,30,97,0.006208,2.418480
9723,0.816253,60,30,97,0.006208,2.418517
9724,0.816268,60,30,97,0.006209,2.418551
9725,0.816268,60,30,97,0.006208,2.418595
9726,0.816282,60,30,97,0.006209,2.418629
9727,0.816261,60,30,97,0.006208,2.418683
9728,0.816258,60,30,97,0.006207,2.418728
9729,0.816245,60,30,97,0.006206,2.418781
9730,0.816264,60,30,97,0.006208,2.418819
9731,0.816281,60,30,97,0.006209,2.418852
9732,0.816272,60,30,97,0.006209,2.418902
9733,0.816290,60,30,97,0.006210,2.418936
9734,0.816273,60,30,97,0.006209,2.418991
9735,0.816281,60,30,97,0.006209,2.419029
9736,0.816298,60,30,97,0.006210,2.419063
9737,0.816316,60,30,97,0.006211,2.419096
9738,0.816332,60,30,97,0.006212,2.419129
9739,0.816318,60,30,97,0.006211,2.419182
9740,0.816286,60,30,97,0.006210,2.419237
9741,0.816302,60,30,97,0.006211,2.419270
9742,0.816313,60,30,97,0.006211,2.419308
9743,0.816317,60,30,97,0.006211,2.419351
9744,0.816315,60,30,97,0.006210,2.419395
9745,0.816332,60,30,97,0.006211,2.419427
9746,0.816334,60,30,97,0.006210,2.419472
9747,0.816342,60,30,97,0.006210,2.419510
9748,0.816360,60,30,97,0.006212,2.419544
9749,0.816345,60,30,97,0.006211,2.419598
9750,0.816362,60,30,97,0.006212,2.419630
9751,0.816346,60,30,97,0.006211,2.419685
9752,0.816340,60,30,97,0.006210,2.419732
9753,0.816350,60,30,97,0.006210,2.419771
9754,0.816356,60,30,97,0.006210,2.419812
9755,0.816373,60,30,97,0.006211,2.419845
9756,0.816385,60,30,97,0.006211,2.419883
9757,0.816329,60,30,97,0.006210,2.419896
9758,0.816319,60,30,97,0.006209,2.419946
9759,0.816333,60,30,97,0.006209,2.419979
9760,0.816316,60,30,97,0.006208,2.420034
9761,0.816324,60,30,97,0.006208,2.420072
9762,0.816342,60,30,97,0.006210,2.420102
9763,0.816326,60,30,97,0.006209,2.420155
9764,0.816323,60,30,97,0.006209,2.420199
9765,0.816341,60,30,97,0.006210,2.420232
9766,0.815907,60,30,98,0.006192,2.419791
9767,0.815912,60,30,98,0.006192,2.419832
9768,0.815930,60,30,98,0.006193,2.419866
9769,0.815948,60,30,98,0.006194,2.419898
9770,0.815953,60,30,98,0.006194,2.419939
9771,0.815947,60,30,98,0.006193,2.419986
9772,0.815946,60,30,98,0.006193,2.420031
9773,0.815860,60,30,98,0.006191,2.419159
9774,0.815874,60,30,98,0.006192,2.419196
9775,0.815884,60,30,98,0.006192,2.419234
9776,0.815891,60,30,98,0.006191,2.419274
9777,0.815835,60,30,98,0.006190,2.419284
9778,0.815851,60,30,98,0.006191,2.419317
9779,0.815833,60,30,98,0.006190,2.419371
9780,0.815824,60,30,98,0.006189,2.419420
9781,0.815831,60,30,98,0.006189,2.419458
9782,0.815836,60,30,98,0.006188,2.419499
9783,0.815814,60,30,98,0.006187,2.419553
9784,0.815832,60,30,98,0.006189,2.419586
9785,0.815814,60,30,98,0.006188,2.419640
9786,0.815825,60,30,98,0.006188,2.419677
9787,0.815810,60,30,98,0.006187,2.419731
9788,0.815802,60,30,98,0.006186,2.419778
9789,0.815814,60,30,98,0.006186,2.419817
9790,0.815815,60,30,98,0.006186,2.419861
9791,0.815824,60,30,98,0.006186,2.419899
9792,0.815805,60,30,98,0.006185,2.419953
9793,0.815801,60,30,98,0.006184,2.419999
9794,0.815801,60,30,98,0.006183,2.420043
9795,0.815819,60,30,98,0.006185,2.420076
9796,0.815830,60,30,98,0.006185,2.420114
9797,0.815839,60,30,98,0.006185,2.420152
9798,0.815849,60,30,98,0.006185,2.420190
9799,0.815860,60,30,98,0.006185,2.420228
9800,0.815834,60,30,98,0.006184,2.420284
9801,0.815853,60,30,98,0.006186,2.420317
9802,0.815870,60,30,98,0.006187,2.420349
9803,0.815878,60,30,98,0.006187,2.420387
9804,0.815891,60,30,98,0.006187,2.420425
9805,0.815906,60,30,98,0.006188,2.420459
9806,0.815903,60,30,98,0.006187,2.420503
9807,0.815910,60,30,98,0.006187,2.420541
9808,0.815898,60,30,98,0.006186,2.420592
9809,0.815909,60,30,98,0.006186,2.420630
9810,0.815883,60,30,98,0.006185,2.420685
9811,0.815876,60,30,98,0.006184,2.420732
9812,0.815865,60,30,98,0.006183,2.420782
9813,0.815880,60,30,98,0.006184,2.420815
9814,0.815890,60,30,98,0.006184,2.420854
9815,0.815899,60,30,98,0.006184,2.420892
9816,0.815917,60,30,98,0.006185,2.420924
9817,0.815931,60,30,98,0.006185,2.420957
9818,0.815943,60,30,98,0.006186,2.420995
9819,0.815918,60,30,98,0.006184,2.421049
9820,0.815909,60,30,98,0.006184,2.421098
9821,0.815919,60,30,98,0.006184,2.421137
9822,0.815920,60,30,98,0.006183,2.421181
9823,0.815883,60,30,98,0.006182,2.421232
9824,0.815885,60,30,98,0.006181,2.421276
9825,0.815875,60,30,98,0.006180,2.421325
9826,0.815875,60,30,98,0.006180,2.421369
9827,0.815890,60,30,98,0.006181,2.421403
9828,0.815894,60,30,98,0.006180,2.421445
9829,0.815838,60,30,98,0.006179,2.421450
9830,0.815808,60,30,98,0.006178,2.421504
9831,0.815825,60,30,98,0.006179,2.421537
9832,0.815830,60,30,98,0.006178,2.421577
9833,0.815824,60,30,98,0.006178,2.421624
9834,0.815838,60,30,98,0.006178,2.421657
9835,0.815855,60,30,98,0.006179,2.421689
9836,0.815865,60,30,98,0.006179,2.421727
9837,0.815882,60,30,98,0.006180,2.421758
9838,0.815880,60,30,98,0.006180,2.421802
9839,0.815894,60,30,98,0.006180,2.421836
9840,0.815907,60,30,98,0.006180,2.421873
9841,0.815883,60,30,98,0.006179,2.421927
9842,0.815899,60,30,98,0.006180,2.421959
9843,0.815912,60,30,98,0.006180,2.421996
9844,0.815846,60,30,98,0.006179,2.421927
9845,0.815822,60,30,98,0.006178,2.421980
9846,0.815809,60,30,98,0.006177,2.422032
9847,0.815828,60,30,98,0.006180,2.422065
9848,0.815838,60,30,98,0.006180,2.422103
9849,0.815820,60,30,98,0.006179,2.422156
9850,0.815839,60,30,98,0.006181,2.422189
9851,0.815854,60,30,98,0.006181,2.422223
9852,0.815859,60,30,98,0.006181,2.422266
9853,0.815868,60,30,98,0.006181,2.422304
9854,0.815794,60,30,98,0.006180,2.422070
9855,0.815762,60,30,98,0.006179,2.422124
9856,0.815749,60,30,98,0.006178,2.422175
9857,0.815731,60,30,98,0.006177,2.422228
9858,0.815748,60,30,98,0.006178,2.422259
9859,0.815702,60,30,98,0.006177,2.422298
9860,0.815715,60,30,98,0.006177,2.422334
9861,0.815703,60,30,98,0.006176,2.422384
9862,0.815719,60,30,98,0.006177,2.422417
9863,0.815736,60,30,98,0.006178,2.422450
9864,0.815717,60,30,98,0.006177,2.422502
9865,0.815733,60,30,98,0.006178,2.422535
9866,0.815703,60,30,98,0.006177,2.422588
9867,0.815720,60,30,98,0.006178,2.422620
9868,0.815726,60,30,98,0.006178,2.422661
9869,0.815722,60,30,98,0.006177,2.422704
9870,0.815702,60,30,98,0.006176,2.422758
9871,0.815709,60,30,98,0.006176,2.422796
9872,0.815726,60,30,98,0.006177,2.422828
9873,0.815711,60,30,98,0.006176,2.422881
9874,0.815729,60,30,98,0.006178,2.422914
9875,0.815746,60,30,98,0.006179,2.422945
9876,0.815758,60,30,98,0.006179,2.422983
9877,0.815777,60,30,98,0.006180,2.423016
9878,0.815772,60,30,98,0.006180,2.423063
9879,0.815791,60,30,98,0.006182,2.423093
9880,0.815784,60,30,98,0.006181,2.423140
9881,0.815802,60,30,98,0.006182,2.423172
9882,0.815816,60,30,98,0.006183,2.423205
9883,0.815821,60,30,98,0.006183,2.423246
9884,0.815830,60,30,98,0.006182,2.423283
9885,0.815829,60,30,98,0.006182,2.423327
9886,0.815833,60,30,98,0.006181,2.423370
9887,0.815828,60,30,98,0.006181,2.423416
9888,0.815843,60,30,98,0.006181,2.423449
9889,0.815855,60,30,98,0.006181,2.423487
9890,0.815871,60,30,98,0.006182,2.423519
9891,0.815870,60,30,98,0.006182,2.423564
9892,0.815865,60,30,98,0.006181,2.423609
9893,0.815869,60,30,98,0.006181,2.423651
9894,0.815872,60,30,98,0.006180,2.423694
9895,0.815870,60,30,98,0.006179,2.423738
9896,0.815829,60,30,98,0.006178,2.423785
9897,0.815837,60,30,98,0.006178,2.423823
9898,0.815829,60,30,98,0.006177,2.423869
9899,0.815750,60,30,98,0.006176,2.423443
9900,0.815760,60,30,98,0.006176,2.423480
9901,0.815740,60,30,98,0.006175,2.423533
9902,0.815757,60,30,98,0.006176,2.423565
9903,0.815772,60,30,98,0.006177,2.423599
9904,0.815777,60,30,98,0.006176,2.423641
9905,0.815729,60,30,98,0.006175,2.423675
9906,0.815745,60,30,98,0.006176,2.423708
9907,0.815759,60,30,98,0.006177,2.423740
9908,0.815754,60,30,98,0.006176,2.423786
9909,0.815760,60,30,98,0.006176,2.423823
9910,0.815776,60,30,98,0.006176,2.423857
9911,0.815790,60,30,98,0.006177,2.423889
9912,0.815808,60,30,98,0.006178,2.423922
9913,0.815810,60,30,98,0.006178,2.423965
9914,0.815825,60,30,98,0.006178,2.423999
9915,0.815831,60,30,98,0.006178,2.424039
9916,0.815844,60,30,98,0.006178,2.424077
9917,0.815859,60,30,98,0.006179,2.424110
9918,0.815815,60,30,98,0.006178,2.424151
9919,0.815791,60,30,98,0.006177,2.424204
9920,0.815765,60,30,98,0.006176,2.424259
9921,0.815780,60,30,98,0.006176,2.424292
9922,0.815798,60,30,98,0.006178,2.424321
9923,0.815789,60,30,98,0.006178,2.424370
9924,0.815804,60,30,98,0.006178,2.424403
9925,0.815801,60,30,98,0.006178,2.424447
9926,0.815807,60,30,98,0.006177,2.424487
9927,0.815822,60,30,98,0.006178,2.424520
9928,0.815831,60,30,98,0.006178,2.424558
9929,0.815838,60,30,98,0.006178,2.424595
9930,0.815828,60,30,98,0.006177,2.424644
9931,0.815821,60,30,98,0.006176,2.424691
9932,0.815839,60,30,98,0.006177,2.424724
9933,0.815785,60,30,98,0.006176,2.424740
9934,0.815771,60,30,98,0.006175,2.424793
9935,0.815768,60,30,98,0.006174,2.424836
9936,0.815773,60,30,98,0.006174,2.424876
9937,0.815791,60,30,98,0.006175,2.424908
9938,0.815800,60,30,98,0.006175,2.424945
9939,0.815805,60,30,98,0.006175,2.424986
9940,0.815819,60,30,98,0.006176,2.425018
9941,0.815789,60,30,98,0.006174,2.425071
9942,0.815782,60,30,98,0.006174,2.425117
9943,0.815785,60,30,98,0.006173,2.425160
9944,0.815796,60,30,98,0.006173,2.425198
9945,0.815767,60,30,98,0.006172,2.425251
9946,0.815785,60,30,98,0.006173,2.425283
9947,0.815779,60,30,98,0.006173,2.425329
9948,0.815772,60,30,98,0.006172,2.425374
9949,0.815790,60,30,98,0.006173,2.425407
9950,0.815802,60,30,98,0.006173,2.425445
9951,0.815801,60,30,98,0.006173,2.425489
9952,0.815818,60,30,98,0.006174,2.425521
9953,0.815829,60,30,98,0.006174,2.425557
9954,0.815818,60,30,98,0.006173,2.425607
9955,0.815780,60,30,98,0.006172,2.425657
9956,0.815757,60,30,98,0.006171,2.425711
9957,0.815751,60,30,98,0.006170,2.425756
9958,0.815670,60,30,98,0.006169,2.425167
9959,0.815689,60,30,98,0.006171,2.425204
9960,0.815701,60,30,98,0.006172,2.425242
9961,0.815718,60,30,98,0.006173,2.425274
9962,0.815728,60,30,98,0.006173,2.425312
9963,0.815745,60,30,98,0.006174,2.425343
9964,0.815663,60,30,98,0.006173,2.424669
9965,0.815681,60,30,98,0.006175,2.424700
9966,0.815700,60,30,98,0.006178,2.424737
9967,0.815712,60,30,98,0.006178,2.424774
9968,0.815727,60,30,98,0.006178,2.424807
9969,0.815714,60,30,98,0.006177,2.424859
9970,0.815733,60,30,98,0.006180,2.424896
9971,0.815750,60,30,98,0.006181,2.424928
9972,0.815769,60,30,98,0.006183,2.424964
9973,0.815787,60,30,98,0.006185,2.424996
9974,0.815786,60,30,98,0.006184,2.425039
9975,0.815798,60,30,98,0.006184,2.425076
9976,0.815771,60,30,98,0.006183,2.425130
9977,0.815790,60,30,98,0.006185,2.425161
9978,0.815805,60,30,98,0.006186,2.425194
9979,0.815812,60,30,98,0.006186,2.425232
9980,0.815814,60,30,98,0.006185,2.425275
9981,0.815817,60,30,98,0.006185,2.425318
9982,0.815798,60,30,98,0.006184,2.425370
9983,0.815751,60,30,98,0.006183,2.425406
9984,0.815720,60,30,98,0.006182,2.425459
9985,0.815732,60,30,98,0.006182,2.425496
9986,0.815746,60,30,98,0.006182,2.425529
9987,0.815746,60,30,98,0.006182,2.425572
9988,0.815759,60,30,98,0.006182,2.425609
9989,0.815769,60,30,98,0.006182,2.425647
9990,0.815759,60,30,98,0.006181,2.425695
9991,0.815757,60,30,98,0.006180,2.425739
9992,0.815725,60,30,98,0.006179,2.425791
9993,0.815720,60,30,98,0.006178,2.425836
9994,0.815694,60,30,98,0.006177,2.425890
9995,0.815703,60,30,98,0.006177,2.425927
9996,0.815701,60,30,98,0.006177,2.425970
9997,0.815664,60,30,98,0.006176,2.426020
9998,0.815680,60,30,98,0.006177,2.426052
9999,0.815695,60,30,98,0.006177,2.426084
10000,0.815704,60,30,98,0.006177,2.426122
10001,0.815717,60,30,98,0.006178,2.426155
10002,0.815736,60,30,98,0.006180,2.426187
10003,0.815735,60,30,98,0.006179,2.426231
10004,0.815751,60,30,98,0.006180,2.426263
10005,0.815734,60,30,98,0.006179,2.426316
10006,0.815752,60,30,98,0.006181,2.426350
10007,0.815717,60,30,98,0.006179,2.426402
10008,0.815733,60,30,98,0.006180,2.426435
10009,0.815733,60,30,98,0.006180,2.426478
10010,0.815745,60,30,98,0.006180,2.426515
10011,0.815741,60,30,98,0.006179,2.426560
10012,0.815754,60,30,98,0.006179,2.426596
10013,0.815761,60,30,98,0.006179,2.426633
10014,0.815770,60,30,98,0.006179,2.426670
10015,0.815765,60,30,98,0.006178,2.426715
10016,0.815780,60,30,98,0.006179,2.426747
10017,0.815781,60,30,98,0.006178,2.426790
10018,0.815738,60,30,98,0.006177,2.426833
10019,0.815755,60,30,98,0.006179,2.426864
10020,0.815751,60,30,98,0.006178,2.426908
10021,0.815755,60,30,98,0.006177,2.426950
10022,0.815773,60,30,98,0.006180,2.426979
10023,0.815789,60,30,98,0.006180,2.427011
10024,0.815767,60,30,98,0.006179,2.427064
10025,0.815721,60,30,98,0.006178,2.427100
10026,0.815735,60,30,98,0.006179,2.427133
10027,0.815745,60,30,98,0.006179,2.427170
10028,0.815751,60,30,98,0.006178,2.427210
10029,0.815730,60,30,98,0.006177,2.427263
10030,0.815744,60,30,98,0.006178,2.427295
10031,0.815743,60,30,98,0.006177,2.427338
10032,0.815737,60,30,98,0.006177,2.427383
10033,0.815725,60,30,98,0.006176,2.427432
10034,0.815740,60,30,98,0.006176,2.427465
10035,0.815759,60,30,98,0.006179,2.427501
10036,0.815772,60,30,98,0.006179,2.427537
10037,0.815783,60,30,98,0.006179,2.427575
10038,0.815784,60,30,98,0.006178,2.427618
10039,0.815775,60,30,98,0.006178,2.427665
10040,0.815749,60,30,98,0.006177,2.427719
10041,0.815757,60,30,98,0.006176,2.427756
10042,0.815765,60,30,98,0.006176,2.427794
10043,0.815777,60,30,98,0.006176,2.427831
10044,0.815768,60,30,98,0.006176,2.427877
10045,0.815786,60,30,98,0.006177,2.427909
10046,0.815761,60,30,98,0.006176,2.427962
10047,0.815779,60,30,98,0.006178,2.427992
10048,0.815777,60,30,98,0.006178,2.428035
10049,0.815776,60,30,98,0.006177,2.428078
10050,0.815792,60,30,98,0.006178,2.428110
10051,0.815798,60,30,98,0.006178,2.428149
10052,0.815782,60,30,98,0.006177,2.428202
10053,0.815794,60,30,98,0.006177,2.428239
10054,0.815812,60,30,98,0.006178,2.428271
10055,0.815747,60,30,98,0.006177,2.428202
10056,0.815745,60,30,98,0.006176,2.428245
10057,0.815764,60,30,98,0.006179,2.428277
10058,0.815768,60,30,98,0.006178,2.428319
10059,0.815776,60,30,98,0.006178,2.428356
10060,0.815773,60,30,98,0.006177,2.428399
10061,0.815748,60,30,98,0.006176,2.428451
10062,0.815764,60,30,98,0.006177,2.428482
10063,0.815781,60,30,98,0.006178,2.428514
10064,0.815749,60,30,98,0.006177,2.428565
10065,0.815744,60,30,98,0.006177,2.428609
10066,0.815759,60,30,98,0.006177,2.428642
10067,0.815760,60,30,98,0.006177,2.428685
10068,0.815757,60,30,98,0.006176,2.428728
10069,0.815741,60,30,98,0.006175,2.428780
10070,0.815739,60,30,98,0.006175,2.428823
10071,0.815733,60,30,98,0.006174,2.428868
10072,0.815729,60,30,98,0.006173,2.428911
10073,0.815700,60,30,98,0.006172,2.428964
10074,0.815716,60,30,98,0.006173,2.428995
10075,0.815723,60,30,98,0.006173,2.429032
10076,0.815726,60,30,98,0.006172,2.429074
10077,0.815726,60,30,98,0.006172,2.429117
10078,0.815734,60,30,98,0.006172,2.429154
10079,0.815752,60,30,98,0.006173,2.429186
10080,0.815735,60,30,98,0.006172,2.429238
10081,0.815731,60,30,98,0.006171,2.429281
10082,0.815746,60,30,98,0.006172,2.429313
10083,0.815759,60,30,98,0.006173,2.429345
10084,0.815751,60,30,98,0.006172,2.429391
10085,0.815770,60,30,98,0.006174,2.429421
10086,0.815765,60,30,98,0.006173,2.429464
10087,0.815774,60,30,98,0.006173,2.429502
10088,0.815785,60,30,98,0.006173,2.429539
10089,0.815783,60,30,98,0.006173,2.429581
10090,0.815797,60,30,98,0.006173,2.429613
10091,0.815813,60,30,98,0.006174,2.429646
10092,0.815826,60,30,98,0.006174,2.429681
10093,0.815760,60,30,98,0.006173,2.429594
10094,0.815682,60,30,98,0.006172,2.429189
10095,0.815694,60,30,98,0.006172,2.429226
10096,0.815699,60,30,98,0.006172,2.429267
10097,0.815688,60,30,98,0.006171,2.429315
10098,0.815697,60,30,98,0.006171,2.429352
10099,0.815699,60,30,98,0.006170,2.429396
10100,0.815708,60,30,98,0.006170,2.429433
10101,0.815721,60,30,98,0.006170,2.429470
10102,0.815720,60,30,98,0.006170,2.429512
10103,0.815733,60,30,98,0.006170,2.429549
10104,0.815741,60,30,98,0.006170,2.429586
10105,0.815745,60,30,98,0.006169,2.429628
10106,0.815753,60,30,98,0.006169,2.429665
10107,0.815747,60,30,98,0.006168,2.429709
10108,0.815757,60,30,98,0.006168,2.429746
10109,0.815759,60,30,98,0.006168,2.429789
10110,0.815777,60,30,98,0.006169,2.429820
10111,0.815780,60,30,98,0.006169,2.429861
10112,0.815798,60,30,98,0.006170,2.429894
10113,0.815816,60,30,98,0.006172,2.429927
10114,0.815780,60,30,98,0.006171,2.429978
10115,0.815798,60,30,98,0.006172,2.430010
10116,0.815816,60,30,98,0.006174,2.430043
10117,0.815833,60,30,98,0.006175,2.430075
10118,0.815847,60,30,98,0.006176,2.430107
10119,0.815845,60,30,98,0.006175,2.430149
10120,0.815863,60,30,98,0.006176,2.430181
10121,0.815875,60,30,98,0.006177,2.430217
10122,0.815889,60,30,98,0.006177,2.430249
10123,0.815905,60,30,98,0.006178,2.430281
10124,0.815923,60,30,98,0.006180,2.430313
10125,0.815941,60,30,98,0.006182,2.430343
10126,0.815957,60,30,98,0.006183,2.430375
10127,0.815963,60,30,98,0.006183,2.430414
10128,0.815980,60,30,98,0.006184,2.430446
10129,0.815948,60,30,98,0.006183,2.430498
10130,0.815925,60,30,98,0.006182,2.430550
10131,0.815936,60,30,98,0.006182,2.430587
10132,0.815927,60,30,98,0.006181,2.430635
10133,0.815921,60,30,98,0.006180,2.430679
10134,0.815935,60,30,98,0.006181,2.430711
10135,0.815950,60,30,98,0.006182,2.430744
10136,0.815924,60,30,98,0.006181,2.430796
10137,0.815941,60,30,98,0.006182,2.430828
10138,0.815904,60,30,98,0.006181,2.430877
10139,0.815914,60,30,98,0.006181,2.430914
10140,0.815930,60,30,98,0.006182,2.430945
10141,0.815928,60,30,98,0.006181,2.430987
10142,0.815923,60,30,98,0.006180,2.431031
10143,0.815919,60,30,98,0.006180,2.431073
10144,0.815893,60,30,98,0.006179,2.431126
10145,0.815840,60,30,98,0.006178,2.431136
10146,0.815855,60,30,98,0.006178,2.431168
10147,0.815856,60,30,98,0.006178,2.431210
10148,0.815849,60,30,98,0.006177,2.431256
10149,0.815861,60,30,98,0.006177,2.431293
10150,0.815872,60,30,98,0.006177,2.431330
10151,0.815888,60,30,98,0.006178,2.431360
10152,0.815906,60,30,98,0.006180,2.431393
10153,0.815923,60,30,98,0.006181,2.431424
10154,0.815896,60,30,98,0.006180,2.431476
10155,0.815849,60,30,98,0.006179,2.431509
10156,0.815849,60,30,98,0.006178,2.431551
10157,0.815844,60,30,98,0.006178,2.431594
10158,0.815860,60,30,98,0.006178,2.431626
10159,0.815877,60,30,98,0.006180,2.431657
10160,0.815895,60,30,98,0.006182,2.431688
10161,0.815885,60,30,98,0.006181,2.431737
10162,0.815893,60,30,98,0.006181,2.431773
10163,0.815911,60,30,98,0.006183,2.431804
10164,0.815925,60,30,98,0.006184,2.431835
10165,0.815943,60,30,98,0.006186,2.431867
10166,0.815930,60,30,98,0.006185,2.431920
10167,0.815948,60,30,98,0.006187,2.431949
10168,0.815942,60,30,98,0.006187,2.431993
10169,0.815944,60,30,98,0.006186,2.432036
10170,0.815959,60,30,98,0.006187,2.432068
10171,0.815975,60,30,98,0.006188,2.432098
10172,0.815966,60,30,98,0.006187,2.432144
10173,0.815983,60,30,98,0.006188,2.432175
10174,0.816001,60,30,98,0.006190,2.432211
10175,0.816020,60,30,98,0.006193,2.432242
10176,0.815973,60,30,98,0.006191,2.432276
10177,0.815991,60,30,98,0.006194,2.432305
10178,0.816007,60,30,98,0.006194,2.432337
10179,0.816013,60,30,98,0.006194,2.432375
10180,0.816025,60,30,98,0.006194,2.432412
10181,0.816042,60,30,98,0.006196,2.432443
10182,0.816028,60,30,98,0.006195,2.432496
10183,0.816015,60,30,98,0.006194,2.432548
10184,0.816032,60,30,98,0.006195,2.432578
10185,0.816050,60,30,98,0.006197,2.432607
10186,0.816040,60,30,98,0.006196,2.432654
10187,0.816048,60,30,98,0.006196,2.432691
10188,0.816059,60,30,98,0.006196,2.432727
10189,0.816061,60,30,98,0.006196,2.432769
10190,0.816068,60,30,98,0.006196,2.432806
10191,0.816087,60,30,98,0.006198,2.432841
10192,0.816098,60,30,98,0.006198,2.432878
10193,0.816036,60,30,98,0.006197,2.432822
10194,0.816050,60,30,98,0.006197,2.432853
10195,0.816062,60,30,98,0.006198,2.432888
10196,0.816061,60,30,98,0.006197,2.432930
10197,0.816076,60,30,98,0.006198,2.432961
10198,0.816047,60,30,98,0.006197,2.433013
10199,0.816065,60,30,98,0.006198,2.433046
10200,0.816061,60,30,98,0.006198,2.433088
10201,0.816073,60,30,98,0.006198,2.433124
10202,0.816087,60,30,98,0.006198,2.433157
10203,0.816102,60,30,98,0.006199,2.433189
10204,0.816047,60,30,98,0.006198,2.433191
10205,0.816048,60,30,98,0.006197,2.433233
10206,0.816061,60,30,98,0.006198,2.433265
10207,0.816078,60,30,98,0.006199,2.433296
10208,0.816085,60,30,98,0.006199,2.433333
10209,0.816056,60,30,98,0.006197,2.433384
10210,0.816060,60,30,98,0.006197,2.433424
10211,0.816078,60,30,98,0.006199,2.433455
10212,0.816090,60,30,98,0.006199,2.433489
10213,0.816101,60,30,98,0.006199,2.433526
10214,0.816108,60,30,98,0.006199,2.433563
10215,0.816078,60,30,98,0.006198,2.433613
10216,0.816067,60,30,98,0.006197,2.433662
10217,0.816083,60,30,98,0.006198,2.433693
10218,0.816097,60,30,98,0.006198,2.433725
10219,0.816105,60,30,98,0.006198,2.433761
10220,0.816119,60,30,98,0.006199,2.433793
10221,0.816119,60,30,98,0.006198,2.433835
10222,0.816115,60,30,98,0.006197,2.433877
10223,0.816034,60,30,98,0.006196,2.433205
10224,0.816043,60,30,98,0.006196,2.433241
10225,0.816017,60,30,98,0.006195,2.433293
10226,0.816035,60,30,98,0.006197,2.433328
10227,0.816006,60,30,98,0.006196,2.433379
10228,0.816024,60,30,98,0.006198,2.433408
10229,0.816025,60,30,98,0.006198,2.433450
10230,0.816022,60,30,98,0.006197,2.433492
10231,0.816030,60,30,98,0.006197,2.433528
10232,0.816044,60,30,98,0.006198,2.433560
10233,0.816044,60,30,98,0.006197,2.433602
10234,0.816027,60,30,98,0.006196,2.433653
10235,0.815973,60,30,98,0.006195,2.433660
10236,0.815969,60,30,98,0.006194,2.433702
10237,0.815981,60,30,98,0.006194,2.433738
10238,0.816000,60,30,98,0.006197,2.433770
10239,0.816014,60,30,98,0.006197,2.433802
10240,0.816025,60,30,98,0.006197,2.433838
10241,0.816030,60,30,98,0.006197,2.433877
10242,0.816040,60,30,98,0.006197,2.433914
10243,0.816029,60,30,98,0.006196,2.433962
10244,0.816011,60,30,98,0.006195,2.434014
10245,0.816024,60,30,98,0.006196,2.434045
10246,0.816034,60,30,98,0.006196,2.434082
10247,0.816050,60,30,98,0.006196,2.434113
10248,0.816018,60,30,98,0.006195,2.434164
10249,0.816031,60,30,98,0.006196,2.434196
10250,0.816029,60,30,98,0.006195,2.434238
10251,0.816028,60,30,98,0.006195,2.434279
10252,0.816037,60,30,98,0.006195,2.434316
10253,0.816031,60,30,98,0.006194,2.434359
10254,0.816047,60,30,98,0.006195,2.434391
10255,0.816039,60,30,98,0.006194,2.434436
10256,0.816041,60,30,98,0.006193,2.434478
10257,0.816048,60,30,98,0.006193,2.434515
10258,0.816049,60,30,98,0.006193,2.434557
10259,0.816036,60,30,98,0.006192,2.434607
10260,0.816054,60,30,98,0.006193,2.434639
10261,0.816067,60,30,98,0.006194,2.434671
10262,0.816054,60,30,98,0.006193,2.434722
10263,0.816040,60,30,98,0.006192,2.434773
10264,0.816023,60,30,98,0.006191,2.434824
10265,0.816028,60,30,98,0.006191,2.434864
10266,0.816044,60,30,98,0.006192,2.434896
10267,0.816062,60,30,98,0.006194,2.434924
10268,0.816072,60,30,98,0.006194,2.434961
10269,0.816052,60,30,98,0.006193,2.435013
10270,0.816019,60,30,98,0.006192,2.435066
10271,0.816036,60,30,98,0.006193,2.435097
10272,0.816052,60,30,98,0.006194,2.435127
10273,0.816058,60,30,98,0.006194,2.435166
10274,0.816068,60,30,98,0.006194,2.435202
10275,0.816079,60,30,98,0.006194,2.435239
10276,0.816048,60,30,98,0.006193,2.435289
10277,0.816063,60,30,98,0.006193,2.435320
10278,0.816079,60,30,98,0.006194,2.435351
10279,0.816092,60,30,98,0.006195,2.435383
10280,0.816090,60,30,98,0.006194,2.435424
10281,0.816105,60,30,98,0.006195,2.435455
10282,0.816108,60,30,98,0.006195,2.435497
10283,0.816082,60,30,98,0.006194,2.435548
10284,0.816067,60,30,98,0.006193,2.435600
10285,0.816086,60,30,98,0.006195,2.435629
10286,0.816071,60,30,98,0.006194,2.435681
10287,0.816028,60,30,98,0.006193,2.435719
10288,0.816032,60,30,98,0.006192,2.435759
10289,0.816050,60,30,98,0.006194,2.435790
10290,0.816066,60,30,98,0.006195,2.435821
10291,0.816083,60,30,98,0.006196,2.435853
10292,0.816102,60,30,98,0.006199,2.435888
10293,0.816120,60,30,98,0.006201,2.435920
10294,0.816121,60,30,98,0.006200,2.435961
10295,0.816128,60,30,98,0.006200,2.435998
10296,0.816139,60,30,98,0.006200,2.436034
10297,0.816154,60,30,98,0.006201,2.436064
10298,0.816141,60,30,98,0.006200,2.436115
10299,0.816093,60,30,98,0.006199,2.436142
10300,0.816103,60,30,98,0.006199,2.436178
10301,0.816075,60,30,98,0.006198,2.436229
10302,0.816092,60,30,98,0.006199,2.436259
10303,0.816103,60,30,98,0.006199,2.436295
10304,0.816120,60,30,98,0.006201,2.436326
10305,0.816131,60,30,98,0.006201,2.436362
10306,0.816149,60,30,98,0.006202,2.436394
10307,0.816160,60,30,98,0.006202,2.436430
10308,0.816172,60,30,98,0.006202,2.436466
10309,0.816139,60,30,98,0.006201,2.436517
10310,0.816155,60,30,98,0.006203,2.436548
10311,0.816171,60,30,98,0.006204,2.436579
10312,0.816154,60,30,98,0.006203,2.436630
10313,0.816134,60,30,98,0.006202,2.436682
10314,0.816129,60,30,98,0.006201,2.436726
10315,0.816141,60,30,98,0.006201,2.436762
10316,0.816159,60,30,98,0.006203,2.436797
10317,0.816174,60,30,98,0.006204,2.436828
10318,0.816188,60,30,98,0.006205,2.436860
10319,0.816206,60,30,98,0.006207,2.436895
10320,0.816220,60,30,98,0.006207,2.436926
10321,0.816234,59,30,98,0.006208,2.436957
10322,0.816247,59,30,98,0.006208,2.436989
10323,0.816246,60,30,98,0.006208,2.437031
10324,0.816249,60,30,98,0.006207,2.437073
10325,0.816263,60,30,98,0.006208,2.437105
10326,0.816248,60,30,98,0.006207,2.437156
10327,0.816249,60,30,98,0.006206,2.437198
10328,0.816265,60,30,98,0.006207,2.437228
10329,0.816262,60,30,98,0.006207,2.437270
10330,0.816278,60,30,98,0.006208,2.437300
10331,0.816294,60,30,98,0.006209,2.437331
10332,0.816295,60,30,98,0.006208,2.437372
10333,0.816312,60,30,98,0.006210,2.437403
10334,0.816330,59,30,98,0.006211,2.437435
10335,0.816266,60,30,98,0.006210,2.437359
10336,0.816281,59,30,98,0.006211,2.437390
10337,0.816279,60,30,98,0.006210,2.437431
10338,0.816297,59,30,98,0.006212,2.437460
10339,0.816315,59,30,98,0.006214,2.437490
10340,0.816317,59,30,98,0.006214,2.437532
10341,0.816324,59,30,98,0.006214,2.437568
10342,0.816310,59,30,98,0.006213,2.437619
10343,0.816296,60,30,98,0.006212,2.437669
10344,0.816287,60,30,98,0.006211,2.437715
10345,0.816300,60,30,98,0.006211,2.437750
10346,0.816310,59,30,98,0.006211,2.437787
10347,0.816308,60,30,98,0.006211,2.437828
10348,0.816309,60,30,98,0.006210,2.437869
10349,0.816296,60,30,98,0.006209,2.437919
10350,0.816294,60,30,98,0.006209,2.437959
10351,0.816311,60,30,98,0.006210,2.437990
10352,0.816248,60,30,98,0.006209,2.437919
10353,0.816237,60,30,98,0.006208,2.437966
10354,0.816255,60,30,98,0.006210,2.437997
10355,0.816255,60,30,98,0.006210,2.438039
10356,0.816269,60,30,98,0.006210,2.438070
10357,0.816285,60,30,98,0.006211,2.438101
10358,0.816302,60,30,98,0.006213,2.438133
10359,0.816294,60,30,98,0.006212,2.438179
10360,0.816294,60,30,98,0.006211,2.438220
10361,0.816285,60,30,98,0.006211,2.438266
10362,0.816302,60,30,98,0.006213,2.438294
10363,0.816295,60,30,98,0.006212,2.438340
10364,0.816312,60,30,98,0.006213,2.438371
10365,0.816289,60,30,98,0.006212,2.438423
10366,0.816287,60,30,98,0.006212,2.438464
10367,0.816296,60,30,98,0.006212,2.438500
10368,0.816300,60,30,98,0.006211,2.438541
10369,0.816305,60,30,98,0.006211,2.438579
10370,0.816302,60,30,98,0.006210,2.438621
10371,0.816302,60,30,98,0.006210,2.438662
10372,0.816283,60,30,98,0.006209,2.438713
10373,0.816289,60,30,98,0.006208,2.438751
10374,0.816274,60,30,98,0.006208,2.438802
10375,0.816291,60,30,98,0.006209,2.438833
10376,0.816298,60,30,98,0.006209,2.438869
10377,0.816310,60,30,98,0.006209,2.438905
10378,0.816326,60,30,98,0.006210,2.438935
10379,0.816339,60,30,98,0.006210,2.438969
10380,0.816329,60,30,98,0.006210,2.439016
10381,0.816326,60,30,98,0.006209,2.439058
10382,0.816344,60,30,98,0.006211,2.439086
10383,0.816331,60,30,98,0.006210,2.439136
10384,0.816342,60,30,98,0.006210,2.439172
10385,0.816344,60,30,98,0.006210,2.439213
10386,0.816335,60,30,98,0.006209,2.439259
10387,0.816314,60,30,98,0.006208,2.439311
10388,0.816267,60,30,98,0.006207,2.439339
10389,0.816276,60,30,98,0.006207,2.439375
10390,0.816251,60,30,98,0.006206,2.439426
10391,0.816204,60,30,98,0.006205,2.439454
10392,0.816214,60,30,98,0.006205,2.439490
10393,0.816228,60,30,98,0.006205,2.439522
10394,0.816241,60,30,98,0.006206,2.439555
10395,0.816234,60,30,98,0.006205,2.439600
10396,0.816170,60,30,98,0.006204,2.439508
10397,0.816181,60,30,98,0.006204,2.439544
10398,0.816194,60,30,98,0.006204,2.439576
10399,0.816191,60,30,98,0.006204,2.439617
10400,0.816209,60,30,98,0.006206,2.439648
10401,0.816197,60,30,98,0.006205,2.439697
10402,0.816206,60,30,98,0.006205,2.439734
10403,0.816224,60,30,98,0.006207,2.439768
10404,0.816229,60,30,98,0.006207,2.439808
10405,0.816242,60,30,98,0.006207,2.439839
10406,0.816249,60,30,98,0.006207,2.439875
10407,0.816197,60,30,98,0.006206,2.439886
10408,0.816206,60,30,98,0.006206,2.439922
10409,0.816223,60,30,98,0.006208,2.439951
10410,0.816227,60,30,98,0.006207,2.439992
10411,0.816235,60,30,98,0.006207,2.440027
10412,0.816233,60,30,98,0.006207,2.440069
10413,0.816242,60,30,98,0.006207,2.440105
10414,0.816213,60,30,98,0.006206,2.440155
10415,0.816212,60,30,98,0.006205,2.440196
10416,0.816208,60,30,98,0.006204,2.440238
10417,0.816220,60,30,98,0.006205,2.440273
10418,0.816209,60,30,98,0.006204,2.440321
10419,0.816171,60,30,98,0.006203,2.440368
10420,0.816184,60,30,98,0.006203,2.440399
10421,0.816186,60,30,98,0.006203,2.440441
10422,0.816197,60,30,98,0.006203,2.440477
10423,0.816168,60,30,98,0.006202,2.440527
10424,0.816185,60,30,98,0.006203,2.440558
10425,0.816197,60,30,98,0.006203,2.440592
10426,0.816215,60,30,98,0.006205,2.440623
10427,0.816221,60,30,98,0.006205,2.440661
10428,0.816174,60,30,98,0.006204,2.440688
10429,0.816187,60,30,98,0.006204,2.440722
10430,0.816199,60,30,98,0.006205,2.440756
10431,0.816197,60,30,98,0.006204,2.440796
10432,0.816210,60,30,98,0.006205,2.440827
10433,0.816224,60,30,98,0.006205,2.440858
10434,0.816241,60,30,98,0.006206,2.440888
10435,0.816250,60,30,98,0.006206,2.440924
10436,0.816264,60,30,98,0.006207,2.440955
10437,0.816281,60,30,98,0.006208,2.440985
10438,0.816286,60,30,98,0.006208,2.441023
10439,0.816304,60,30,98,0.006210,2.441057
10440,0.816317,60,30,98,0.006211,2.441088
10441,0.816297,60,30,98,0.006210,2.441140
10442,0.816299,60,30,98,0.006209,2.441181
10443,0.816300,60,30,98,0.006209,2.441222
10444,0.816314,60,30,98,0.006209,2.441253
10445,0.816326,60,30,98,0.006209,2.441286
10446,0.816334,60,30,98,0.006209,2.441322
10447,0.816302,60,30,98,0.006208,2.441373
10448,0.816314,60,30,98,0.006208,2.441406
10449,0.816331,60,30,98,0.006210,2.441437
10450,0.816325,60,30,98,0.006209,2.441480
10451,0.816339,60,30,98,0.006210,2.441511
10452,0.816354,60,30,98,0.006210,2.441541
10453,0.816371,60,30,98,0.006212,2.441572
10454,0.816389,59,30,98,0.006214,2.441600
10455,0.816397,59,30,98,0.006214,2.441636
10456,0.816411,59,30,98,0.006214,2.441667
10457,0.816420,59,30,98,0.006214,2.441703
10458,0.816436,59,30,98,0.006215,2.441733
10459,0.816450,59,30,98,0.006216,2.441764
10460,0.816467,59,30,98,0.006217,2.441795
10461,0.816452,59,30,98,0.006216,2.441845
10462,0.816469,59,30,98,0.006218,2.441875
10463,0.816479,59,30,98,0.006218,2.441911
10464,0.816482,59,30,98,0.006217,2.441953
10465,0.816465,59,30,98,0.006216,2.442003
10466,0.816443,59,30,98,0.006215,2.442055
10467,0.816450,59,30,98,0.006215,2.442090
10468,0.816433,59,30,98,0.006214,2.442140
10469,0.816446,59,30,98,0.006215,2.442171
10470,0.816434,59,30,98,0.006214,2.442219
10471,0.816451,59,30,98,0.006215,2.442249
10472,0.816450,59,30,98,0.006215,2.442289
10473,0.816466,59,30,98,0.006216,2.442320
10474,0.816392,59,30,98,0.006215,2.441971
10475,0.816386,59,30,98,0.006214,2.442014
10476,0.816369,59,30,98,0.006213,2.442064
10477,0.816387,59,30,98,0.006215,2.442095
10478,0.816367,59,30,98,0.006214,2.442147
10479,0.816348,59,30,98,0.006213,2.442198
10480,0.816363,59,30,98,0.006214,2.442228
10481,0.816376,59,30,98,0.006215,2.442261
10482,0.816334,59,30,98,0.006213,2.442300
10483,0.816350,59,30,98,0.006215,2.442331
10484,0.816362,59,30,98,0.006215,2.442366
10485,0.816366,59,30,98,0.006214,2.442406
10486,0.816354,59,30,98,0.006213,2.442453
10487,0.816368,59,30,98,0.006214,2.442483
10488,0.816370,59,30,98,0.006213,2.442525
10489,0.816384,59,30,98,0.006214,2.442555
10490,0.816401,59,30,98,0.006216,2.442586
10491,0.816403,59,30,98,0.006215,2.442627
10492,0.816413,59,30,98,0.006215,2.442662
10493,0.816430,59,30,98,0.006217,2.442690
10494,0.816444,59,30,98,0.006218,2.442721
10495,0.816397,59,30,98,0.006216,2.442749
10496,0.816414,59,30,98,0.006218,2.442778
10497,0.816410,59,30,98,0.006217,2.442820
10498,0.816426,59,30,98,0.006218,2.442850
10499,0.816439,59,30,98,0.006219,2.442881
10500,0.816392,59,30,98,0.006218,2.442906
10501,0.816401,59,30,98,0.006218,2.442942
10502,0.816406,59,30,98,0.006217,2.442981
10503,0.816418,59,30,98,0.006217,2.443016
10504,0.816418,59,30,98,0.006217,2.443057
10505,0.816430,59,30,98,0.006217,2.443093
10506,0.816414,59,30,98,0.006216,2.443143
10507,0.816383,59,30,98,0.006215,2.443192
10508,0.816379,59,30,98,0.006214,2.443233
10509,0.816392,59,30,98,0.006215,2.443264
10510,0.816407,59,30,98,0.006216,2.443295
10511,0.816390,59,30,98,0.006215,2.443344
10512,0.816405,59,30,98,0.006216,2.443375
10513,0.816420,59,30,98,0.006216,2.443406
10514,0.816413,59,30,98,0.006216,2.443451
10515,0.816425,59,30,98,0.006216,2.443484
10516,0.816438,59,30,98,0.006216,2.443515
10517,0.816456,59,29,98,0.006219,2.443543
10518,0.816473,59,29,98,0.006221,2.443571
10519,0.816491,59,29,98,0.006223,2.443599
10520,0.816508,59,29,98,0.006224,2.443630
10521,0.816522,59,29,98,0.006225,2.443660
10522,0.816511,59,29,98,0.006224,2.443708
10523,0.816523,59,29,98,0.006224,2.443741
10524,0.816529,59,29,98,0.006224,2.443779
10525,0.816541,59,29,98,0.006224,2.443815
10526,0.816525,59,29,98,0.006223,2.443864
10527,0.816525,59,29,98,0.006223,2.443905
10528,0.816537,59,29,98,0.006223,2.443940
10529,0.816521,59,29,98,0.006222,2.443990
10530,0.816539,59,29,98,0.006224,2.444024
10531,0.816543,59,29,98,0.006224,2.444063
10532,0.816538,59,29,98,0.006223,2.444107
10533,0.816523,59,29,98,0.006222,2.444156
10534,0.816539,59,29,98,0.006223,2.444186
10535,0.816545,59,29,98,0.006223,2.444224
10536,0.816541,59,29,98,0.006223,2.444265
10537,0.816543,59,29,98,0.006222,2.444306
10538,0.816556,59,29,98,0.006223,2.444336
10539,0.816512,59,29,98,0.006221,2.444371
10540,0.816496,59,29,98,0.006221,2.444419
10541,0.816513,59,29,98,0.006222,2.444450
10542,0.816507,59,29,98,0.006221,2.444493
10543,0.816518,59,29,98,0.006221,2.444528
10544,0.816501,59,29,98,0.006221,2.444576
10545,0.816499,59,29,98,0.006220,2.444617
10546,0.816507,59,29,98,0.006220,2.444653
10547,0.816484,59,30,98,0.006219,2.444704
10548,0.816484,59,30,98,0.006218,2.444744
10549,0.816487,59,30,98,0.006218,2.444786
10550,0.816445,59,30,98,0.006217,2.444825
10551,0.816415,59,30,98,0.006216,2.444873
10552,0.816431,59,30,98,0.006217,2.444904
10553,0.816449,59,30,98,0.006219,2.444938
10554,0.816464,59,29,98,0.006220,2.444968
10555,0.816463,59,29,98,0.006219,2.445008
10556,0.816477,59,29,98,0.006220,2.445039
10557,0.816489,59,29,98,0.006220,2.445074
10558,0.816506,59,29,98,0.006222,2.445104
10559,0.816441,59,29,98,0.006220,2.444997
10560,0.816451,59,29,98,0.006220,2.445033
10561,0.816454,59,29,98,0.006220,2.445073
10562,0.816465,59,30,98,0.006220,2.445109
10563,0.816464,59,30,98,0.006219,2.445149
10564,0.816437,59,30,98,0.006218,2.445199
10565,0.816422,59,30,98,0.006217,2.445248
10566,0.816437,59,30,98,0.006218,2.445278
10567,0.816453,59,29,98,0.006220,2.445308
10568,0.816466,59,29,98,0.006220,2.445338
10569,0.816484,59,29,98,0.006222,2.445372
10570,0.816467,59,29,98,0.006221,2.445420
10571,0.816479,59,29,98,0.006222,2.445455
10572,0.816472,59,29,98,0.006221,2.445499
10573,0.816488,59,29,98,0.006222,2.445528
10574,0.816505,59,29,98,0.006224,2.445556
10575,0.816514,59,29,98,0.006224,2.445591
10576,0.816531,59,29,98,0.006226,2.445619
10577,0.816521,59,29,98,0.006225,2.445666
10578,0.816440,59,29,98,0.006224,2.444746
10579,0.816452,59,29,98,0.006224,2.444779
10580,0.816468,59,29,98,0.006225,2.444809
10581,0.816481,59,29,98,0.006226,2.444840
10582,0.816499,59,29,98,0.006227,2.444871
10583,0.816478,59,29,98,0.006226,2.444921
10584,0.816458,59,29,98,0.006225,2.444972
10585,0.816430,59,29,98,0.006224,2.445021
10586,0.816435,59,29,98,0.006224,2.445060
10587,0.816442,59,29,98,0.006224,2.445095
10588,0.816459,59,29,98,0.006225,2.445125
10589,0.816472,59,29,98,0.006226,2.445155
10590,0.816462,59,29,98,0.006225,2.445201
10591,0.816448,59,29,98,0.006224,2.445250
10592,0.816436,59,29,98,0.006223,2.445299
10593,0.816422,59,29,98,0.006222,2.445348
10594,0.816431,59,29,98,0.006222,2.445383
10595,0.816420,59,29,98,0.006221,2.445429
10596,0.816428,59,29,98,0.006221,2.445465
10597,0.816444,59,29,98,0.006223,2.445495
10598,0.816458,59,29,98,0.006223,2.445524
10599,0.816475,59,29,98,0.006225,2.445558
10600,0.816456,59,29,98,0.006224,2.445608
10601,0.816474,59,29,98,0.006227,2.445642
10602,0.816486,59,29,98,0.006227,2.445677
10603,0.816481,59,29,98,0.006226,2.445720
10604,0.816495,59,29,98,0.006227,2.445751
10605,0.816496,59,29,98,0.006226,2.445791
10606,0.816500,59,29,98,0.006226,2.445830
10607,0.816517,59,29,98,0.006227,2.445860
10608,0.816533,59,29,98,0.006228,2.445890
10609,0.816540,59,29,98,0.006228,2.445926
10610,0.816556,59,29,98,0.006229,2.445955
10611,0.816571,59,29,98,0.006230,2.445985
10612,0.816575,59,29,98,0.006230,2.446024
10613,0.816752,59,29,98,0.006231,2.445651
10614,0.816760,59,29,98,0.006231,2.445687
10615,0.816768,59,29,98,0.006231,2.445722
10616,0.816755,59,29,98,0.006230,2.445771
10617,0.816770,59,29,98,0.006231,2.445801
10618,0.816787,59,29,98,0.006233,2.445835
10619,0.816800,59,29,98,0.006234,2.445865
10620,0.816773,59,29,98,0.006233,2.445914
10621,0.816787,59,29,98,0.006233,2.445945
10622,0.816793,59,29,98,0.006233,2.445982
10623,0.816804,59,29,98,0.006233,2.446017
10624,0.816820,59,29,98,0.006234,2.446047
10625,0.816837,59,29,98,0.006236,2.446077
10626,0.816853,59,29,98,0.006237,2.446105
10627,0.816863,59,29,98,0.006237,2.446141
10628,0.816844,59,29,98,0.006236,2.446191
10629,0.816841,59,29,98,0.006236,2.446232
10630,0.816822,59,29,98,0.006235,2.446282
10631,0.816839,59,29,98,0.006236,2.446311
10632,0.816834,59,29,98,0.006235,2.446353
10633,0.816792,59,29,98,0.006234,2.446390
10634,0.816806,59,29,98,0.006235,2.446420
10635,0.816823,59,29,98,0.006237,2.446451
10636,0.816834,59,29,98,0.006237,2.446485
10637,0.816848,59,29,98,0.006238,2.446516
10638,0.816824,59,29,98,0.006237,2.446566
10639,0.816783,59,29,98,0.006236,2.446606
10640,0.816793,59,29,98,0.006235,2.446641
10641,0.816810,59,29,98,0.006237,2.446671
10642,0.816816,59,29,98,0.006237,2.446708
10643,0.816819,59,29,98,0.006236,2.446748
10644,0.816825,59,29,98,0.006236,2.446786
10645,0.816785,59,29,98,0.006235,2.446827
10646,0.816776,59,29,98,0.006234,2.446872
10647,0.816785,59,29,98,0.006234,2.446907
10648,0.816787,59,29,98,0.006234,2.446947
10649,0.816801,59,29,98,0.006234,2.446978
10650,0.816815,59,29,98,0.006235,2.447008
10651,0.816782,59,29,98,0.006234,2.447058
10652,0.816799,59,29,98,0.006236,2.447091
10653,0.816800,59,29,98,0.006236,2.447131
10654,0.816802,59,29,98,0.006235,2.447172
10655,0.816809,59,29,98,0.006235,2.447207
10656,0.816825,59,29,98,0.006236,2.447236
10657,0.816828,59,29,98,0.006236,2.447276
10658,0.816837,59,29,98,0.006236,2.447312
10659,0.816820,59,29,98,0.006235,2.447360
10660,0.816823,59,29,98,0.006234,2.447401
10661,0.816818,59,29,98,0.006234,2.447443
10662,0.816823,59,29,98,0.006233,2.447481
10663,0.816806,59,29,98,0.006232,2.447529
10664,0.816800,59,29,98,0.006232,2.447571
10665,0.816812,59,29,98,0.006232,2.447604
10666,0.816798,59,29,98,0.006231,2.447652
10667,0.816806,59,29,98,0.006231,2.447688
10668,0.816803,59,29,98,0.006230,2.447728
10669,0.816818,59,29,98,0.006231,2.447758
10670,0.816782,59,29,98,0.006230,2.447806
10671,0.816732,59,29,98,0.006229,2.447817
10672,0.816750,59,29,98,0.006231,2.447850
10673,0.816766,59,29,98,0.006232,2.447880
10674,0.816783,59,29,98,0.006235,2.447908
10675,0.816788,59,29,98,0.006234,2.447946
10676,0.816805,59,29,98,0.006236,2.447975
10677,0.816744,59,29,98,0.006234,2.447914
10678,0.816760,59,29,98,0.006236,2.447943
10679,0.816765,59,29,98,0.006235,2.447981
10680,0.816767,59,29,98,0.006235,2.448022
10681,0.816761,59,29,98,0.006234,2.448064
10682,0.816762,59,29,98,0.006233,2.448104
10683,0.816738,59,29,98,0.006233,2.448154
10684,0.816738,59,29,98,0.006232,2.448195
10685,0.816734,59,29,98,0.006231,2.448236
10686,0.816688,59,29,98,0.006230,2.448263
10687,0.816703,59,29,98,0.006231,2.448293
10688,0.816719,59,29,98,0.006232,2.448322
10689,0.816736,59,29,98,0.006234,2.448350
10690,0.816740,59,29,98,0.006234,2.448389
10691,0.816742,59,29,98,0.006233,2.448429
10692,0.816756,59,29,98,0.006234,2.448459
10693,0.816764,59,29,98,0.006234,2.448495
10694,0.816781,59,29,98,0.006235,2.448524
10695,0.816720,59,29,98,0.006234,2.448458
10696,0.816699,59,29,98,0.006233,2.448508
10697,0.816667,59,29,98,0.006232,2.448559
10698,0.816671,59,29,98,0.006232,2.448597
10699,0.816649,59,29,98,0.006231,2.448648
10700,0.816646,59,29,98,0.006230,2.448687
10701,0.816586,59,29,98,0.006229,2.448634
10702,0.816603,59,29,98,0.006231,2.448664
10703,0.816620,59,29,98,0.006233,2.448691
10704,0.816604,59,29,98,0.006232,2.448739
10705,0.816598,59,29,98,0.006231,2.448781
10706,0.816614,59,29,98,0.006232,2.448810
10707,0.816575,59,29,98,0.006231,2.448851
10708,0.816634,59,29,98,0.006232,2.448984
10709,0.816650,59,29,98,0.006234,2.449013
10710,0.816661,59,29,98,0.006234,2.449047
10711,0.816671,59,29,98,0.006234,2.449082
10712,0.816629,59,29,98,0.006233,2.449117
10713,0.816642,59,29,98,0.006233,2.449147
10714,0.816621,59,29,98,0.006232,2.449198
10715,0.816615,59,29,98,0.006232,2.449239
10716,0.816625,59,29,98,0.006232,2.449275
10717,0.816626,59,29,98,0.006231,2.449315
10718,0.816631,59,29,98,0.006231,2.449352
10719,0.816622,59,29,98,0.006230,2.449398
10720,0.816601,59,29,98,0.006229,2.449448
10721,0.816604,60,29,98,0.006229,2.449488
10722,0.816583,60,29,98,0.006228,2.449538
10723,0.816577,60,29,98,0.006227,2.449580
10724,0.816570,60,29,98,0.006226,2.449624
10725,0.816568,60,29,98,0.006226,2.449664
10726,0.816583,60,29,98,0.006226,2.449694
10727,0.816583,60,29,98,0.006226,2.449734
10728,0.816581,60,29,98,0.006225,2.449774
10729,0.816581,60,29,98,0.006225,2.449814
10730,0.816595,60,29,98,0.006225,2.449845
10731,0.816610,60,29,98,0.006226,2.449874
10732,0.816627,60,29,98,0.006228,2.449904
10733,0.816574,60,29,98,0.006227,2.449899
10734,0.816588,60,29,98,0.006228,2.449929
10735,0.816578,60,29,98,0.006227,2.449975
10736,0.816587,60,29,98,0.006227,2.450010
10737,0.816589,60,29,98,0.006227,2.450049
10738,0.816604,60,29,98,0.006228,2.450079
10739,0.816621,60,29,98,0.006230,2.450112
10740,0.816637,60,29,98,0.006231,2.450142
10741,0.816652,60,29,98,0.006232,2.450171
10742,0.816663,59,29,98,0.006232,2.450207
10743,0.816668,60,29,98,0.006231,2.450244
10744,0.816684,59,29,98,0.006233,2.450274
10745,0.816631,60,29,98,0.006231,2.450274
10746,0.816646,59,29,98,0.006232,2.450304
10747,0.816638,60,29,98,0.006231,2.450349
10748,0.816654,60,29,98,0.006233,2.450378
10749,0.816671,59,29,98,0.006234,2.450405
10750,0.816642,60,29,98,0.006233,2.450454
10751,0.816655,59,29,98,0.006234,2.450483
10752,0.816641,60,29,98,0.006233,2.450531
10753,0.816609,60,29,98,0.006232,2.450581
10754,0.816615,60,29,98,0.006232,2.450617
10755,0.816630,60,29,98,0.006233,2.450647
10756,0.816640,60,29,98,0.006233,2.450682
10757,0.816655,59,29,98,0.006233,2.450712
10758,0.816645,60,29,98,0.006233,2.450758
10759,0.816655,59,29,98,0.006233,2.450793
10760,0.816654,60,29,98,0.006232,2.450832
10761,0.816671,59,29,98,0.006234,2.450862
10762,0.816689,59,29,98,0.006236,2.450895
10763,0.816706,59,29,98,0.006239,2.450925
10764,0.816711,59,29,98,0.006238,2.450963
10765,0.816709,59,29,98,0.006238,2.451002
10766,0.816710,60,29,98,0.006237,2.451042
10767,0.816724,59,29,98,0.006238,2.451073
10768,0.816731,59,29,98,0.006238,2.451108
10769,0.816745,59,29,98,0.006238,2.451137
10770,0.816736,59,29,98,0.006237,2.451182
10771,0.816729,59,29,98,0.006237,2.451226
10772,0.816744,59,29,98,0.006238,2.451255
10773,0.816750,59,29,98,0.006237,2.451291
10774,0.816749,59,29,98,0.006237,2.451331
10775,0.816735,59,29,98,0.006236,2.451378
10776,0.816708,60,29,98,0.006235,2.451427
10777,0.816723,59,29,98,0.006236,2.451457
10778,0.816738,59,29,98,0.006237,2.451486
10779,0.816740,59,29,98,0.006236,2.451526
10780,0.816688,60,29,98,0.006235,2.451528
10781,0.816692,60,29,98,0.006235,2.451569
10782,0.816705,60,29,98,0.006235,2.451599
10783,0.816719,59,29,98,0.006236,2.451629
10784,0.816709,60,29,98,0.006235,2.451674
10785,0.816726,59,29,98,0.006237,2.451704
10786,0.816740,59,29,98,0.006237,2.451734
10787,0.816678,59,29,98,0.006236,2.451646
10788,0.816678,60,29,98,0.006235,2.451686
10789,0.816684,60,29,98,0.006235,2.451722
10790,0.816656,60,29,98,0.006234,2.451770
10791,0.816664,60,29,98,0.006234,2.451805
10792,0.816678,60,29,98,0.006235,2.451836
10793,0.816693,59,29,98,0.006236,2.451865
10794,0.816704,59,29,98,0.006236,2.451900
10795,0.816715,59,29,98,0.006236,2.451934
10796,0.816732,59,29,98,0.006238,2.451967
10797,0.816718,59,29,98,0.006237,2.452014
10798,0.816705,59,29,98,0.006236,2.452062
10799,0.816707,59,29,98,0.006236,2.452102
10800,0.816670,60,29,98,0.006235,2.452148
10801,0.816644,60,29,98,0.006234,2.452196
10802,0.816568,60,29,98,0.006232,2.451575
10803,0.816571,60,29,98,0.006232,2.451615
10804,0.816560,60,29,98,0.006231,2.451663
10805,0.816531,60,29,98,0.006230,2.451711
10806,0.816548,60,29,98,0.006232,2.451739
10807,0.816558,60,29,98,0.006232,2.451774
10808,0.816569,60,29,98,0.006232,2.451807
10809,0.816584,60,29,98,0.006233,2.451837
10810,0.816557,60,29,98,0.006232,2.451884
10811,0.816550,60,29,98,0.006231,2.451928
10812,0.816567,60,29,98,0.006233,2.451958
10813,0.816553,60,29,98,0.006232,2.452005
10814,0.816566,60,29,98,0.006233,2.452035
10815,0.816580,60,29,98,0.006233,2.452064
10816,0.816560,60,29,98,0.006232,2.452114
10817,0.816555,60,29,98,0.006232,2.452155
10818,0.816562,60,29,98,0.006232,2.452190
10819,0.816574,60,29,98,0.006232,2.452222
10820,0.816588,60,29,98,0.006232,2.452252
10821,0.816545,60,29,98,0.006231,2.452286
10822,0.816556,60,29,98,0.006231,2.452321
10823,0.816564,60,29,98,0.006231,2.452356
10824,0.816578,59,29,98,0.006232,2.452386
10825,0.816593,59,29,98,0.006233,2.452415
10826,0.816602,59,29,98,0.006233,2.452450
10827,0.816603,59,29,98,0.006232,2.452489
10828,0.816615,59,29,98,0.006233,2.452523
10829,0.816584,59,29,98,0.006232,2.452572
10830,0.816599,59,29,98,0.006233,2.452600
10831,0.816602,59,29,98,0.006232,2.452640
10832,0.816572,59,29,98,0.006231,2.452688
10833,0.816588,59,29,98,0.006233,2.452717
10834,0.816594,59,29,98,0.006232,2.452752
10835,0.816601,59,29,98,0.006232,2.452787
10836,0.816564,59,29,98,0.006231,2.452832
10837,0.816566,59,29,98,0.006231,2.452871
10838,0.816527,59,29,98,0.006230,2.452912
10839,0.816542,59,29,98,0.006231,2.452941
10840,0.816531,59,29,98,0.006230,2.452988
10841,0.816498,60,29,98,0.006229,2.453037
10842,0.816504,60,29,98,0.006229,2.453073
10843,0.816513,60,29,98,0.006228,2.453108
10844,0.816521,59,29,98,0.006228,2.453143
10845,0.816537,59,29,98,0.006230,2.453172
10846,0.816549,59,29,98,0.006230,2.453204
10847,0.816551,59,29,98,0.006229,2.453244
10848,0.816500,59,29,98,0.006228,2.453244
10849,0.816427,60,29,98,0.006227,2.452829
10850,0.816444,59,29,98,0.006229,2.452856
10851,0.816425,60,29,98,0.006228,2.452906
10852,0.816412,60,29,98,0.006227,2.452954
10853,0.816428,60,29,98,0.006229,2.452982
10854,0.816429,60,29,98,0.006228,2.453021
10855,0.816417,60,29,98,0.006227,2.453068
10856,0.816432,60,29,98,0.006228,2.453097
10857,0.816423,60,29,98,0.006227,2.453142
10858,0.816438,60,29,98,0.006228,2.453171
10859,0.816454,60,29,98,0.006229,2.453200
10860,0.816444,60,29,98,0.006229,2.453246
10861,0.816455,60,29,98,0.006229,2.453279
10862,0.816462,59,29,98,0.006229,2.453314
10863,0.816460,60,29,98,0.006228,2.453353
10864,0.816436,60,29,98,0.006227,2.453403
10865,0.816414,60,29,98,0.006226,2.453453
10866,0.816432,60,29,98,0.006228,2.453482
10867,0.816447,60,29,98,0.006229,2.453512
10868,0.816447,60,29,98,0.006229,2.453551
10869,0.816457,60,29,98,0.006229,2.453586
10870,0.816473,59,29,98,0.006230,2.453615
10871,0.816444,60,29,98,0.006229,2.453662
10872,0.816460,60,29,98,0.006230,2.453691
10873,0.816436,60,29,98,0.006229,2.453740
10874,0.816452,60,29,98,0.006231,2.453770
10875,0.816443,60,29,98,0.006230,2.453815
10876,0.816453,60,29,98,0.006230,2.453850
10877,0.816454,60,29,98,0.006229,2.453889
10878,0.816425,60,29,98,0.006228,2.453935
10879,0.816375,60,29,98,0.006227,2.453943
10880,0.816348,60,29,98,0.006226,2.453990
10881,0.816352,60,29,98,0.006226,2.454029
10882,0.816317,60,29,98,0.006225,2.454075
10883,0.816316,60,29,98,0.006224,2.454114
10884,0.816256,60,29,98,0.006223,2.454044
10885,0.816215,60,29,98,0.006222,2.454081
10886,0.816231,60,29,98,0.006223,2.454110
10887,0.816244,60,29,98,0.006224,2.454139
10888,0.816207,60,29,98,0.006223,2.454183
10889,0.816219,60,29,98,0.006223,2.454215
10890,0.816215,60,29,98,0.006222,2.454256
10891,0.816218,60,29,98,0.006222,2.454295
10892,0.816185,60,29,98,0.006221,2.454343
10893,0.816197,60,29,98,0.006221,2.454374
10894,0.816194,60,29,98,0.006221,2.454414
10895,0.816205,60,29,98,0.006221,2.454449
10896,0.816215,60,29,98,0.006221,2.454483
10897,0.816225,60,29,98,0.006221,2.454518
10898,0.816241,60,29,98,0.006222,2.454547
10899,0.816253,60,29,98,0.006222,2.454577
10900,0.816261,60,29,98,0.006222,2.454611
10901,0.816249,60,29,98,0.006221,2.454658
10902,0.816254,60,29,98,0.006221,2.454695
10903,0.816256,60,29,98,0.006221,2.454733
10904,0.816250,60,29,98,0.006220,2.454775
10905,0.816245,60,29,98,0.006219,2.454815
10906,0.816254,60,29,98,0.006219,2.454850
10907,0.816262,60,29,98,0.006219,2.454885
10908,0.816276,60,29,98,0.006220,2.454915
10909,0.816287,60,29,98,0.006220,2.454948
10910,0.816280,60,29,98,0.006219,2.454991
10911,0.816285,60,29,98,0.006219,2.455028
10912,0.816298,60,29,98,0.006219,2.455058
10913,0.816312,60,29,98,0.006220,2.455087
10914,0.816323,60,29,98,0.006220,2.455121
10915,0.816340,60,29,98,0.006222,2.455149
10916,0.816353,60,29,98,0.006223,2.455178
10917,0.816338,60,29,98,0.006222,2.455225
10918,0.816352,60,29,98,0.006222,2.455255
10919,0.816346,60,29,98,0.006222,2.455296
10920,0.816345,60,29,98,0.006221,2.455335
10921,0.816337,60,29,98,0.006220,2.455379
10922,0.816320,60,29,98,0.006219,2.455428
10923,0.816336,60,29,98,0.006221,2.455456
10924,0.816329,60,29,98,0.006220,2.455500
10925,0.816338,60,29,98,0.006220,2.455535
10926,0.816339,60,29,98,0.006219,2.455574
10927,0.816304,60,29,98,0.006218,2.455620
10928,0.816309,60,29,98,0.006218,2.455657
10929,0.816319,60,29,98,0.006218,2.455691
10930,0.816318,60,29,98,0.006218,2.455730
10931,0.816322,60,29,98,0.006217,2.455768
10932,0.816338,60,29,98,0.006219,2.455797
10933,0.816338,60,29,98,0.006218,2.455836
10934,0.816346,60,29,98,0.006218,2.455871
10935,0.816304,60,29,98,0.006217,2.455902
10936,0.816313,60,29,98,0.006217,2.455936
10937,0.816320,60,29,98,0.006217,2.455971
10938,0.816335,60,29,98,0.006218,2.456000
10939,0.816327,60,29,98,0.006217,2.456044
10940,0.816334,60,29,98,0.006217,2.456078
10941,0.816351,60,29,98,0.006219,2.456106
10942,0.816321,60,29,98,0.006218,2.456153
10943,0.816324,60,29,98,0.006217,2.456193
10944,0.816282,60,29,98,0.006216,2.456224
10945,0.816269,60,29,98,0.006215,2.456272
10946,0.816284,60,29,98,0.006216,2.456300
10947,0.816284,60,29,98,0.006216,2.456340
10948,0.816288,60,29,98,0.006215,2.456377
10949,0.816300,60,29,98,0.006216,2.456411
10950,0.816297,60,29,98,0.006215,2.456452
10951,0.816275,60,30,98,0.006214,2.456501
10952,0.816291,60,29,98,0.006215,2.456530
10953,0.816308,60,29,98,0.006217,2.456562
10954,0.816325,60,29,98,0.006219,2.456592
10955,0.816331,60,29,98,0.006219,2.456626
10956,0.816279,60,29,98,0.006218,2.456624
10957,0.816271,60,29,98,0.006217,2.456667
10958,0.816281,60,29,98,0.006217,2.456702
10959,0.816298,60,29,98,0.006219,2.456729
10960,0.816296,60,29,98,0.006218,2.456768
10961,0.816312,60,29,98,0.006219,2.456796
10962,0.816302,60,29,98,0.006219,2.456841
10963,0.816241,60,29,98,0.006218,2.456751
10964,0.816254,60,29,98,0.006218,2.456781
10965,0.816223,60,29,98,0.006217,2.456827
10966,0.816240,60,29,98,0.006219,2.456854
10967,0.816256,60,29,98,0.006220,2.456882
10968,0.816210,60,29,98,0.006219,2.456906
10969,0.816216,60,29,98,0.006219,2.456942
10970,0.816221,60,29,98,0.006219,2.456979
10971,0.816218,60,29,98,0.006218,2.457018
10972,0.816234,60,29,98,0.006219,2.457048
10973,0.816202,60,29,98,0.006218,2.457095
10974,0.816196,60,29,98,0.006218,2.457137
10975,0.816208,60,29,98,0.006218,2.457167
10976,0.816224,60,29,98,0.006220,2.457195
10977,0.816234,60,29,98,0.006220,2.457230
10978,0.816247,60,29,98,0.006220,2.457260
10979,0.816223,60,29,98,0.006219,2.457308
10980,0.816235,60,29,98,0.006219,2.457342
10981,0.816251,60,29,98,0.006221,2.457369
10982,0.816247,60,29,98,0.006220,2.457410
10983,0.816260,60,29,98,0.006221,2.457438
10984,0.816269,60,29,98,0.006221,2.457473
10985,0.816282,60,29,98,0.006222,2.457502
10986,0.816282,60,29,98,0.006221,2.457541
10987,0.816258,60,29,98,0.006220,2.457589
10988,0.816255,60,29,98,0.006219,2.457630
10989,0.816223,60,29,98,0.006218,2.457677
10990,0.816231,60,29,98,0.006218,2.457711
10991,0.816234,60,29,98,0.006218,2.457749
10992,0.816223,60,29,98,0.006217,2.457795
10993,0.816164,60,29,98,0.006216,2.457741
10994,0.816176,60,29,98,0.006216,2.457774
10995,0.816168,60,29,98,0.006215,2.457817
10996,0.816166,60,29,98,0.006215,2.457856
10997,0.816178,60,29,98,0.006215,2.457886
10998,0.816190,60,29,98,0.006215,2.457919
10999,0.816202,60,29,98,0.006216,2.457949
11000,0.816211,60,29,98,0.006216,2.457983
11001,0.816226,60,29,98,0.006217,2.458012
11002,0.816197,60,29,98,0.006216,2.458058
11003,0.816194,60,29,98,0.006215,2.458097
11004,0.816204,60,29,98,0.006215,2.458132
11005,0.816210,60,29,98,0.006215,2.458166
11006,0.816206,60,29,98,0.006214,2.458207
11007,0.816213,60,29,98,0.006214,2.458241
11008,0.816222,60,29,98,0.006214,2.458275
11009,0.816187,60,30,98,0.006213,2.458320
11010,0.816197,60,30,98,0.006213,2.458354
11011,0.816170,60,30,98,0.006212,2.458401
11012,0.816153,60,30,98,0.006211,2.458449
11013,0.816120,60,30,98,0.006210,2.458496
11014,0.816101,60,30,98,0.006209,2.458545
11015,0.816117,60,30,98,0.006211,2.458571
11016,0.816131,60,30,98,0.006212,2.458601
11017,0.816126,60,30,98,0.006211,2.458641
11018,0.816140,60,30,98,0.006212,2.458671
11019,0.816106,60,30,98,0.006211,2.458717
11020,0.816054,60,30,98,0.006210,2.458708
11021,0.816059,60,30,98,0.006209,2.458745
11022,0.816070,60,30,98,0.006209,2.458778
11023,0.816076,60,30,98,0.006209,2.458814
11024,0.816086,60,30,98,0.006209,2.458848
11025,0.816101,60,30,98,0.006210,2.458877
11026,0.816117,60,30,98,0.006211,2.458905
11027,0.816115,60,30,98,0.006211,2.458943
11028,0.816126,60,30,98,0.006211,2.458977
11029,0.816105,60,30,98,0.006210,2.459026
11030,0.816100,60,30,98,0.006209,2.459066
11031,0.816097,60,30,98,0.006209,2.459106
11032,0.816027,60,30,98,0.006208,2.458777
11033,0.816041,60,30,98,0.006208,2.458807
11034,0.816049,60,30,98,0.006208,2.458841
11035,0.816060,60,30,98,0.006208,2.458875
11036,0.816061,60,30,98,0.006208,2.458913
11037,0.816001,60,30,98,0.006207,2.458840
11038,0.816015,60,30,98,0.006207,2.458870
11039,0.816003,60,30,98,0.006207,2.458916
11040,0.816019,60,30,98,0.006209,2.458943
11041,0.816027,60,30,98,0.006208,2.458977
11042,0.816044,60,30,98,0.006210,2.459007
11043,0.816034,60,30,98,0.006209,2.459050
11044,0.816048,60,30,98,0.006210,2.459080
11045,0.816064,60,30,98,0.006211,2.459108
11046,0.816069,60,30,98,0.006211,2.459145
11047,0.816086,60,30,98,0.006213,2.459171
11048,0.816064,60,30,98,0.006212,2.459220
11049,0.816080,60,30,98,0.006214,2.459246
11050,0.816086,60,30,98,0.006213,2.459282
11051,0.816049,60,30,98,0.006212,2.459325
11052,0.816061,60,30,98,0.006213,2.459354
11053,0.816051,60,30,98,0.006212,2.459399
11054,0.816059,60,30,98,0.006212,2.459434
11055,0.816068,60,30,98,0.006212,2.459468
11056,0.816067,60,30,98,0.006211,2.459506
11057,0.816030,60,30,98,0.006210,2.459548
11058,0.816041,60,30,98,0.006210,2.459581
11059,0.816055,60,30,98,0.006211,2.459611
11060,0.816057,60,30,98,0.006211,2.459650
11061,0.816021,60,30,98,0.006210,2.459692
11062,0.816030,60,30,98,0.006209,2.459727
11063,0.816039,60,30,98,0.006209,2.459760
11064,0.816056,60,30,98,0.006212,2.459793
11065,0.816067,60,30,98,0.006212,2.459826
11066,0.816082,60,30,98,0.006213,2.459855
11067,0.816093,60,30,98,0.006213,2.459888
11068,0.816110,60,30,98,0.006215,2.459920
11069,0.816118,60,30,98,0.006215,2.459954
11070,0.815974,60,30,98,0.006216,2.460518
11071,0.815986,60,30,98,0.006216,2.460550
11072,0.816002,60,30,98,0.006217,2.460578
11073,0.816012,60,30,98,0.006217,2.460613
11074,0.815994,60,30,98,0.006216,2.460661
11075,0.816009,60,30,98,0.006217,2.460690
11076,0.816024,60,29,98,0.006218,2.460719
11077,0.816027,60,29,98,0.006218,2.460757
11078,0.816044,60,29,98,0.006220,2.460783
11079,0.816017,60,29,98,0.006219,2.460830
11080,0.816021,60,29,98,0.006218,2.460868
11081,0.816029,60,30,98,0.006218,2.460903
11082,0.816032,60,30,98,0.006218,2.460942
11083,0.816047,60,29,98,0.006219,2.460970
11084,0.816022,60,30,98,0.006218,2.461018
11085,0.816031,60,30,98,0.006217,2.461052
11086,0.816019,60,30,98,0.006217,2.461098
11087,0.816023,60,30,98,0.006216,2.461135
11088,0.815984,60,30,98,0.006215,2.461171
11089,0.815998,60,30,98,0.006216,2.461201
11090,0.815995,60,30,98,0.006215,2.461240
11091,0.815962,60,30,98,0.006214,2.461286
11092,0.815975,60,30,98,0.006215,2.461314
11093,0.815929,60,30,98,0.006214,2.461337
11094,0.815946,60,30,98,0.006216,2.461364
11095,0.815930,60,30,98,0.006215,2.461411
11096,0.816090,60,29,98,0.006220,2.461188
11097,0.816089,60,29,98,0.006219,2.461226
11098,0.816064,60,29,98,0.006218,2.461274
11099,0.816068,60,30,98,0.006218,2.461311
11100,0.816063,60,30,98,0.006217,2.461351
11101,0.816045,60,30,98,0.006216,2.461400
11102,0.815994,60,30,98,0.006215,2.461395
11103,0.816006,60,30,98,0.006216,2.461425
11104,0.816008,60,30,98,0.006215,2.461464
11105,0.816024,60,30,98,0.006217,2.461492
11106,0.815993,60,30,98,0.006216,2.461539
11107,0.816008,60,29,98,0.006217,2.461567
11108,0.816015,60,30,98,0.006217,2.461601
11109,0.816025,60,30,98,0.006217,2.461635
11110,0.816018,60,30,98,0.006216,2.461677
11111,0.815992,60,30,98,0.006215,2.461723
11112,0.815994,60,30,98,0.006214,2.461762
11113,0.816010,60,30,98,0.006216,2.461791
11114,0.816004,60,30,98,0.006215,2.461832
11115,0.815953,60,30,98,0.006214,2.461829
11116,0.815964,60,30,98,0.006214,2.461861
11117,0.815980,60,30,98,0.006216,2.461890
11118,0.815996,60,30,98,0.006218,2.461916
11119,0.816013,60,29,98,0.006220,2.461947
11120,0.816011,60,30,98,0.006219,2.461986
11121,0.815952,60,30,98,0.006218,2.461921
11122,0.815962,60,30,98,0.006218,2.461955
11123,0.815912,60,30,98,0.006217,2.461959
11124,0.815882,60,30,98,0.006216,2.462005
11125,0.815896,60,30,98,0.006217,2.462033
11126,0.815879,60,30,98,0.006216,2.462080
11127,0.815868,60,30,98,0.006215,2.462126
11128,0.815808,60,30,98,0.006214,2.462049
11129,0.815815,60,30,98,0.006214,2.462083
11130,0.815818,60,30,98,0.006213,2.462122
11131,0.815809,60,30,98,0.006213,2.462165
11132,0.815815,60,30,98,0.006212,2.462201
11133,0.815810,60,30,98,0.006212,2.462241
11134,0.815819,60,30,98,0.006212,2.462274
11135,0.815819,60,30,98,0.006211,2.462313
11136,0.815803,60,30,98,0.006210,2.462360
11137,0.815818,60,30,98,0.006212,2.462388
11138,0.815834,60,30,98,0.006213,2.462416
11139,0.815830,60,30,98,0.006212,2.462455
11140,0.815846,60,30,98,0.006214,2.462481
11141,0.815794,60,30,98,0.006213,2.462473
11142,0.815811,60,30,98,0.006215,2.462502
11143,0.815826,60,30,98,0.006216,2.462532
11144,0.815842,60,30,98,0.006218,2.462558
11145,0.815848,60,30,98,0.006217,2.462592
11146,0.815840,60,30,98,0.006217,2.462635
11147,0.815826,60,30,98,0.006216,2.462682
11148,0.815819,60,30,98,0.006215,2.462725
11149,0.815802,60,30,98,0.006214,2.462772
11150,0.815819,60,30,98,0.006216,2.462803
11151,0.815835,60,30,98,0.006218,2.462831
11152,0.815835,60,30,98,0.006217,2.462870
11153,0.815848,60,30,98,0.006218,2.462899
11154,0.815862,60,30,98,0.006218,2.462928
11155,0.815835,60,30,98,0.006217,2.462974
11156,0.815830,60,30,98,0.006217,2.463014
11157,0.815826,60,30,98,0.006216,2.463053
11158,0.815814,60,30,98,0.006215,2.463099
11159,0.815826,60,30,98,0.006216,2.463128
11160,0.815808,60,30,98,0.006215,2.463175
11161,0.815823,60,30,98,0.006216,2.463204
11162,0.815823,60,30,98,0.006215,2.463242
11163,0.815818,60,30,98,0.006215,2.463283
11164,0.815832,60,30,98,0.006215,2.463312
11165,0.815780,60,30,98,0.006214,2.463300
11166,0.815780,60,30,98,0.006214,2.463338
11167,0.815743,60,30,98,0.006213,2.463378
11168,0.815748,60,30,98,0.006212,2.463413
11169,0.815749,60,30,98,0.006212,2.463452
11170,0.815757,60,30,98,0.006212,2.463485
11171,0.815766,60,30,98,0.006212,2.463519
11172,0.815783,60,30,98,0.006214,2.463545
11173,0.815800,60,30,98,0.006216,2.463577
11174,0.815804,60,30,98,0.006216,2.463614
11175,0.815820,60,30,98,0.006217,2.463642
11176,0.815835,60,30,98,0.006218,2.463671
11177,0.815823,60,30,98,0.006217,2.463718
11178,0.815837,60,30,98,0.006218,2.463746
11179,0.815851,60,29,98,0.006219,2.463775
11180,0.815867,60,29,98,0.006220,2.463803
11181,0.815866,60,29,98,0.006220,2.463841
11182,0.815883,60,29,98,0.006222,2.463872
11183,0.815880,60,29,98,0.006221,2.463911
11184,0.815882,60,29,98,0.006221,2.463950
11185,0.815897,60,29,98,0.006222,2.463978
11186,0.815884,60,29,98,0.006221,2.464025
11187,0.815897,60,29,98,0.006221,2.464055
11188,0.815909,60,29,98,0.006222,2.464084
11189,0.815920,60,29,98,0.006222,2.464118
11190,0.815921,60,29,98,0.006221,2.464156
11191,0.815932,60,29,98,0.006221,2.464188
11192,0.815942,60,29,98,0.006222,2.464222
11193,0.815951,60,29,98,0.006221,2.464256
11194,0.815952,60,29,98,0.006221,2.464294
11195,0.815949,60,29,98,0.006220,2.464332
11196,0.815914,60,29,98,0.006219,2.464375
11197,0.815922,60,30,98,0.006219,2.464409
11198,0.815922,60,30,98,0.006219,2.464447
11199,0.815935,60,29,98,0.006219,2.464476
11200,0.815941,60,30,98,0.006219,2.464510
11201,0.815956,60,29,98,0.006220,2.464538
11202,0.815970,60,29,98,0.006221,2.464567
11203,0.815986,60,29,98,0.006222,2.464596
11204,0.815974,60,29,98,0.006221,2.464641
11205,0.815987,60,29,98,0.006222,2.464671
11206,0.815972,60,29,98,0.006221,2.464717
11207,0.815978,60,29,98,0.006221,2.464752
11208,0.815975,60,29,98,0.006220,2.464790
11209,0.815982,60,29,98,0.006220,2.464824
11210,0.815995,60,29,98,0.006221,2.464853
11211,0.815996,60,29,98,0.006220,2.464891
11212,0.816011,60,29,98,0.006221,2.464918
11213,0.816028,60,29,98,0.006224,2.464950
11214,0.815984,60,29,98,0.006223,2.464975
11215,0.816000,60,29,98,0.006224,2.465003
11216,0.816016,60,29,98,0.006225,2.465031
11217,0.815964,60,29,98,0.006224,2.465023
11218,0.815977,60,29,98,0.006225,2.465052
11219,0.815992,60,29,98,0.006226,2.465080
11220,0.815994,60,29,98,0.006225,2.465118
11221,0.815933,60,29,98,0.006224,2.465023
11222,0.815942,60,29,98,0.006224,2.465057
11223,0.815957,60,29,98,0.006225,2.465084
11224,0.815974,60,29,98,0.006227,2.465112
11225,0.815988,60,29,98,0.006228,2.465140
11226,0.815990,60,29,98,0.006228,2.465178
11227,0.815949,60,29,98,0.006227,2.465211
11228,0.815956,60,29,98,0.006227,2.465244
11229,0.815963,60,29,98,0.006226,2.465278
11230,0.815964,60,29,98,0.006226,2.465316
11231,0.815981,60,29,98,0.006228,2.465347
11232,0.815998,60,29,98,0.006230,2.465378
11233,0.816006,60,29,98,0.006230,2.465412
11234,0.816016,60,29,98,0.006230,2.465445
11235,0.816016,60,29,98,0.006230,2.465483
11236,0.815978,60,29,98,0.006229,2.465523
11237,0.815992,60,29,98,0.006229,2.465551
11238,0.816000,60,29,98,0.006229,2.465585
11239,0.816010,60,29,98,0.006229,2.465618
11240,0.816002,60,29,98,0.006229,2.465661
11241,0.816010,60,29,98,0.006228,2.465695
11242,0.816009,60,29,98,0.006228,2.465733
11243,0.816023,60,29,98,0.006229,2.465761
11244,0.816040,60,29,98,0.006231,2.465790
11245,0.816052,59,29,98,0.006231,2.465819
11246,0.816032,60,29,98,0.006230,2.465868
11247,0.816048,59,29,98,0.006231,2.465895
11248,0.816051,60,29,98,0.006231,2.465933
11249,0.816058,59,29,98,0.006231,2.465967
11250,0.816070,59,29,98,0.006231,2.465996
11251,0.816087,59,29,98,0.006233,2.466023
11252,0.816092,59,29,98,0.006233,2.466058
11253,0.816108,59,29,98,0.006234,2.466086
11254,0.816115,59,29,98,0.006234,2.466119
11255,0.816128,59,29,98,0.006235,2.466148
11256,0.816140,59,29,98,0.006235,2.466177
11257,0.816095,59,29,98,0.006234,2.466198
11258,0.816106,59,29,98,0.006234,2.466231
11259,0.816123,59,29,98,0.006236,2.466260
11260,0.816126,59,29,98,0.006236,2.466297
11261,0.816141,59,29,98,0.006237,2.466326
11262,0.816118,59,29,98,0.006236,2.466373
11263,0.816131,59,29,98,0.006237,2.466402
11264,0.816127,59,29,98,0.006236,2.466441
11265,0.816224,59,29,98,0.006235,2.465400
11266,0.816223,59,29,98,0.006235,2.465438
11267,0.816225,59,29,98,0.006234,2.465476
11268,0.816233,59,29,98,0.006234,2.465509
11269,0.816247,59,29,98,0.006235,2.465538
11270,0.816236,59,29,98,0.006234,2.465583
11271,0.816253,59,29,98,0.006236,2.465614
11272,0.816269,59,29,98,0.006238,2.465642
11273,0.816256,59,29,98,0.006237,2.465687
11274,0.816265,59,29,98,0.006237,2.465720
11275,0.816280,59,29,98,0.006238,2.465748
11276,0.816293,59,29,98,0.006239,2.465777
11277,0.816309,59,29,98,0.006241,2.465807
11278,0.816272,59,29,98,0.006240,2.465846
11279,0.816265,59,29,98,0.006239,2.465889
11280,0.816275,59,29,98,0.006239,2.465922
11281,0.816289,59,29,98,0.006240,2.465951
11282,0.816295,59,29,98,0.006240,2.465985
11283,0.816306,59,29,98,0.006240,2.466017
11284,0.816323,59,29,98,0.006242,2.466047
11285,0.816313,59,29,98,0.006241,2.466092
11286,0.816308,59,29,98,0.006240,2.466132
11287,0.816323,59,29,98,0.006241,2.466160
11288,0.816291,59,29,98,0.006240,2.466206
11289,0.816304,59,29,98,0.006241,2.466235
11290,0.816321,59,29,98,0.006243,2.466264
11291,0.816326,59,29,98,0.006243,2.466300
11292,0.816330,59,29,98,0.006242,2.466337
11293,0.816295,59,29,98,0.006241,2.466379
11294,0.816290,59,29,98,0.006241,2.466418
11295,0.816305,59,29,98,0.006242,2.466446
11296,0.816318,59,29,98,0.006242,2.466475
11297,0.816311,59,29,98,0.006241,2.466516
11298,0.816278,59,29,98,0.006240,2.466561
11299,0.816291,59,29,98,0.006241,2.466589
11300,0.816278,59,29,98,0.006240,2.466636
11301,0.816278,59,29,98,0.006240,2.466674
11302,0.816294,59,29,98,0.006242,2.466700
11303,0.816309,59,29,98,0.006243,2.466728
11304,0.816323,59,29,98,0.006243,2.466757
11305,0.816337,59,29,98,0.006244,2.466786
11306,0.816354,59,29,98,0.006246,2.466816
11307,0.816309,59,29,98,0.006245,2.466836
11308,0.816318,59,29,98,0.006245,2.466870
11309,0.816319,59,29,98,0.006245,2.466907
11310,0.816295,59,29,98,0.006244,2.466954
11311,0.816289,59,29,98,0.006243,2.466995
11312,0.816297,59,29,98,0.006243,2.467028
11313,0.816310,59,29,98,0.006244,2.467056
11314,0.816311,59,29,98,0.006243,2.467094
11315,0.816328,59,29,98,0.006245,2.467121
11316,0.816337,59,29,98,0.006245,2.467154
11317,0.816287,59,29,98,0.006244,2.467152
11318,0.816269,59,29,98,0.006243,2.467200
11319,0.816260,59,29,98,0.006242,2.467244
11320,0.816268,59,29,98,0.006242,2.467277
11321,0.816284,59,29,98,0.006244,2.467302
11322,0.816297,59,29,98,0.006245,2.467331
11323,0.816307,59,29,98,0.006245,2.467364
11324,0.816319,59,29,98,0.006245,2.467392
11325,0.816260,59,29,98,0.006244,2.467312
11326,0.816271,59,29,98,0.006244,2.467344
11327,0.816255,59,29,98,0.006243,2.467391
11328,0.816268,59,29,98,0.006244,2.467419
11329,0.816282,59,29,98,0.006245,2.467447
11330,0.816261,59,29,98,0.006244,2.467495
11331,0.816273,59,29,98,0.006244,2.467524
11332,0.816282,59,29,98,0.006244,2.467558
11333,0.816266,59,29,98,0.006243,2.467604
11334,0.816274,59,29,98,0.006243,2.467637
11335,0.816265,59,29,98,0.006243,2.467679
11336,0.816265,59,29,98,0.006242,2.467717
11337,0.816273,59,29,98,0.006242,2.467750
11338,0.816276,59,29,98,0.006241,2.467787
11339,0.816290,59,29,98,0.006242,2.467816
11340,0.816304,59,29,98,0.006243,2.467844
11341,0.816317,59,29,98,0.006244,2.467872
11342,0.816288,59,29,98,0.006243,2.467918
11343,0.816303,59,29,98,0.006244,2.467946
11344,0.816299,59,29,98,0.006243,2.467985
11345,0.816286,59,29,98,0.006242,2.468031
11346,0.816299,59,29,98,0.006243,2.468059
11347,0.816311,59,29,98,0.006243,2.468088
11348,0.816319,59,29,98,0.006243,2.468121
11349,0.816335,59,29,98,0.006245,2.468151
11350,0.816340,59,29,98,0.006245,2.468186
11351,0.816341,59,29,98,0.006245,2.468223
11352,0.816318,59,29,98,0.006244,2.468270
11353,0.816308,59,29,98,0.006243,2.468313
11354,0.816301,59,29,98,0.006242,2.468355
11355,0.816296,59,29,98,0.006241,2.468396
11356,0.816296,59,29,98,0.006241,2.468433
11357,0.816310,59,29,98,0.006242,2.468460
11358,0.816288,59,29,98,0.006241,2.468508
11359,0.816287,59,29,98,0.006240,2.468546
11360,0.816301,59,29,98,0.006241,2.468574
11361,0.816317,59,29,98,0.006243,2.468601
11362,0.816285,59,29,98,0.006242,2.468647
11363,0.816279,59,29,98,0.006241,2.468687
11364,0.816285,59,29,98,0.006241,2.468722
11365,0.816301,59,29,98,0.006243,2.468752
11366,0.816294,59,29,98,0.006242,2.468794
11367,0.816257,59,29,98,0.006241,2.468833
11368,0.816261,59,29,98,0.006241,2.468870
11369,0.816259,59,29,98,0.006240,2.468908
11370,0.816274,59,29,98,0.006241,2.468935
11371,0.816279,59,29,98,0.006241,2.468971
11372,0.816281,59,29,98,0.006240,2.469009
11373,0.816282,59,29,98,0.006240,2.469046
11374,0.816265,59,29,98,0.006239,2.469092
11375,0.816085,59,29,98,0.006238,2.466886
11376,0.816102,59,29,98,0.006240,2.466914
11377,0.816088,59,29,98,0.006240,2.466959
11378,0.816101,59,29,98,0.006240,2.466988
11379,0.816116,59,29,98,0.006241,2.467016
11380,0.816090,59,29,98,0.006240,2.467061
11381,0.816099,59,29,98,0.006240,2.467095
11382,0.816109,59,29,98,0.006240,2.467128
11383,0.816123,59,29,98,0.006241,2.467156
11384,0.816130,59,29,98,0.006241,2.467190
11385,0.816143,59,29,98,0.006241,2.467218
11386,0.816159,59,29,98,0.006243,2.467245
11387,0.816161,59,29,98,0.006242,2.467283
11388,0.816151,59,29,98,0.006242,2.467325
11389,0.816165,59,29,98,0.006242,2.467353
11390,0.816177,59,29,98,0.006243,2.467382
11391,0.816191,59,29,98,0.006243,2.467410
11392,0.816178,59,29,98,0.006243,2.467455
11393,0.816099,59,29,98,0.006242,2.465781
11394,0.816077,59,29,98,0.006241,2.465829
11395,0.816082,59,29,98,0.006240,2.465865
11396,0.816098,59,29,98,0.006242,2.465893
11397,0.816111,59,29,98,0.006243,2.465920
11398,0.816070,59,29,98,0.006242,2.465949
11399,0.816073,59,29,98,0.006241,2.465986
11400,0.816058,59,29,98,0.006241,2.466032
11401,0.816070,59,29,98,0.006241,2.466061
11402,0.816035,59,29,98,0.006240,2.466102
11403,0.816025,59,29,98,0.006239,2.466146
11404,0.816022,59,29,98,0.006239,2.466185
11405,0.816027,59,29,98,0.006238,2.466220
11406,0.816040,59,29,98,0.006239,2.466249
11407,0.816053,59,29,98,0.006240,2.466277
11408,0.816044,59,29,98,0.006239,2.466320
11409,0.816046,59,29,98,0.006238,2.466358
11410,0.816021,59,29,98,0.006237,2.466404
11411,0.816016,60,29,98,0.006237,2.466443
11412,0.816012,60,29,98,0.006236,2.466482
11413,0.816024,60,29,98,0.006237,2.466510
11414,0.816020,60,29,98,0.006236,2.466549
11415,0.816025,60,29,98,0.006236,2.466585
11416,0.816037,60,29,98,0.006236,2.466613
11417,0.816052,60,29,98,0.006237,2.466641
11418,0.816060,60,29,98,0.006237,2.466674
11419,0.816075,59,29,98,0.006238,2.466702
11420,0.816085,59,29,98,0.006238,2.466735
11421,0.816098,59,29,98,0.006239,2.466763
11422,0.816101,59,29,98,0.006238,2.466801
11423,0.816086,59,29,98,0.006237,2.466846
11424,0.816102,59,29,98,0.006239,2.466872
11425,0.816089,59,29,98,0.006238,2.466917
11426,0.816105,59,29,98,0.006240,2.466946
11427,0.816111,59,29,98,0.006240,2.466980
11428,0.816101,60,29,98,0.006239,2.467024
11429,0.816101,60,29,98,0.006239,2.467062
11430,0.816109,60,29,98,0.006239,2.467095
11431,0.816121,59,29,98,0.006239,2.467124
11432,0.816111,60,29,98,0.006238,2.467167
11433,0.816114,60,29,98,0.006238,2.467205
11434,0.816090,60,29,98,0.006237,2.467250
11435,0.816082,60,29,98,0.006236,2.467293
11436,0.816092,60,29,98,0.006236,2.467326
11437,0.816107,60,29,98,0.006237,2.467353
11438,0.816101,60,29,98,0.006237,2.467393
11439,0.816116,60,29,98,0.006238,2.467420
11440,0.816108,60,29,98,0.006237,2.467463
11441,0.816118,60,29,98,0.006237,2.467496
11442,0.816127,60,29,98,0.006237,2.467528
11443,0.816138,59,29,98,0.006238,2.467557
11444,0.816095,60,29,98,0.006237,2.467580
11445,0.816110,59,29,98,0.006238,2.467607
11446,0.816079,60,29,98,0.006237,2.467652
11447,0.816093,59,29,98,0.006237,2.467681
11448,0.816065,60,29,98,0.006236,2.467726
11449,0.816079,59,29,98,0.006237,2.467754
11450,0.816092,59,29,98,0.006238,2.467782
11451,0.816108,59,29,98,0.006239,2.467810
11452,0.816088,59,29,98,0.006238,2.467858
11453,0.816089,59,29,98,0.006238,2.467895
11454,0.816105,59,29,98,0.006240,2.467921
11455,0.816114,59,29,98,0.006240,2.467954
11456,0.816126,59,29,98,0.006240,2.467982
11457,0.816133,59,29,98,0.006240,2.468015
11458,0.816133,59,29,98,0.006240,2.468052
11459,0.816127,59,29,98,0.006239,2.468092
11460,0.816138,59,29,98,0.006239,2.468124
11461,0.816150,59,29,98,0.006240,2.468152
11462,0.816161,59,29,98,0.006240,2.468180
11463,0.816130,59,29,98,0.006239,2.468225
11464,0.816142,59,29,98,0.006239,2.468254
11465,0.816134,59,29,98,0.006239,2.468296
11466,0.816131,59,29,98,0.006238,2.468335
11467,0.816147,59,29,98,0.006240,2.468362
11468,0.816151,59,29,98,0.006240,2.468399
11469,0.816161,59,29,98,0.006240,2.468432
11470,0.816161,59,29,98,0.006239,2.468468
11471,0.816156,59,29,98,0.006238,2.468508
11472,0.816168,59,29,98,0.006239,2.468539
11473,0.816180,59,29,98,0.006239,2.468567
11474,0.816180,59,29,98,0.006239,2.468604
11475,0.816122,59,29,98,0.006238,2.468530
11476,0.816118,59,29,98,0.006237,2.468568
11477,0.816126,59,29,98,0.006237,2.468601
11478,0.816089,59,29,98,0.006236,2.468639
11479,0.816067,60,29,98,0.006235,2.468686
11480,0.816077,59,29,98,0.006235,2.468719
11481,0.816088,59,29,98,0.006235,2.468751
11482,0.816090,59,29,98,0.006235,2.468789
11483,0.816107,59,29,98,0.006237,2.468816
11484,0.816113,59,29,98,0.006236,2.468849
11485,0.816105,59,29,98,0.006236,2.468891
11486,0.816101,59,29,98,0.006235,2.468930
11487,0.816110,59,29,98,0.006235,2.468962
11488,0.816114,59,29,98,0.006235,2.468999
11489,0.816123,59,29,98,0.006235,2.469032
11490,0.816138,59,29,98,0.006236,2.469059
11491,0.816100,59,29,98,0.006235,2.469094
11492,0.816100,59,29,98,0.006234,2.469131
11493,0.816104,60,29,98,0.006234,2.469167
11494,0.816115,59,29,98,0.006234,2.469195
11495,0.816130,59,29,98,0.006236,2.469222
11496,0.816123,59,29,98,0.006235,2.469264
11497,0.816129,59,29,98,0.006235,2.469297
11498,0.816097,59,29,98,0.006234,2.469341
11499,0.816085,60,29,98,0.006233,2.469386
11500,0.816089,60,29,98,0.006232,2.469422
11501,0.816101,60,29,98,0.006233,2.469450
11502,0.816100,60,29,98,0.006232,2.469488
11503,0.816105,60,29,98,0.006232,2.469522
11504,0.816120,60,29,98,0.006233,2.469549
11505,0.816136,60,29,98,0.006235,2.469576
11506,0.816147,59,29,98,0.006235,2.469609
11507,0.816136,60,29,98,0.006234,2.469653
11508,0.816153,59,29,98,0.006236,2.469683
11509,0.816147,60,29,98,0.006235,2.469722
11510,0.816163,59,29,98,0.006237,2.469749
11511,0.816174,59,29,98,0.006237,2.469777
11512,0.816141,59,29,98,0.006236,2.469820
11513,0.816154,59,29,98,0.006237,2.469848
11514,0.816166,59,29,98,0.006237,2.469876
11515,0.816106,59,29,98,0.006236,2.469764
11516,0.816115,59,29,98,0.006236,2.469796
11517,0.816120,59,29,98,0.006236,2.469831
11518,0.816121,59,29,98,0.006235,2.469867
11519,0.816101,60,29,98,0.006234,2.469915
11520,0.816117,59,29,98,0.006236,2.469942
11521,0.816099,60,29,98,0.006235,2.469990
11522,0.816112,59,29,98,0.006236,2.470018
11523,0.816127,59,29,98,0.006237,2.470045
11524,0.816140,59,29,98,0.006237,2.470073
11525,0.816149,59,29,98,0.006237,2.470106
11526,0.816159,59,29,98,0.006237,2.470139
11527,0.816174,59,29,98,0.006239,2.470167
11528,0.816169,59,29,98,0.006238,2.470205
11529,0.816182,59,29,98,0.006239,2.470233
11530,0.816188,59,29,98,0.006238,2.470266
11531,0.816197,59,29,98,0.006238,2.470299
11532,0.816193,59,29,98,0.006238,2.470337
11533,0.816205,59,29,98,0.006238,2.470365
11534,0.816217,59,29,98,0.006238,2.470396
11535,0.816227,59,29,98,0.006238,2.470428
11536,0.816233,59,29,98,0.006238,2.470462
11537,0.816217,59,29,98,0.006237,2.470508
11538,0.816166,59,29,98,0.006236,2.470492
11539,0.816169,59,29,98,0.006236,2.470530
11540,0.816175,59,29,98,0.006236,2.470562
11541,0.816174,59,29,98,0.006235,2.470600
11542,0.816190,59,29,98,0.006237,2.470625
11543,0.816201,59,29,98,0.006237,2.470656
11544,0.816212,59,29,98,0.006237,2.470688
11545,0.816206,59,29,98,0.006237,2.470726
11546,0.816221,59,29,98,0.006238,2.470753
11547,0.816184,59,29,98,0.006237,2.470790
11548,0.816176,59,29,98,0.006236,2.470832
11549,0.816192,59,29,98,0.006238,2.470860
11550,0.816172,59,29,98,0.006237,2.470907
11551,0.816180,59,29,98,0.006237,2.470939
11552,0.816189,59,29,98,0.006237,2.470972
11553,0.816182,59,29,98,0.006236,2.471013
11554,0.816199,59,29,98,0.006238,2.471042
11555,0.816213,59,29,98,0.006239,2.471070
11556,0.816222,59,29,98,0.006239,2.471102
11557,0.816230,59,29,98,0.006239,2.471135
11558,0.816246,59,29,98,0.006240,2.471163
11559,0.816254,59,29,98,0.006240,2.471195
11560,0.816268,59,29,98,0.006241,2.471222
11561,0.816283,59,29,98,0.006242,2.471249
11562,0.816267,59,29,98,0.006241,2.471294
11563,0.816255,59,29,98,0.006241,2.471339
11564,0.816269,59,29,98,0.006241,2.471367
11565,0.816277,59,29,98,0.006241,2.471399
11566,0.816276,59,29,98,0.006241,2.471435
11567,0.816263,59,29,98,0.006240,2.471480
11568,0.816278,59,29,98,0.006241,2.471507
11569,0.816281,59,29,98,0.006240,2.471544
11570,0.816289,59,29,98,0.006240,2.471576
11571,0.816298,59,29,98,0.006240,2.471609
11572,0.816299,59,29,98,0.006240,2.471646
11573,0.816311,59,29,98,0.006240,2.471673
11574,0.816328,59,29,98,0.006243,2.471703
11575,0.816340,59,29,98,0.006243,2.471730
11576,0.816353,59,29,98,0.006244,2.471758
11577,0.816333,59,29,98,0.006243,2.471805
11578,0.816315,59,29,98,0.006242,2.471852
11579,0.816301,59,29,98,0.006241,2.471897
11580,0.816298,59,29,98,0.006240,2.471935
11581,0.816314,59,29,98,0.006242,2.471960
11582,0.816326,59,29,98,0.006243,2.471987
11583,0.816341,59,29,98,0.006244,2.472014
11584,0.816357,59,29,98,0.006245,2.472041
11585,0.816367,59,29,98,0.006245,2.472074
11586,0.816382,59,29,98,0.006247,2.472099
11587,0.816389,59,29,98,0.006247,2.472133
11588,0.816393,59,29,98,0.006247,2.472169
11589,0.816405,59,29,98,0.006247,2.472196
11590,0.816417,59,29,98,0.006248,2.472223
11591,0.816427,59,29,98,0.006248,2.472256
11592,0.816419,59,29,98,0.006247,2.472297
11593,0.816433,59,29,98,0.006248,2.472324
11594,0.816449,59,29,98,0.006250,2.472349
11595,0.816456,59,29,98,0.006250,2.472381
11596,0.816468,59,29,98,0.006250,2.472408
11597,0.816478,59,29,98,0.006250,2.472441
11598,0.816460,59,29,98,0.006249,2.472488
11599,0.816468,59,29,98,0.006249,2.472520
11600,0.816436,59,29,98,0.006248,2.472563
11601,0.816437,59,29,98,0.006248,2.472600
11602,0.816436,59,29,98,0.006247,2.472637
11603,0.816385,59,29,98,0.006246,2.472625
11604,0.816395,59,29,98,0.006246,2.472657
11605,0.816399,59,29,98,0.006246,2.472693
11606,0.816402,59,29,98,0.006246,2.472729
11607,0.816386,59,29,98,0.006245,2.472774
11608,0.816401,59,29,98,0.006246,2.472801
11609,0.816411,59,29,98,0.006246,2.472833
11610,0.816424,59,29,98,0.006247,2.472861
11611,0.816409,59,29,98,0.006246,2.472906
11612,0.816400,59,29,98,0.006245,2.472948
11613,0.816406,59,29,98,0.006245,2.472981
11614,0.816393,59,29,98,0.006244,2.473026
11615,0.816374,59,29,98,0.006243,2.473073
11616,0.816387,59,29,98,0.006244,2.473100
11617,0.816372,59,29,98,0.006243,2.473145
11618,0.816386,59,29,98,0.006244,2.473171
11619,0.816400,59,29,98,0.006245,2.473199
11620,0.816415,59,29,98,0.006246,2.473226
11621,0.816431,59,29,98,0.006248,2.473255
11622,0.816446,59,29,98,0.006249,2.473282
11623,0.816454,59,29,98,0.006249,2.473313
11624,0.816456,59,29,98,0.006249,2.473351
11625,0.816458,59,29,98,0.006248,2.473388
11626,0.816473,59,29,98,0.006249,2.473415
11627,0.816465,59,29,98,0.006249,2.473457
11628,0.816469,59,29,98,0.006248,2.473492
11629,0.816485,59,29,98,0.006250,2.473520
11630,0.816475,59,29,98,0.006249,2.473561
11631,0.816465,59,29,98,0.006249,2.473606
11632,0.816472,59,29,98,0.006248,2.473637
11633,0.816483,59,29,98,0.006249,2.473668
11634,0.816495,59,29,98,0.006249,2.473696
11635,0.816505,59,29,98,0.006249,2.473728
11636,0.816514,59,29,98,0.006249,2.473759
11637,0.816530,59,29,98,0.006251,2.473787
11638,0.816546,59,29,98,0.006253,2.473815
11639,0.816560,59,29,98,0.006254,2.473841
11640,0.816576,59,29,98,0.006256,2.473869
11641,0.816587,59,29,98,0.006256,2.473900
11642,0.816603,59,29,98,0.006258,2.473925
11643,0.816619,59,29,98,0.006260,2.473951
11644,0.816624,59,29,98,0.006260,2.473985
11645,0.816573,59,29,98,0.006259,2.473967
11646,0.816585,59,29,98,0.006259,2.473995
11647,0.816592,59,29,98,0.006259,2.474028
11648,0.816593,59,29,98,0.006258,2.474064
11649,0.816608,59,29,98,0.006260,2.474092
11650,0.816617,59,29,98,0.006260,2.474124
11651,0.816628,59,29,98,0.006260,2.474156
11652,0.816641,59,29,98,0.006261,2.474183
11653,0.816640,59,29,98,0.006260,2.474220
11654,0.816650,59,29,98,0.006260,2.474252
11655,0.816652,59,29,98,0.006260,2.474290
11656,0.816652,59,29,98,0.006259,2.474326
11657,0.816666,59,29,98,0.006260,2.474353
11658,0.816671,59,29,98,0.006260,2.474386
11659,0.816686,59,29,98,0.006261,2.474414
11660,0.816697,59,29,98,0.006261,2.474441
11661,0.816706,59,29,98,0.006261,2.474473
11662,0.816710,59,29,98,0.006261,2.474509
11663,0.816721,59,29,98,0.006261,2.474540
11664,0.816689,59,29,98,0.006260,2.474584
11665,0.816686,59,29,98,0.006259,2.474622
11666,0.816700,59,29,98,0.006260,2.474649
11667,0.816715,59,29,98,0.006261,2.474676
11668,0.816730,59,29,98,0.006263,2.474702
11669,0.816745,59,29,98,0.006264,2.474729
11670,0.816759,59,29,98,0.006265,2.474757
11671,0.816734,59,29,98,0.006264,2.474802
11672,0.816745,59,29,98,0.006264,2.474833
11673,0.816746,59,29,98,0.006263,2.474869
11674,0.816761,59,29,98,0.006265,2.474895
11675,0.816772,59,29,97,0.006265,2.474927
11676,0.816754,59,29,98,0.006265,2.474973
11677,0.816755,59,29,98,0.006264,2.475009
11678,0.816770,59,29,97,0.006266,2.475033
11679,0.816754,59,29,98,0.006265,2.475078
11680,0.816765,59,29,98,0.006265,2.475109
11681,0.816777,59,29,97,0.006266,2.475136
11682,0.816779,59,29,97,0.006265,2.475173
11683,0.816773,59,29,98,0.006265,2.475213
11684,0.816770,59,29,98,0.006264,2.475250
11685,0.816775,59,29,98,0.006264,2.475284
11686,0.816791,59,29,98,0.006266,2.475313
11687,0.816797,59,29,97,0.006266,2.475346
11688,0.816793,59,29,98,0.006265,2.475384
11689,0.816792,59,29,98,0.006264,2.475421
11690,0.816798,59,29,98,0.006264,2.475454
11691,0.816748,59,29,98,0.006263,2.475445
11692,0.816742,59,29,98,0.006262,2.475484
11693,0.816731,59,29,98,0.006262,2.475529
11694,0.816733,59,29,98,0.006261,2.475566
11695,0.816734,59,29,98,0.006261,2.475602
11696,0.816746,59,29,98,0.006261,2.475629
11697,0.816755,59,29,98,0.006261,2.475662
11698,0.816766,59,29,98,0.006262,2.475689
11699,0.816751,59,29,98,0.006261,2.475734
11700,0.816761,59,29,98,0.006261,2.475766
11701,0.816756,59,29,98,0.006260,2.475804
11702,0.816753,59,29,98,0.006260,2.475841
11703,0.816749,59,29,98,0.006259,2.475879
11704,0.816730,59,29,98,0.006258,2.475926
11705,0.816746,59,29,98,0.006260,2.475953
11706,0.816740,59,29,98,0.006259,2.475993
11707,0.816697,59,29,98,0.006258,2.476014
11708,0.816710,59,29,98,0.006259,2.476042
11709,0.816720,59,29,98,0.006259,2.476073
11710,0.816707,59,29,98,0.006258,2.476117
11711,0.816671,59,29,98,0.006257,2.476155
11712,0.816675,59,29,98,0.006257,2.476191
11713,0.816689,59,29,98,0.006258,2.476218
11714,0.816857,59,29,97,0.006267,2.475712
11715,0.816854,59,29,97,0.006267,2.475749
11716,0.816841,59,29,97,0.006266,2.475794
11717,0.816856,59,29,97,0.006267,2.475819
11718,0.816869,59,29,97,0.006268,2.475847
11719,0.816876,59,29,97,0.006268,2.475880
11720,0.816892,59,29,97,0.006270,2.475908
11721,0.816887,59,29,97,0.006269,2.475946
11722,0.816888,59,29,97,0.006268,2.475982
11723,0.816904,59,29,97,0.006270,2.476006
11724,0.816919,59,29,97,0.006272,2.476034
11725,0.816906,59,29,97,0.006271,2.476078
11726,0.816918,59,29,97,0.006272,2.476106
11727,0.816917,59,29,97,0.006271,2.476143
11728,0.816928,59,29,97,0.006272,2.476171
11729,0.816938,59,29,97,0.006272,2.476203
11730,0.816941,59,29,97,0.006271,2.476239
11731,0.816955,59,29,97,0.006272,2.476266
11732,0.816961,59,29,97,0.006272,2.476299
11733,0.816975,59,29,97,0.006273,2.476326
11734,0.816977,59,29,97,0.006272,2.476363
11735,0.816986,59,29,97,0.006272,2.476395
11736,0.817000,59,29,97,0.006274,2.476422
11737,0.817007,59,29,97,0.006273,2.476455
11738,0.817023,59,29,97,0.006276,2.476484
11739,0.817020,59,29,97,0.006275,2.476521
11740,0.817035,59,29,97,0.006277,2.476546
11741,0.817025,59,29,97,0.006276,2.476590
11742,0.817007,59,29,97,0.006275,2.476637
11743,0.817006,59,29,97,0.006275,2.476673
11744,0.817021,59,29,97,0.006276,2.476700
11745,0.817024,59,29,97,0.006276,2.476737
11746,0.817030,59,29,97,0.006275,2.476770
11747,0.817025,59,29,97,0.006275,2.476808
11748,0.817030,59,29,97,0.006274,2.476843
11749,0.817043,59,29,97,0.006275,2.476871
11750,0.817057,59,29,97,0.006276,2.476897
11751,0.817069,59,29,97,0.006277,2.476924
11752,0.817050,59,29,97,0.006276,2.476971
11753,0.817022,59,29,97,0.006275,2.477016
11754,0.817027,59,29,97,0.006274,2.477051
11755,0.817034,59,29,97,0.006274,2.477082
11756,0.817041,59,29,97,0.006274,2.477115
11757,0.817048,59,29,97,0.006274,2.477147
11758,0.817053,59,29,97,0.006274,2.477182
11759,0.817035,59,29,97,0.006273,2.477228
11760,0.817033,59,29,97,0.006272,2.477265
11761,0.817021,59,29,97,0.006272,2.477309
11762,0.817035,59,29,97,0.006272,2.477337
11763,0.817031,59,29,97,0.006272,2.477375
11764,0.817028,59,29,97,0.006271,2.477411
11765,0.817043,59,29,97,0.006272,2.477437
11766,0.817036,59,29,97,0.006272,2.477477
11767,0.817019,59,29,97,0.006271,2.477523
11768,0.817024,59,29,97,0.006270,2.477556
11769,0.817023,59,29,97,0.006270,2.477593
11770,0.817015,59,29,97,0.006269,2.477633
11771,0.817029,59,29,97,0.006270,2.477661
11772,0.817035,59,29,97,0.006270,2.477694
11773,0.817033,59,29,97,0.006269,2.477730
11774,0.817049,59,29,97,0.006271,2.477755
11775,0.817029,59,29,97,0.006270,2.477801
11776,0.817034,59,29,97,0.006270,2.477834
11777,0.817046,59,29,97,0.006271,2.477862
11778,0.817031,59,29,97,0.006270,2.477906
11779,0.817044,59,29,97,0.006270,2.477934
11780,0.817033,59,29,97,0.006269,2.477978
11781,0.817036,59,29,97,0.006269,2.478013
11782,0.817052,59,29,97,0.006271,2.478039
11783,0.817064,59,29,97,0.006271,2.478066
11784,0.817076,59,29,97,0.006272,2.478094
11785,0.817092,59,29,97,0.006274,2.478123
11786,0.817027,59,29,97,0.006273,2.477858
11787,0.817010,59,29,97,0.006272,2.477903
11788,0.816999,59,29,97,0.006271,2.477947
11789,0.817014,59,29,97,0.006273,2.477974
11790,0.817013,59,29,97,0.006272,2.478010
11791,0.817024,59,29,97,0.006272,2.478041
11792,0.817037,59,29,97,0.006273,2.478069
11793,0.817047,59,29,97,0.006273,2.478100
11794,0.817062,59,29,97,0.006275,2.478128
11795,0.817077,59,29,97,0.006276,2.478154
11796,0.817092,59,29,97,0.006277,2.478180
11797,0.817103,59,29,97,0.006278,2.478207
11798,0.817118,59,29,97,0.006279,2.478234
11799,0.817125,59,29,97,0.006279,2.478267
11800,0.817135,59,29,97,0.006279,2.478298
11801,0.817133,59,29,97,0.006279,2.478335
11802,0.817149,59,29,97,0.006281,2.478362
11803,0.817162,59,29,97,0.006281,2.478389
11804,0.817105,59,29,97,0.006280,2.478301
11805,0.817112,59,29,97,0.006280,2.478333
11806,0.817111,59,29,97,0.006280,2.478369
11807,0.817122,59,29,97,0.006280,2.478399
11808,0.817128,59,29,97,0.006280,2.478432
11809,0.817140,59,29,97,0.006280,2.478458
11810,0.817124,59,29,97,0.006279,2.478502
11811,0.817106,59,29,97,0.006278,2.478548
11812,0.817098,59,29,97,0.006278,2.478589
11813,0.817111,59,29,97,0.006278,2.478616
11814,0.817098,59,29,97,0.006278,2.478660
11815,0.817105,59,29,97,0.006277,2.478692
11816,0.817109,59,29,97,0.006277,2.478728
11817,0.817113,59,29,97,0.006277,2.478763
11818,0.817115,59,29,97,0.006276,2.478800
11819,0.817120,59,29,97,0.006276,2.478835
11820,0.817132,59,29,97,0.006276,2.478862
11821,0.817147,59,29,97,0.006278,2.478889
11822,0.817143,59,29,97,0.006278,2.478926
11823,0.817159,59,29,97,0.006279,2.478953
11824,0.817173,59,29,97,0.006280,2.478980
11825,0.817171,59,29,97,0.006280,2.479016
11826,0.817187,59,29,97,0.006282,2.479045
11827,0.817185,59,29,97,0.006281,2.479081
11828,0.817191,59,29,97,0.006281,2.479113
11829,0.817191,59,29,97,0.006281,2.479149
11830,0.817200,59,29,97,0.006281,2.479181
11831,0.817205,59,29,97,0.006280,2.479214
11832,0.817214,59,29,97,0.006280,2.479246
11833,0.817222,59,29,97,0.006280,2.479278
11834,0.817164,59,29,97,0.006279,2.479188
11835,0.817180,59,29,97,0.006281,2.479214
11836,0.817187,59,29,97,0.006281,2.479245
11837,0.817201,59,29,97,0.006282,2.479270
11838,0.817204,59,29,97,0.006282,2.479307
11839,0.817212,59,29,97,0.006282,2.479339
11840,0.817214,59,29,97,0.006281,2.479376
11841,0.817229,59,29,97,0.006283,2.479402
11842,0.817202,59,29,97,0.006282,2.479447
11843,0.817217,59,29,97,0.006283,2.479473
11844,0.817228,59,29,97,0.006283,2.479501
11845,0.817232,59,29,97,0.006283,2.479536
11846,0.817229,59,29,97,0.006283,2.479573
11847,0.817241,59,29,97,0.006283,2.479599
11848,0.817220,59,29,97,0.006282,2.479646
11849,0.817234,59,29,97,0.006283,2.479673
11850,0.817227,59,29,97,0.006282,2.479714
11851,0.817229,59,29,97,0.006282,2.479750
11852,0.817233,59,29,97,0.006281,2.479786
11853,0.817246,59,29,97,0.006282,2.479812
11854,0.817254,59,29,97,0.006282,2.479844
11855,0.817258,59,29,97,0.006282,2.479879
11856,0.817257,59,29,97,0.006281,2.479915
11857,0.817240,59,29,97,0.006280,2.479959
11858,0.817242,59,29,97,0.006280,2.479995
11859,0.817253,59,29,97,0.006280,2.480026
11860,0.817253,59,29,97,0.006280,2.480062
11861,0.817263,59,29,97,0.006280,2.480094
11862,0.817255,59,29,97,0.006279,2.480134
11863,0.817268,59,29,97,0.006280,2.480161
11864,0.817218,59,29,97,0.006279,2.480144
11865,0.817215,59,29,97,0.006278,2.480181
11866,0.817214,59,29,97,0.006277,2.480216
11867,0.817228,59,29,97,0.006279,2.480242
11868,0.817237,59,29,97,0.006279,2.480274
11869,0.817193,59,29,97,0.006278,2.480290
11870,0.817206,59,29,97,0.006278,2.480317
11871,0.817192,59,29,97,0.006277,2.480361
11872,0.817203,59,29,97,0.006278,2.480388
11873,0.817205,59,29,97,0.006277,2.480424
11874,0.817216,59,29,97,0.006278,2.480451
11875,0.817225,59,29,97,0.006278,2.480483
11876,0.817221,59,29,97,0.006277,2.480520
11877,0.817219,59,29,97,0.006277,2.480556
11878,0.817223,59,29,97,0.006276,2.480590
11879,0.817225,59,29,97,0.006276,2.480626
11880,0.817193,59,29,97,0.006275,2.480669
11881,0.817193,59,29,97,0.006274,2.480704
11882,0.817191,59,29,97,0.006274,2.480741
11883,0.817167,59,29,97,0.006273,2.480786
11884,0.817183,59,29,97,0.006275,2.480814
11885,0.817191,59,29,97,0.006275,2.480846
11886,0.817203,59,29,97,0.006275,2.480873
11887,0.817218,59,29,97,0.006277,2.480897
11888,0.817229,59,29,97,0.006277,2.480927
11889,0.817234,59,29,97,0.006277,2.480959
11890,0.817244,59,29,97,0.006277,2.480991
11891,0.817239,59,29,97,0.006276,2.481028
11892,0.817252,59,29,97,0.006277,2.481055
11893,0.817228,59,29,97,0.006276,2.481100
11894,0.817227,59,29,97,0.006276,2.481136
11895,0.817209,59,29,97,0.006275,2.481182
11896,0.817223,59,29,97,0.006276,2.481207
11897,0.817221,59,29,97,0.006276,2.481243
11898,0.817222,59,29,97,0.006275,2.481278
11899,0.817164,59,29,97,0.006274,2.481168
11900,0.817178,59,29,97,0.006275,2.481194
11901,0.817182,59,29,97,0.006275,2.481229
11902,0.817198,59,29,97,0.006277,2.481256
11903,0.817212,59,29,97,0.006278,2.481283
11904,0.817225,59,29,97,0.006279,2.481310
11905,0.817232,59,29,97,0.006279,2.481341
11906,0.817241,59,29,97,0.006279,2.481373
11907,0.817244,59,29,97,0.006278,2.481409
11908,0.817247,59,29,97,0.006278,2.481445
11909,0.817249,59,29,97,0.006277,2.481480
11910,0.817259,59,29,97,0.006277,2.481512
11911,0.817274,59,29,97,0.006279,2.481537
11912,0.817286,59,29,97,0.006280,2.481564
11913,0.817301,59,29,97,0.006281,2.481589
11914,0.817311,59,29,97,0.006281,2.481619
11915,0.817326,59,29,97,0.006282,2.481645
11916,0.817341,59,29,97,0.006284,2.481672
11917,0.817341,59,29,97,0.006283,2.481707
11918,0.817345,59,29,97,0.006283,2.481740
11919,0.817355,59,29,97,0.006283,2.481772
11920,0.817283,59,29,97,0.006282,2.480980
11921,0.817299,59,29,97,0.006284,2.481006
11922,0.817312,59,29,97,0.006284,2.481033
11923,0.817326,59,29,97,0.006285,2.481060
11924,0.817326,59,29,97,0.006285,2.481096
11925,0.817324,59,29,97,0.006284,2.481131
11926,0.817331,59,29,97,0.006284,2.481164
11927,0.817337,59,29,97,0.006284,2.481195
11928,0.817320,59,29,97,0.006283,2.481239
11929,0.817325,59,29,97,0.006283,2.481272
11930,0.817341,59,29,97,0.006285,2.481299
11931,0.817356,59,29,97,0.006286,2.481325
11932,0.817357,59,29,97,0.006286,2.481361
11933,0.817361,59,29,97,0.006285,2.481395
11934,0.817372,59,29,97,0.006286,2.481422
11935,0.817384,59,29,97,0.006286,2.481449
11936,0.817358,59,29,97,0.006285,2.481493
11937,0.817365,59,29,97,0.006285,2.481525
11938,0.817370,59,29,97,0.006285,2.481558
11939,0.817381,59,29,97,0.006285,2.481585
11940,0.817386,59,29,97,0.006285,2.481617
11941,0.817380,59,29,97,0.006284,2.481656
11942,0.817392,59,29,97,0.006285,2.481682
11943,0.817408,59,29,97,0.006287,2.481706
11944,0.817420,59,29,97,0.006287,2.481733
11945,0.817431,59,29,97,0.006288,2.481763
11946,0.817420,59,29,97,0.006287,2.481807
11947,0.817428,59,29,97,0.006287,2.481838
11948,0.817439,59,29,97,0.006287,2.481866
11949,0.817446,59,29,97,0.006287,2.481898
11950,0.817453,59,29,97,0.006287,2.481929
11951,0.817438,59,29,97,0.006286,2.481973
11952,0.817417,59,29,97,0.006285,2.482020
11953,0.817423,59,29,97,0.006285,2.482052
11954,0.817435,59,29,97,0.006286,2.482078
11955,0.817363,59,29,97,0.006284,2.481131
11956,0.817356,59,29,97,0.006284,2.481171
11957,0.817368,59,29,97,0.006284,2.481197
11958,0.817376,59,29,97,0.006284,2.481228
11959,0.817351,59,29,97,0.006283,2.481272
11960,0.817351,59,29,97,0.006283,2.481307
11961,0.817348,59,29,97,0.006282,2.481343
11962,0.817355,59,29,97,0.006282,2.481375
11963,0.817365,59,29,97,0.006282,2.481406
11964,0.817360,59,29,97,0.006282,2.481443
11965,0.817356,59,29,97,0.006281,2.481480
11966,0.817369,59,29,97,0.006282,2.481507
11967,0.817380,59,29,97,0.006282,2.481535
11968,0.817381,59,29,97,0.006282,2.481570
11969,0.817390,59,29,97,0.006281,2.481601
11970,0.817371,59,29,97,0.006281,2.481647
11971,0.817343,59,29,97,0.006280,2.481691
11972,0.817355,59,29,97,0.006280,2.481718
11973,0.817328,59,29,97,0.006279,2.481762
11974,0.817334,59,29,97,0.006279,2.481794
11975,0.817350,59,29,97,0.006281,2.481820
11976,0.817365,59,29,97,0.006283,2.481844
11977,0.817363,59,29,97,0.006282,2.481879
11978,0.817367,59,29,97,0.006282,2.481914
11979,0.817363,59,29,97,0.006281,2.481951
11980,0.817365,59,29,97,0.006281,2.481987
11981,0.817354,59,29,97,0.006280,2.482031
11982,0.817368,59,29,97,0.006281,2.482057
11983,0.817368,59,29,97,0.006281,2.482092
11984,0.817373,59,29,97,0.006281,2.482125
11985,0.817371,59,29,97,0.006280,2.482161
11986,0.817385,59,29,97,0.006281,2.482187
11987,0.817397,59,29,97,0.006282,2.482214
11988,0.817410,59,29,97,0.006282,2.482241
11989,0.817416,59,29,97,0.006282,2.482273
11990,0.817418,59,29,97,0.006282,2.482308
11991,0.817419,59,29,97,0.006281,2.482343
11992,0.817383,59,29,97,0.006280,2.482378
11993,0.817388,59,29,97,0.006280,2.482411
11994,0.817398,59,29,97,0.006280,2.482442
11995,0.817407,59,29,97,0.006280,2.482473
11996,0.817404,59,29,97,0.006280,2.482510
11997,0.817416,59,29,97,0.006280,2.482536
11998,0.817417,59,29,97,0.006280,2.482571
11999,0.817394,59,29,97,0.006279,2.482616
12000,0.817351,59,29,97,0.006278,2.482634
12001,0.817361,59,29,97,0.006278,2.482665
12002,0.817377,59,29,97,0.006280,2.482692
12003,0.817386,59,29,97,0.006280,2.482723
12004,0.817400,59,29,97,0.006281,2.482749
12005,0.817403,59,29,97,0.006280,2.482785
12006,0.817411,59,29,97,0.006280,2.482816
12007,0.817415,59,29,97,0.006280,2.482850
12008,0.817413,59,29,97,0.006279,2.482885
12009,0.817389,59,29,97,0.006279,2.482929
12010,0.817401,59,29,97,0.006279,2.482957
12011,0.817352,59,29,97,0.006278,2.482946
12012,0.817308,59,29,97,0.006277,2.482962
12013,0.817324,59,29,97,0.006279,2.482990
12014,0.817329,59,29,97,0.006279,2.483025
12015,0.817310,59,29,97,0.006278,2.483070
12016,0.817309,59,29,97,0.006277,2.483105
12017,0.817313,59,29,97,0.006277,2.483139
12018,0.817301,59,29,97,0.006276,2.483183
12019,0.817317,59,29,97,0.006278,2.483208
12020,0.817331,59,29,97,0.006279,2.483233
12021,0.817346,59,29,97,0.006281,2.483260
12022,0.817357,59,29,97,0.006281,2.483286
12023,0.817372,59,29,97,0.006283,2.483310
12024,0.817385,59,29,97,0.006283,2.483337
12025,0.817401,59,29,97,0.006285,2.483364
12026,0.817405,59,29,97,0.006285,2.483397
12027,0.817415,59,29,97,0.006285,2.483428
12028,0.817410,59,29,97,0.006285,2.483465
12029,0.817424,59,29,97,0.006286,2.483492
12030,0.817437,59,29,97,0.006286,2.483518
12031,0.817427,59,29,97,0.006285,2.483562
12032,0.817409,59,29,97,0.006285,2.483606
12033,0.817424,59,29,97,0.006286,2.483631
12034,0.817430,59,29,97,0.006286,2.483663
12035,0.817442,59,29,97,0.006286,2.483689
12036,0.817451,59,29,97,0.006286,2.483720
12037,0.817393,59,29,97,0.006285,2.483608
12038,0.817372,59,29,97,0.006284,2.483654
12039,0.817374,59,29,97,0.006284,2.483690
12040,0.817339,59,29,97,0.006283,2.483726
12041,0.817328,59,29,97,0.006282,2.483770
12042,0.817301,59,29,97,0.006281,2.483814
12043,0.817299,59,29,97,0.006281,2.483849
12044,0.817279,59,29,97,0.006280,2.483895
12045,0.817293,59,29,97,0.006281,2.483920
12046,0.817273,59,29,97,0.006280,2.483966
12047,0.817237,59,29,97,0.006279,2.484003
12048,0.817235,59,29,97,0.006278,2.484038
12049,0.817245,59,29,97,0.006279,2.484068
12050,0.817248,59,29,97,0.006278,2.484103
12051,0.817257,59,29,97,0.006278,2.484134
12052,0.817268,59,29,97,0.006279,2.484161
12053,0.817202,59,29,97,0.006278,2.483730
12054,0.817216,59,29,97,0.006279,2.483755
12055,0.817229,59,29,97,0.006280,2.483782
12056,0.817201,59,29,97,0.006279,2.483826
12057,0.817216,59,29,97,0.006281,2.483851
12058,0.817222,59,29,97,0.006280,2.483882
12059,0.817226,59,29,97,0.006280,2.483917
12060,0.817208,59,29,97,0.006279,2.483962
12061,0.817216,59,29,97,0.006279,2.483993
12062,0.817195,59,29,97,0.006278,2.484038
12063,0.817203,59,29,97,0.006278,2.484069
12064,0.817200,59,29,97,0.006278,2.484105
12065,0.817214,59,29,97,0.006279,2.484130
12066,0.817229,59,29,97,0.006280,2.484155
12067,0.817235,59,29,97,0.006280,2.484187
12068,0.817241,59,29,97,0.006280,2.484219
12069,0.817248,59,29,97,0.006279,2.484250
12070,0.817236,59,29,97,0.006279,2.484293
12071,0.817230,59,29,97,0.006278,2.484331
12072,0.817220,59,29,97,0.006277,2.484375
12073,0.817225,59,29,97,0.006277,2.484407
12074,0.817213,59,29,97,0.006276,2.484449
12075,0.817217,59,29,97,0.006276,2.484483
12076,0.817228,59,29,97,0.006276,2.484514
12077,0.817238,59,29,97,0.006276,2.484543
12078,0.817248,59,29,97,0.006276,2.484574
12079,0.817261,59,29,97,0.006277,2.484600
12080,0.817264,59,29,97,0.006277,2.484634
12081,0.817277,59,29,97,0.006277,2.484661
12082,0.817283,59,29,97,0.006277,2.484692
12083,0.817289,59,29,97,0.006277,2.484724
12084,0.817295,59,29,97,0.006277,2.484755
12085,0.817246,59,29,97,0.006276,2.484745
12086,0.817259,59,29,97,0.006276,2.484773
12087,0.817264,59,29,97,0.006276,2.484804
12088,0.817264,59,29,97,0.006276,2.484839
12089,0.817275,59,29,97,0.006276,2.484866
12090,0.817226,59,29,97,0.006275,2.484846
12091,0.817216,59,29,97,0.006274,2.484889
12092,0.817210,59,29,97,0.006274,2.484927
12093,0.817214,59,29,97,0.006273,2.484961
12094,0.817229,59,29,97,0.006275,2.484984
12095,0.817240,59,29,97,0.006275,2.485014
12096,0.817239,59,29,97,0.006275,2.485049
12097,0.817253,59,29,97,0.006276,2.485076
12098,0.817253,59,29,97,0.006275,2.485110
12099,0.817266,59,29,97,0.006276,2.485137
12100,0.817281,59,29,97,0.006277,2.485163
12101,0.817295,59,29,97,0.006278,2.485190
12102,0.817310,59,29,97,0.006280,2.485215
12103,0.817322,59,29,97,0.006281,2.485240
12104,0.817308,59,29,97,0.006280,2.485284
12105,0.817320,59,29,97,0.006280,2.485311
12106,0.817332,59,29,97,0.006281,2.485338
12107,0.817336,59,29,97,0.006281,2.485372
12108,0.817350,59,29,97,0.006281,2.485398
12109,0.817340,59,29,97,0.006281,2.485441
12110,0.817354,59,29,97,0.006281,2.485467
12111,0.817362,59,29,97,0.006281,2.485498
12112,0.817372,59,29,97,0.006281,2.485529
12113,0.817366,59,29,97,0.006281,2.485566
12114,0.817343,59,29,97,0.006280,2.485610
12115,0.817358,59,29,97,0.006282,2.485633
12116,0.817347,59,29,97,0.006281,2.485676
12117,0.817327,59,29,97,0.006280,2.485721
12118,0.817342,59,29,97,0.006281,2.485746
12119,0.817340,59,29,97,0.006281,2.485781
12120,0.817329,59,29,97,0.006280,2.485824
12121,0.817341,59,29,97,0.006281,2.485851
12122,0.817355,59,29,97,0.006281,2.485877
12123,0.817368,59,29,97,0.006282,2.485904
12124,0.817370,59,29,97,0.006282,2.485939
12125,0.817377,59,29,97,0.006281,2.485970
12126,0.817380,59,29,97,0.006281,2.486005
12127,0.817307,59,29,97,0.006280,2.484870
12128,0.817307,59,29,97,0.006280,2.484905
12129,0.817313,59,29,97,0.006279,2.484936
12130,0.817309,59,29,97,0.006279,2.484973
12131,0.817300,59,29,97,0.006278,2.485014
12132,0.817289,59,29,97,0.006277,2.485056
12133,0.817293,59,29,97,0.006277,2.485090
12134,0.817299,59,29,97,0.006277,2.485121
12135,0.817302,59,29,97,0.006276,2.485156
12136,0.817252,59,29,97,0.006275,2.485134
12137,0.817248,59,29,97,0.006275,2.485171
12138,0.817259,59,29,97,0.006275,2.485200
12139,0.817267,59,29,97,0.006275,2.485231
12140,0.817252,59,29,97,0.006274,2.485274
12141,0.817265,59,29,97,0.006275,2.485300
12142,0.817273,59,29,97,0.006275,2.485331
12143,0.817269,59,29,97,0.006274,2.485368
12144,0.817265,59,29,97,0.006274,2.485404
12145,0.817269,59,29,97,0.006273,2.485438
12146,0.817275,59,29,97,0.006273,2.485469
12147,0.817287,59,29,97,0.006274,2.485495
12148,0.817292,59,29,97,0.006273,2.485528
12149,0.817304,59,29,97,0.006274,2.485554
12150,0.817319,59,29,97,0.006276,2.485582
12151,0.817333,59,29,97,0.006277,2.485607
12152,0.817328,59,29,97,0.006276,2.485644
12153,0.817299,59,29,97,0.006276,2.485688
12154,0.817270,59,29,97,0.006275,2.485731
12155,0.817276,59,29,97,0.006274,2.485762
12156,0.817290,59,29,97,0.006276,2.485788
12157,0.817296,59,29,97,0.006276,2.485818
12158,0.817299,59,29,97,0.006275,2.485853
12159,0.817314,59,29,97,0.006277,2.485878
12160,0.817319,59,29,97,0.006277,2.485911
12161,0.817301,59,29,97,0.006276,2.485955
12162,0.817310,59,29,97,0.006276,2.485985
12163,0.817322,59,29,97,0.006276,2.486011
12164,0.817332,59,29,97,0.006276,2.486043
12165,0.817338,59,29,97,0.006276,2.486074
12166,0.817349,59,29,97,0.006277,2.486099
12167,0.817362,59,29,97,0.006277,2.486126
12168,0.817337,59,29,97,0.006276,2.486170
12169,0.817319,59,29,97,0.006276,2.486214
12170,0.817276,59,29,97,0.006275,2.486229
12171,0.817285,59,29,97,0.006275,2.486260
12172,0.817301,59,29,97,0.006277,2.486286
12173,0.817314,59,29,97,0.006277,2.486313
12174,0.817322,59,29,97,0.006277,2.486344
12175,0.817337,59,29,97,0.006278,2.486370
12176,0.817351,59,29,97,0.006280,2.486394
12177,0.817332,59,29,97,0.006279,2.486439
12178,0.817347,59,29,97,0.006281,2.486462
12179,0.817352,59,29,97,0.006280,2.486494
12180,0.817366,59,29,97,0.006281,2.486520
12181,0.817381,59,29,97,0.006283,2.486546
12182,0.817380,59,29,97,0.006282,2.486580
12183,0.817377,59,29,97,0.006282,2.486616
12184,0.817380,59,29,97,0.006281,2.486650
12185,0.817391,59,29,97,0.006282,2.486677
12186,0.817364,59,29,97,0.006281,2.486720
12187,0.817378,59,29,97,0.006282,2.486745
12188,0.817377,59,29,97,0.006281,2.486780
12189,0.817379,59,29,97,0.006281,2.486816
12190,0.817370,59,29,97,0.006280,2.486858
12191,0.817328,59,29,97,0.006279,2.486875
12192,0.817342,59,29,97,0.006280,2.486900
12193,0.817303,59,29,97,0.006279,2.486929
12194,0.817313,59,29,97,0.006280,2.486960
12195,0.817305,59,29,97,0.006279,2.487000
12196,0.817293,59,29,97,0.006278,2.487043
12197,0.817303,59,29,97,0.006278,2.487071
12198,0.817307,59,29,97,0.006278,2.487105
12199,0.817320,59,29,97,0.006279,2.487132
12200,0.817332,59,29,97,0.006279,2.487158
12201,0.817295,59,29,97,0.006278,2.487190
12202,0.817269,59,29,97,0.006277,2.487233
12203,0.817279,59,29,97,0.006277,2.487264
12204,0.817295,59,29,97,0.006279,2.487293
12205,0.817305,59,29,97,0.006280,2.487321
12206,0.817317,59,29,97,0.006280,2.487348
12207,0.817317,59,29,97,0.006280,2.487382
12208,0.817330,59,29,97,0.006280,2.487409
12209,0.817342,59,29,97,0.006281,2.487434
12210,0.817348,59,29,97,0.006281,2.487465
12211,0.817354,59,29,97,0.006281,2.487496
12212,0.817353,59,29,97,0.006280,2.487530
12213,0.817335,59,29,97,0.006279,2.487574
12214,0.817310,59,29,97,0.006278,2.487617
12215,0.817322,59,29,97,0.006279,2.487643
12216,0.817328,59,29,97,0.006279,2.487674
12217,0.817341,59,29,97,0.006279,2.487700
12218,0.817356,59,29,97,0.006281,2.487725
12219,0.817365,59,29,97,0.006281,2.487755
12220,0.817371,59,29,97,0.006281,2.487786
12221,0.817379,59,29,97,0.006281,2.487816
12222,0.817341,59,29,97,0.006280,2.487844
12223,0.817354,59,29,97,0.006281,2.487870
12224,0.817341,59,29,97,0.006280,2.487913
12225,0.817356,59,29,97,0.006282,2.487939
12226,0.817371,59,29,97,0.006284,2.487965
12227,0.817346,59,29,97,0.006283,2.488008
12228,0.817340,59,29,97,0.006282,2.488045
12229,0.817344,59,29,97,0.006282,2.488078
12230,0.817356,59,29,97,0.006282,2.488105
12231,0.817369,59,29,97,0.006283,2.488131
12232,0.817353,59,29,97,0.006282,2.488174
12233,0.817344,59,29,97,0.006282,2.488216
12234,0.817356,59,29,97,0.006282,2.488241
12235,0.817337,59,29,97,0.006281,2.488286
12236,0.817341,59,29,97,0.006281,2.488319
12237,0.817353,59,29,97,0.006282,2.488346
12238,0.817345,59,29,97,0.006281,2.488386
12239,0.817358,59,29,97,0.006282,2.488412
12240,0.817319,59,29,97,0.006281,2.488440
12241,0.817334,59,29,97,0.006282,2.488466
12242,0.817333,59,29,97,0.006281,2.488501
12243,0.817343,59,29,97,0.006282,2.488532
12244,0.817339,59,29,97,0.006281,2.488568
12245,0.817327,59,29,97,0.006280,2.488611
12246,0.817321,59,29,97,0.006280,2.488650
12247,0.817336,59,29,97,0.006281,2.488675
12248,0.817335,59,29,97,0.006280,2.488710
12249,0.817299,59,29,97,0.006279,2.488744
12250,0.817306,59,29,97,0.006279,2.488775
12251,0.817299,59,29,97,0.006279,2.488814
12252,0.817313,59,29,97,0.006280,2.488840
12253,0.817322,59,29,97,0.006280,2.488870
12254,0.817324,59,29,97,0.006279,2.488906
12255,0.817337,59,29,97,0.006280,2.488932
12256,0.817343,59,29,97,0.006280,2.488962
12257,0.817313,59,29,97,0.006279,2.489004
12258,0.817301,59,29,97,0.006278,2.489046
12259,0.817295,59,29,97,0.006277,2.489085
12260,0.817304,59,29,97,0.006277,2.489115
12261,0.817307,59,29,97,0.006277,2.489149
12262,0.817278,59,29,97,0.006276,2.489192
12263,0.817289,59,29,97,0.006277,2.489219
12264,0.817303,59,29,97,0.006277,2.489244
12265,0.817318,59,29,97,0.006279,2.489269
12266,0.817322,59,29,97,0.006279,2.489301
12267,0.817329,59,29,97,0.006279,2.489332
12268,0.817333,59,29,97,0.006278,2.489366
12269,0.817344,59,29,97,0.006279,2.489391
12270,0.817353,59,29,97,0.006279,2.489421
12271,0.817359,59,29,97,0.006279,2.489451
12272,0.817373,59,29,97,0.006280,2.489478
12273,0.817359,59,29,97,0.006279,2.489521
12274,0.817299,59,29,97,0.006278,2.489333
12275,0.817312,59,29,97,0.006279,2.489359
12276,0.817324,59,29,97,0.006279,2.489385
12277,0.817338,59,29,97,0.006280,2.489410
12278,0.817342,59,29,97,0.006280,2.489443
12279,0.817356,59,29,97,0.006281,2.489467
12280,0.817361,59,29,97,0.006281,2.489500
12281,0.817368,59,29,97,0.006281,2.489532
12282,0.817371,59,29,97,0.006280,2.489566
12283,0.817383,59,29,97,0.006281,2.489592
12284,0.817383,59,29,97,0.006281,2.489627
12285,0.817396,59,29,97,0.006281,2.489653
12286,0.817409,59,29,97,0.006282,2.489679
12287,0.817421,59,29,97,0.006283,2.489704
12288,0.817421,59,29,97,0.006282,2.489738
12289,0.817434,59,29,97,0.006283,2.489764
12290,0.817438,59,29,97,0.006283,2.489796
12291,0.817394,59,29,97,0.006282,2.489809
12292,0.817395,59,29,97,0.006281,2.489844
12293,0.817410,59,29,97,0.006283,2.489872
12294,0.817422,59,29,97,0.006284,2.489898
12295,0.817435,59,29,97,0.006285,2.489924
12296,0.817447,59,29,97,0.006285,2.489949
12297,0.817440,59,29,97,0.006284,2.489988
12298,0.817455,59,29,97,0.006286,2.490016
12299,0.817463,59,29,97,0.006286,2.490047
12300,0.817471,59,29,97,0.006286,2.490077
12301,0.817484,59,29,97,0.006287,2.490103
12302,0.817499,59,29,97,0.006289,2.490126
12303,0.817497,59,29,97,0.006288,2.490161
12304,0.817493,59,29,97,0.006288,2.490197
12305,0.817497,59,29,97,0.006287,2.490230
12306,0.817510,59,29,97,0.006288,2.490256
12307,0.817491,59,29,97,0.006287,2.490300
12308,0.817497,59,29,97,0.006287,2.490331
12309,0.817510,59,29,97,0.006288,2.490357
12310,0.817516,59,29,97,0.006287,2.490387
12311,0.817529,59,29,97,0.006288,2.490413
12312,0.817527,59,29,97,0.006288,2.490448
12313,0.817540,59,29,97,0.006288,2.490474
12314,0.817551,59,29,97,0.006289,2.490499
12315,0.817566,59,29,97,0.006291,2.490522
12316,0.817577,59,29,97,0.006291,2.490549
12317,0.817592,59,29,97,0.006292,2.490575
12318,0.817604,59,29,97,0.006293,2.490601
12319,0.817577,59,29,97,0.006292,2.490643
12320,0.817575,59,29,97,0.006291,2.490678
12321,0.817567,59,29,97,0.006291,2.490718
12322,0.817572,59,29,97,0.006290,2.490750
12323,0.817584,59,29,97,0.006291,2.490776
12324,0.817591,59,29,97,0.006291,2.490807
12325,0.817562,59,29,97,0.006290,2.490849
12326,0.817554,59,29,97,0.006289,2.490889
12327,0.817567,59,29,97,0.006290,2.490914
12328,0.817582,59,29,97,0.006291,2.490939
12329,0.817592,59,29,97,0.006292,2.490970
12330,0.817607,59,29,97,0.006294,2.490997
12331,0.817618,59,29,97,0.006294,2.491024
12332,0.817593,59,29,97,0.006293,2.491067
12333,0.817599,59,29,97,0.006293,2.491098
12334,0.817606,59,29,97,0.006293,2.491128
12335,0.817614,59,29,97,0.006293,2.491159
12336,0.817587,59,29,97,0.006292,2.491201
12337,0.817567,59,29,97,0.006291,2.491245
12338,0.817581,59,29,97,0.006292,2.491269
12339,0.817595,59,29,97,0.006293,2.491295
12340,0.817610,59,29,97,0.006295,2.491320
12341,0.817594,59,29,97,0.006294,2.491364
12342,0.817604,59,29,97,0.006294,2.491393
12343,0.817608,59,29,97,0.006294,2.491426
12344,0.817598,59,29,97,0.006293,2.491468
12345,0.817592,59,29,97,0.006292,2.491506
12346,0.817600,59,29,97,0.006292,2.491536
12347,0.817607,59,29,97,0.006292,2.491567
12348,0.817616,59,29,97,0.006292,2.491597
12349,0.817622,59,29,97,0.006292,2.491627
12350,0.817616,59,29,97,0.006291,2.491664
12351,0.817577,59,29,97,0.006290,2.491690
12352,0.817591,59,29,97,0.006291,2.491715
12353,0.817590,59,29,97,0.006291,2.491749
12354,0.817577,59,29,97,0.006290,2.491793
12355,0.817588,59,29,97,0.006291,2.491818
12356,0.817579,59,29,97,0.006290,2.491858
12357,0.817594,59,29,97,0.006292,2.491883
12358,0.817580,59,29,97,0.006291,2.491926
12359,0.817592,59,29,97,0.006291,2.491952
12360,0.817570,59,29,97,0.006290,2.491997
12361,0.817553,59,29,97,0.006290,2.492041
12362,0.817564,59,29,97,0.006290,2.492067
12363,0.817578,59,29,97,0.006291,2.492093
12364,0.817583,59,29,97,0.006291,2.492125
12365,0.817582,59,29,97,0.006290,2.492159
12366,0.817567,59,29,97,0.006289,2.492202
12367,0.817539,59,29,97,0.006289,2.492243
12368,0.817545,59,29,97,0.006288,2.492274
12369,0.817555,59,29,97,0.006289,2.492302
12370,0.817555,59,29,97,0.006288,2.492336
12371,0.817513,59,29,97,0.006287,2.492352
12372,0.817518,59,29,97,0.006287,2.492384
12373,0.817531,59,29,97,0.006288,2.492409
12374,0.817535,59,29,97,0.006287,2.492442
12375,0.817531,59,29,97,0.006287,2.492478
12376,0.817520,59,29,97,0.006286,2.492520
12377,0.817534,59,29,97,0.006287,2.492544
12378,0.817530,59,29,97,0.006287,2.492580
12379,0.817529,59,29,97,0.006286,2.492614
12380,0.817543,59,29,97,0.006287,2.492639
12381,0.817549,59,29,97,0.006287,2.492670
12382,0.817555,59,29,97,0.006287,2.492700
12383,0.817570,59,29,97,0.006288,2.492726
12384,0.817579,59,29,97,0.006288,2.492757
12385,0.817569,59,29,97,0.006287,2.492799
12386,0.817578,59,29,97,0.006287,2.492828
12387,0.817592,59,29,97,0.006289,2.492853
12388,0.817549,59,29,97,0.006288,2.492866
12389,0.817561,59,29,97,0.006288,2.492891
12390,0.817563,59,29,97,0.006288,2.492925
12391,0.817574,59,29,97,0.006288,2.492952
12392,0.817583,59,29,97,0.006288,2.492982
12393,0.817588,59,29,97,0.006288,2.493012
12394,0.817584,59,29,97,0.006287,2.493048
12395,0.817596,59,29,97,0.006288,2.493074
12396,0.817607,59,29,97,0.006288,2.493100
12397,0.817612,59,29,97,0.006288,2.493131
12398,0.817573,59,29,97,0.006287,2.493157
12399,0.817549,59,29,97,0.006286,2.493199
12400,0.817564,59,29,97,0.006287,2.493225
12401,0.817572,59,29,97,0.006287,2.493255
12402,0.817552,59,29,97,0.006286,2.493300
12403,0.817563,59,29,97,0.006287,2.493326
12404,0.817566,59,29,97,0.006286,2.493360
12405,0.817552,59,29,97,0.006286,2.493402
12406,0.817561,59,29,97,0.006286,2.493433
12407,0.817559,59,29,97,0.006285,2.493468
12408,0.817559,59,29,97,0.006285,2.493502
12409,0.817569,59,29,97,0.006285,2.493532
12410,0.817578,59,29,97,0.006285,2.493563
12411,0.817592,59,29,97,0.006286,2.493587
12412,0.817604,59,29,97,0.006286,2.493612
12413,0.817601,59,29,97,0.006286,2.493647
12414,0.817615,59,29,97,0.006287,2.493673
12415,0.817630,59,29,97,0.006289,2.493701
12416,0.817635,59,29,97,0.006289,2.493733
12417,0.817622,59,29,97,0.006288,2.493776
12418,0.817626,59,29,97,0.006288,2.493807
12419,0.817631,59,29,97,0.006288,2.493839
12420,0.817646,59,29,97,0.006289,2.493865
12421,0.817633,59,29,97,0.006289,2.493907
12422,0.817645,59,29,97,0.006289,2.493932
12423,0.817650,59,29,97,0.006289,2.493962
12424,0.817651,59,29,97,0.006289,2.493997
12425,0.817663,59,29,97,0.006289,2.494022
12426,0.817662,59,29,97,0.006289,2.494056
12427,0.817668,59,29,97,0.006288,2.494085
12428,0.817677,59,29,97,0.006289,2.494116
12429,0.817666,59,29,97,0.006288,2.494157
12430,0.817681,59,29,97,0.006290,2.494182
12431,0.817693,59,29,97,0.006290,2.494207
12432,0.817700,59,29,97,0.006290,2.494238
12433,0.817671,59,29,97,0.006289,2.494279
12434,0.817675,59,29,97,0.006289,2.494311
12435,0.817690,59,29,97,0.006291,2.494335
12436,0.817694,59,29,97,0.006290,2.494367
12437,0.817685,59,29,97,0.006290,2.494408
12438,0.817688,59,29,97,0.006289,2.494443
12439,0.817680,59,29,97,0.006288,2.494483
12440,0.817691,59,29,97,0.006289,2.494507
12441,0.817693,59,29,97,0.006289,2.494542
12442,0.817690,59,29,97,0.006288,2.494577
12443,0.817692,59,29,97,0.006288,2.494612
12444,0.817694,59,29,97,0.006287,2.494648
12445,0.817704,59,29,97,0.006287,2.494678
12446,0.817715,59,29,97,0.006288,2.494704
12447,0.817710,59,29,97,0.006287,2.494740
12448,0.817692,59,29,97,0.006286,2.494784
12449,0.817702,59,29,97,0.006287,2.494812
12450,0.817716,59,29,97,0.006287,2.494837
12451,0.817715,59,29,97,0.006287,2.494871
12452,0.817728,59,29,97,0.006288,2.494897
12453,0.817730,59,29,97,0.006287,2.494932
12454,0.817724,59,29,97,0.006287,2.494969
12455,0.817736,59,29,97,0.006287,2.494994
12456,0.817735,59,29,97,0.006287,2.495027
12457,0.817727,59,29,97,0.006286,2.495067
12458,0.817735,59,29,97,0.006286,2.495096
12459,0.817721,59,29,97,0.006285,2.495139
12460,0.817735,59,29,97,0.006286,2.495164
12461,0.817740,59,29,97,0.006286,2.495194
12462,0.817752,59,29,97,0.006287,2.495220
12463,0.817757,59,29,97,0.006287,2.495251
12464,0.817762,59,29,97,0.006286,2.495283
12465,0.817776,59,29,97,0.006288,2.495307
12466,0.817763,59,29,97,0.006287,2.495349
12467,0.817767,59,29,97,0.006287,2.495382
12468,0.817774,59,29,97,0.006286,2.495413
12469,0.817783,59,29,97,0.006286,2.495443
12470,0.817792,59,29,97,0.006287,2.495473
12471,0.817801,59,29,97,0.006287,2.495503
12472,0.817803,59,29,97,0.006286,2.495537
12473,0.817754,59,29,97,0.006285,2.495511
12474,0.817766,59,29,97,0.006286,2.495537
12475,0.817780,59,29,97,0.006287,2.495563
12476,0.817781,59,29,97,0.006286,2.495598
12477,0.817773,59,29,97,0.006285,2.495638
12478,0.817786,59,29,97,0.006286,2.495664
12479,0.817797,59,29,97,0.006287,2.495688
12480,0.817796,59,29,97,0.006286,2.495722
12481,0.817788,59,29,97,0.006286,2.495761
12482,0.817801,59,29,97,0.006286,2.495787
12483,0.817811,59,29,97,0.006286,2.495818
12484,0.817751,59,29,97,0.006285,2.495607
12485,0.817752,59,29,97,0.006285,2.495642
12486,0.817762,59,29,97,0.006285,2.495668
12487,0.817771,59,29,97,0.006285,2.495698
12488,0.817785,59,29,97,0.006287,2.495722
12489,0.817800,59,29,97,0.006289,2.495748
12490,0.817814,59,29,97,0.006290,2.495771
12491,0.817829,59,29,97,0.006292,2.495799
12492,0.817832,59,29,97,0.006292,2.495833
12493,0.817844,59,29,97,0.006292,2.495858
12494,0.817858,59,29,97,0.006294,2.495883
12495,0.817872,59,29,97,0.006295,2.495906
12496,0.817845,59,29,97,0.006294,2.495947
12497,0.817855,59,29,97,0.006295,2.495973
12498,0.817854,59,29,97,0.006294,2.496007
12499,0.817841,59,29,97,0.006293,2.496048
12500,0.817821,59,29,97,0.006293,2.496092
12501,0.817835,59,29,97,0.006293,2.496118
12502,0.817839,59,29,97,0.006293,2.496149
12503,0.817854,59,29,97,0.006295,2.496171
12504,0.817858,59,29,97,0.006295,2.496204
12505,0.817861,59,29,97,0.006294,2.496237
12506,0.817867,59,29,97,0.006294,2.496267
12507,0.817876,59,29,97,0.006294,2.496297
12508,0.817880,59,29,97,0.006294,2.496329
12509,0.817890,59,29,97,0.006294,2.496358
12510,0.817904,59,29,97,0.006296,2.496382
12511,0.817919,59,29,97,0.006298,2.496410
12512,0.817913,59,29,97,0.006297,2.496448
12513,0.817914,59,29,97,0.006297,2.496482
12514,0.817920,59,29,97,0.006296,2.496512
12515,0.817923,59,29,97,0.006296,2.496547
12516,0.817930,59,29,97,0.006296,2.496577
12517,0.817944,59,29,97,0.006297,2.496603
12518,0.817942,59,29,97,0.006297,2.496637
12519,0.817944,59,29,97,0.006296,2.496671
12520,0.817958,59,29,97,0.006297,2.496695
12521,0.817970,59,29,97,0.006298,2.496720
12522,0.817980,59,29,97,0.006298,2.496748
12523,0.817975,59,29,97,0.006297,2.496784
12524,0.817977,59,29,97,0.006297,2.496818
12525,0.817973,59,29,97,0.006296,2.496854
12526,0.817976,59,29,97,0.006296,2.496887
12527,0.817966,59,29,97,0.006295,2.496929
12528,0.817978,59,29,97,0.006296,2.496953
12529,0.817976,59,29,97,0.006295,2.496986
12530,0.817981,59,29,97,0.006295,2.497017
12531,0.817977,59,29,97,0.006295,2.497053
12532,0.817978,59,29,97,0.006294,2.497087
12533,0.817991,59,29,97,0.006295,2.497112
12534,0.817981,59,29,97,0.006294,2.497153
12535,0.817975,59,29,97,0.006294,2.497191
12536,0.817989,59,29,97,0.006295,2.497216
12537,0.817999,59,29,97,0.006295,2.497246
12538,0.818001,59,29,97,0.006294,2.497280
12539,0.817991,59,29,97,0.006294,2.497321
12540,0.817987,59,29,97,0.006293,2.497357
12541,0.817979,59,29,97,0.006292,2.497396
12542,0.817988,59,29,97,0.006292,2.497426
12543,0.817982,59,29,97,0.006292,2.497463
12544,0.817968,59,29,97,0.006291,2.497504
12545,0.817981,59,29,97,0.006292,2.497529
12546,0.817991,59,29,97,0.006292,2.497558
12547,0.817979,59,29,97,0.006291,2.497599
12548,0.817973,59,29,97,0.006290,2.497636
12549,0.817983,59,29,97,0.006291,2.497662
12550,0.817996,59,29,97,0.006291,2.497688
12551,0.818006,59,29,97,0.006292,2.497716
12552,0.818019,59,29,97,0.006292,2.497742
12553,0.818029,59,29,97,0.006293,2.497769
12554,0.818004,59,29,97,0.006292,2.497811
12555,0.818012,59,29,97,0.006292,2.497841
12556,0.818025,59,29,97,0.006292,2.497866
12557,0.818035,59,29,97,0.006293,2.497894
12558,0.818049,59,29,97,0.006294,2.497919
12559,0.818062,59,29,97,0.006295,2.497944
12560,0.818072,59,29,97,0.006295,2.497974
12561,0.818083,59,29,97,0.006295,2.498000
12562,0.818097,59,29,97,0.006297,2.498024
12563,0.818104,59,29,97,0.006296,2.498055
12564,0.818276,59,29,97,0.006304,2.497699
12565,0.818286,59,29,97,0.006304,2.497725
12566,0.818291,59,29,97,0.006304,2.497755
12567,0.818296,59,29,97,0.006303,2.497786
12568,0.818297,59,29,97,0.006303,2.497819
12569,0.818307,59,29,97,0.006303,2.497847
12570,0.818321,59,29,97,0.006304,2.497872
12571,0.818290,59,29,97,0.006303,2.497912
12572,0.818303,59,29,97,0.006304,2.497938
12573,0.818310,59,29,97,0.006304,2.497969
12574,0.818318,59,29,97,0.006304,2.497998
12575,0.818313,59,29,97,0.006303,2.498034
12576,0.818324,59,29,97,0.006304,2.498061
12577,0.818336,59,29,97,0.006304,2.498086
12578,0.818328,59,29,97,0.006304,2.498126
12579,0.818330,59,29,97,0.006303,2.498161
12580,0.818335,59,29,97,0.006303,2.498192
12581,0.818334,59,29,97,0.006303,2.498226
12582,0.818330,59,29,97,0.006302,2.498261
12583,0.818331,59,29,97,0.006302,2.498295
12584,0.818323,59,29,97,0.006301,2.498334
12585,0.818307,59,29,97,0.006300,2.498377
12586,0.818317,59,29,97,0.006300,2.498404
12587,0.818331,59,29,97,0.006301,2.498430
12588,0.818343,59,29,97,0.006302,2.498455
12589,0.818343,59,29,97,0.006302,2.498488
12590,0.818336,59,29,97,0.006301,2.498526
12591,0.818344,59,29,97,0.006301,2.498556
12592,0.818358,59,29,97,0.006302,2.498580
12593,0.818362,59,29,97,0.006302,2.498612
12594,0.818364,59,29,97,0.006302,2.498645
12595,0.818373,59,29,96,0.006302,2.498675
12596,0.818387,59,29,96,0.006303,2.498699
12597,0.818397,59,29,96,0.006303,2.498725
12598,0.818392,59,29,96,0.006302,2.498761
12599,0.818404,59,29,96,0.006303,2.498786
12600,0.818416,59,29,96,0.006304,2.498811
12601,0.818426,59,29,96,0.006304,2.498841
12602,0.818440,59,29,96,0.006305,2.498866
12603,0.818453,59,29,96,0.006306,2.498892
12604,0.818439,59,29,96,0.006305,2.498933
12605,0.818450,59,29,96,0.006305,2.498959
12606,0.818456,59,29,96,0.006305,2.498988
12607,0.818463,59,29,96,0.006305,2.499019
12608,0.818475,59,29,96,0.006306,2.499044
12609,0.818439,59,29,96,0.006305,2.499076
12610,0.818437,59,29,96,0.006304,2.499110
12611,0.818440,59,29,96,0.006304,2.499144
12612,0.818452,59,29,96,0.006304,2.499169
12613,0.818458,59,29,96,0.006304,2.499199
12614,0.818468,59,29,96,0.006305,2.499225
12615,0.818481,59,29,96,0.006305,2.499250
12616,0.818452,59,29,96,0.006304,2.499291
12617,0.818452,59,29,96,0.006304,2.499324
12618,0.818457,59,29,96,0.006304,2.499356
12619,0.818458,59,29,96,0.006303,2.499391
12620,0.818457,59,29,96,0.006303,2.499424
12621,0.818453,59,29,96,0.006302,2.499459
12622,0.818465,59,29,96,0.006303,2.499483
12623,0.818478,59,29,96,0.006304,2.499508
12624,0.818493,59,29,96,0.006306,2.499534
12625,0.818494,59,29,96,0.006305,2.499568
12626,0.818509,59,29,96,0.006307,2.499591
12627,0.818489,59,29,96,0.006306,2.499635
12628,0.818493,59,29,96,0.006306,2.499667
12629,0.818481,59,29,96,0.006305,2.499709
12630,0.818485,59,29,96,0.006305,2.499740
12631,0.818480,59,29,96,0.006304,2.499776
12632,0.818442,59,29,96,0.006303,2.499801
12633,0.818456,59,29,96,0.006305,2.499826
12634,0.818466,59,29,96,0.006305,2.499854
12635,0.818424,59,29,96,0.006304,2.499866
12636,0.818419,59,29,96,0.006304,2.499901
12637,0.818434,59,29,96,0.006305,2.499925
12638,0.818447,59,29,96,0.006306,2.499949
12639,0.818446,59,29,96,0.006306,2.499982
12640,0.818432,59,29,96,0.006305,2.500025
12641,0.818446,59,29,96,0.006306,2.500049
12642,0.818441,59,29,96,0.006306,2.500085
12643,0.818446,59,29,96,0.006306,2.500115
12644,0.818445,59,29,96,0.006305,2.500148
12645,0.818456,59,29,96,0.006306,2.500174
12646,0.818468,59,29,96,0.006306,2.500199
12647,0.818472,59,29,96,0.006306,2.500230
12648,0.818440,59,29,96,0.006305,2.500270
12649,0.818455,59,29,96,0.006306,2.500295
12650,0.818468,59,29,96,0.006308,2.500320
12651,0.818459,59,29,96,0.006307,2.500361
12652,0.818463,59,29,96,0.006307,2.500392
12653,0.818475,59,29,96,0.006307,2.500417
12654,0.818476,59,29,96,0.006307,2.500451
12655,0.818474,59,29,96,0.006306,2.500485
12656,0.818486,59,29,96,0.006307,2.500510
12657,0.818491,59,29,96,0.006307,2.500540
12658,0.818497,59,29,96,0.006306,2.500570
12659,0.818455,59,29,96,0.006305,2.500579
12660,0.818465,59,29,96,0.006306,2.500606
12661,0.818467,59,29,96,0.006305,2.500639
12662,0.818480,59,29,96,0.006306,2.500665
12663,0.818489,59,29,96,0.006306,2.500694
12664,0.818497,59,29,96,0.006306,2.500724
12665,0.818501,59,29,96,0.006306,2.500757
12666,0.818438,59,29,96,0.006305,2.500416
12667,0.818441,59,29,96,0.006305,2.500447
12668,0.818434,59,29,96,0.006304,2.500485
12669,0.818437,59,29,96,0.006304,2.500518
12670,0.818451,59,29,96,0.006304,2.500543
12671,0.818435,59,29,96,0.006304,2.500586
12672,0.818380,59,29,96,0.006303,2.500499
12673,0.818394,59,29,96,0.006304,2.500523
12674,0.818332,59,29,96,0.006303,2.500217
12675,0.818343,59,29,96,0.006303,2.500242
12676,0.818353,59,29,96,0.006304,2.500269
12677,0.818368,59,29,96,0.006305,2.500293
12678,0.818375,59,29,96,0.006305,2.500322
12679,0.818389,59,29,96,0.006306,2.500347
12680,0.818383,59,29,96,0.006306,2.500383
12681,0.818397,59,29,96,0.006307,2.500408
12682,0.818382,59,29,96,0.006306,2.500450
12683,0.818392,59,29,96,0.006306,2.500478
12684,0.818375,59,29,96,0.006306,2.500521
12685,0.818383,59,29,96,0.006306,2.500550
12686,0.818389,59,29,96,0.006305,2.500580
12687,0.818393,59,29,96,0.006305,2.500611
12688,0.818401,59,29,96,0.006305,2.500641
12689,0.818409,59,29,96,0.006305,2.500671
12690,0.818391,59,29,96,0.006304,2.500714
12691,0.818397,59,29,96,0.006304,2.500744
12692,0.818388,59,29,96,0.006303,2.500785
12693,0.818395,59,29,96,0.006303,2.500815
12694,0.818366,59,29,96,0.006302,2.500855
12695,0.818378,59,29,96,0.006303,2.500880
12696,0.818386,59,29,96,0.006303,2.500909
12697,0.818389,59,29,96,0.006303,2.500942
12698,0.818371,59,29,96,0.006302,2.500985
12699,0.818385,59,29,96,0.006303,2.501009
12700,0.818346,59,29,96,0.006302,2.501032
12701,0.818331,59,29,96,0.006301,2.501075
12702,0.818334,59,29,96,0.006301,2.501107
12703,0.818327,59,29,96,0.006300,2.501146
12704,0.818339,59,29,96,0.006301,2.501171
12705,0.818351,59,29,96,0.006301,2.501197
12706,0.818309,59,29,96,0.006300,2.501207
12707,0.818319,59,29,96,0.006301,2.501234
12708,0.818328,59,29,96,0.006301,2.501264
12709,0.818317,59,29,96,0.006300,2.501305
12710,0.818293,59,29,96,0.006299,2.501347
12711,0.818299,59,29,96,0.006299,2.501377
12712,0.818272,59,29,96,0.006298,2.501418
12713,0.818260,59,29,96,0.006297,2.501459
12714,0.818274,59,29,96,0.006298,2.501482
12715,0.818279,59,29,96,0.006298,2.501512
12716,0.818285,59,29,96,0.006298,2.501542
12717,0.818279,59,29,96,0.006297,2.501578
12718,0.818258,59,29,96,0.006297,2.501623
12719,0.818249,59,29,97,0.006296,2.501664
12720,0.818211,59,29,97,0.006295,2.501688
12721,0.818223,59,29,97,0.006295,2.501713
12722,0.818209,59,29,97,0.006295,2.501754
12723,0.818217,59,29,97,0.006295,2.501783
12724,0.818231,59,29,97,0.006296,2.501807
12725,0.818235,59,29,97,0.006296,2.501838
12726,0.818246,59,29,97,0.006296,2.501864
12727,0.818258,59,29,96,0.006297,2.501889
12728,0.818265,59,29,96,0.006297,2.501919
12729,0.818259,59,29,97,0.006296,2.501955
12730,0.818273,59,29,96,0.006297,2.501979
12731,0.818274,59,29,96,0.006297,2.502013
12732,0.818280,59,29,96,0.006297,2.502042
12733,0.818288,59,29,96,0.006297,2.502072
12734,0.818274,59,29,96,0.006296,2.502113
12735,0.818272,59,29,97,0.006296,2.502148
12736,0.818263,59,29,97,0.006295,2.502187
12737,0.818242,59,29,97,0.006294,2.502232
12738,0.818256,59,29,97,0.006296,2.502254
12739,0.818270,59,29,97,0.006297,2.502278
12740,0.818277,59,29,97,0.006297,2.502308
12741,0.818289,59,29,96,0.006298,2.502333
12742,0.818293,59,29,96,0.006298,2.502364
12743,0.818302,59,29,96,0.006298,2.502393
12744,0.818300,59,29,96,0.006297,2.502427
12745,0.818314,59,29,96,0.006298,2.502451
12746,0.818314,59,29,96,0.006298,2.502485
12747,0.818325,59,29,96,0.006298,2.502510
12748,0.818327,59,29,96,0.006298,2.502544
12749,0.818331,59,29,96,0.006298,2.502574
12750,0.818335,59,29,96,0.006297,2.502604
12751,0.818349,59,29,96,0.006299,2.502628
12752,0.818320,59,29,96,0.006298,2.502668
12753,0.818313,59,29,96,0.006297,2.502707
12754,0.818313,59,29,96,0.006297,2.502740
12755,0.818306,59,29,96,0.006296,2.502778
12756,0.818317,59,29,96,0.006297,2.502803
12757,0.818326,59,29,96,0.006297,2.502832
12758,0.818335,59,29,96,0.006297,2.502861
12759,0.818281,59,29,96,0.006296,2.502779
12760,0.818273,59,29,96,0.006295,2.502818
12761,0.818284,59,29,96,0.006296,2.502842
12762,0.818285,59,29,96,0.006295,2.502876
12763,0.818297,59,29,96,0.006296,2.502900
12764,0.818304,59,29,96,0.006296,2.502930
12765,0.818316,59,29,96,0.006296,2.502954
12766,0.818313,59,29,96,0.006296,2.502988
12767,0.818327,59,29,96,0.006297,2.503011
12768,0.818337,59,29,96,0.006297,2.503038
12769,0.818336,59,29,96,0.006297,2.503070
12770,0.818322,59,29,96,0.006296,2.503112
12771,0.818331,59,29,96,0.006296,2.503142
12772,0.818316,59,29,96,0.006295,2.503184
12773,0.818324,59,29,96,0.006295,2.503213
12774,0.818331,59,29,96,0.006295,2.503242
12775,0.818334,59,29,96,0.006295,2.503274
12776,0.818345,59,29,96,0.006295,2.503298
12777,0.818359,59,29,96,0.006297,2.503322
12778,0.818312,59,29,96,0.006296,2.503306
12779,0.818286,59,29,96,0.006295,2.503347
12780,0.818290,59,29,96,0.006295,2.503377
12781,0.818305,59,29,96,0.006296,2.503400
12782,0.818282,59,29,96,0.006296,2.503443
12783,0.818274,59,29,96,0.006295,2.503481
12784,0.818280,59,29,96,0.006295,2.503510
12785,0.818291,59,29,96,0.006295,2.503535
12786,0.818293,59,29,96,0.006295,2.503569
12787,0.818284,59,29,96,0.006294,2.503608
12788,0.818259,59,29,96,0.006293,2.503650
12789,0.818263,59,29,96,0.006293,2.503681
12790,0.818257,59,29,96,0.006292,2.503716
12791,0.818271,59,29,96,0.006294,2.503740
12792,0.818285,59,29,96,0.006295,2.503764
12793,0.818299,59,29,96,0.006297,2.503786
12794,0.818296,59,29,96,0.006296,2.503821
12795,0.818311,59,29,96,0.006298,2.503848
12796,0.818307,59,29,96,0.006297,2.503883
12797,0.818284,59,29,96,0.006297,2.503925
12798,0.818291,59,29,96,0.006297,2.503954
12799,0.818284,59,29,97,0.006296,2.503992
12800,0.818287,59,29,96,0.006296,2.504024
12801,0.818290,59,29,96,0.006295,2.504057
12802,0.818302,59,29,96,0.006296,2.504083
12803,0.818271,59,29,96,0.006295,2.504122
12804,0.818271,59,29,97,0.006295,2.504155
12805,0.818271,59,29,96,0.006294,2.504188
12806,0.818283,59,29,96,0.006295,2.504213
12807,0.818293,59,29,96,0.006295,2.504242
12808,0.818303,59,29,96,0.006295,2.504267
12809,0.818296,59,29,96,0.006295,2.504305
12810,0.818307,59,29,96,0.006295,2.504329
12811,0.818311,59,29,96,0.006295,2.504359
12812,0.818315,59,29,96,0.006295,2.504390
12813,0.818326,59,29,96,0.006295,2.504415
12814,0.818334,59,29,96,0.006295,2.504444
12815,0.818325,59,29,96,0.006294,2.504484
12816,0.818321,59,29,96,0.006294,2.504519
12817,0.818334,59,29,96,0.006295,2.504544
12818,0.818345,59,29,96,0.006295,2.504568
12819,0.818344,59,29,96,0.006295,2.504601
12820,0.818356,59,29,96,0.006295,2.504625
12821,0.818343,59,29,96,0.006295,2.504666
12822,0.818347,59,29,96,0.006294,2.504696
12823,0.818358,59,29,96,0.006295,2.504722
12824,0.818349,59,29,96,0.006294,2.504761
12825,0.818333,59,29,96,0.006293,2.504803
12826,0.818317,59,29,97,0.006293,2.504846
12827,0.818322,59,29,97,0.006292,2.504876
12828,0.818329,59,29,96,0.006292,2.504905
12829,0.818328,59,29,96,0.006292,2.504938
12830,0.818339,59,29,96,0.006292,2.504964
12831,0.818335,59,29,96,0.006292,2.504999
12832,0.818344,59,29,96,0.006292,2.505028
12833,0.818355,59,29,96,0.006292,2.505053
12834,0.818356,59,29,96,0.006292,2.505087
12835,0.818337,59,29,96,0.006291,2.505131
12836,0.818348,59,29,96,0.006291,2.505156
12837,0.818359,59,29,96,0.006292,2.505180
12838,0.818361,59,29,96,0.006291,2.505213
12839,0.818365,59,29,96,0.006291,2.505243
12840,0.818368,59,29,96,0.006291,2.505275
12841,0.818375,59,29,96,0.006291,2.505305
12842,0.818363,59,29,96,0.006290,2.505346
12843,0.818367,59,29,96,0.006290,2.505376
12844,0.818379,59,29,96,0.006290,2.505402
12845,0.818362,59,29,96,0.006289,2.505444
12846,0.818374,59,29,96,0.006290,2.505469
12847,0.818385,59,29,96,0.006291,2.505494
12848,0.818392,59,29,96,0.006290,2.505524
12849,0.818360,59,29,96,0.006289,2.505562
12850,0.818369,59,29,96,0.006290,2.505590
12851,0.818378,59,29,96,0.006290,2.505620
12852,0.818383,59,29,96,0.006289,2.505650
12853,0.818398,59,29,96,0.006291,2.505677
12854,0.818408,59,29,96,0.006292,2.505703
12855,0.818420,59,29,96,0.006292,2.505729
12856,0.818419,59,29,96,0.006292,2.505762
12857,0.818432,59,29,96,0.006293,2.505787
12858,0.818421,59,29,96,0.006292,2.505828
12859,0.818398,59,29,96,0.006291,2.505870
12860,0.818409,59,29,96,0.006292,2.505894
12861,0.818382,59,29,96,0.006291,2.505934
12862,0.818390,59,29,96,0.006291,2.505963
12863,0.818398,59,29,96,0.006291,2.505992
12864,0.818406,59,29,96,0.006291,2.506020
12865,0.818378,59,29,96,0.006290,2.506060
12866,0.818390,59,29,96,0.006290,2.506085
12867,0.818405,59,29,96,0.006292,2.506112
12868,0.818404,59,29,96,0.006292,2.506145
12869,0.818416,59,29,96,0.006292,2.506169
12870,0.818415,59,29,96,0.006292,2.506202
12871,0.818424,59,29,96,0.006292,2.506230
12872,0.818418,59,29,96,0.006291,2.506268
12873,0.818430,59,29,96,0.006292,2.506293
12874,0.818405,59,29,96,0.006291,2.506334
12875,0.818383,59,29,96,0.006291,2.506377
12876,0.818385,59,29,96,0.006290,2.506410
12877,0.818364,59,29,96,0.006289,2.506454
12878,0.818376,59,29,96,0.006290,2.506479
12879,0.818389,59,29,96,0.006291,2.506504
12880,0.818395,59,29,96,0.006291,2.506533
12881,0.818407,59,29,96,0.006292,2.506557
12882,0.818421,59,29,96,0.006293,2.506582
12883,0.818432,59,29,96,0.006294,2.506607
12884,0.818420,59,29,96,0.006293,2.506647
12885,0.818417,59,29,96,0.006292,2.506682
12886,0.818430,59,29,96,0.006293,2.506706
12887,0.818413,59,29,96,0.006293,2.506749
12888,0.818371,59,29,96,0.006292,2.506758
12889,0.818329,59,29,96,0.006291,2.506765
12890,0.818323,59,29,97,0.006290,2.506801
12891,0.818329,59,29,96,0.006290,2.506830
12892,0.818342,59,29,96,0.006291,2.506855
12893,0.818309,59,29,97,0.006290,2.506890
12894,0.818274,59,29,97,0.006289,2.506921
12895,0.818281,59,29,97,0.006289,2.506950
12896,0.818281,59,29,97,0.006288,2.506982
12897,0.818292,59,29,97,0.006289,2.507007
12898,0.818300,59,29,97,0.006289,2.507036
12899,0.818305,59,29,96,0.006289,2.507065
12900,0.818305,59,29,96,0.006288,2.507098
12901,0.818290,59,29,97,0.006287,2.507140
12902,0.818302,59,29,96,0.006288,2.507165
12903,0.818268,59,29,97,0.006287,2.507197
12904,0.818268,59,29,97,0.006287,2.507229
12905,0.818272,59,29,96,0.006286,2.507259
12906,0.818234,59,29,97,0.006286,2.507282
12907,0.818241,59,29,97,0.006285,2.507312
12908,0.818254,59,29,96,0.006286,2.507336
12909,0.818263,59,29,96,0.006286,2.507366
12910,0.818221,59,29,97,0.006285,2.507373
12911,0.818235,59,29,96,0.006287,2.507399
12912,0.818244,59,29,96,0.006287,2.507428
12913,0.818246,59,29,96,0.006287,2.507462
12914,0.818253,59,29,96,0.006287,2.507492
12915,0.818259,59,29,96,0.006287,2.507521
12916,0.818258,59,29,96,0.006286,2.507554
12917,0.818253,59,29,96,0.006285,2.507589
12918,0.818223,59,29,97,0.006285,2.507628
12919,0.818235,59,29,97,0.006285,2.507652
12920,0.818225,59,29,97,0.006285,2.507693
12921,0.818237,59,29,97,0.006285,2.507717
12922,0.818237,59,29,97,0.006285,2.507750
12923,0.818241,59,29,96,0.006285,2.507781
12924,0.818243,59,29,96,0.006284,2.507813
12925,0.818255,59,29,96,0.006285,2.507838
12926,0.818240,59,29,96,0.006284,2.507879
12927,0.818217,59,29,97,0.006283,2.507920
12928,0.818230,59,29,97,0.006284,2.507945
12929,0.818243,59,29,96,0.006285,2.507968
12930,0.818248,59,29,96,0.006285,2.507998
12931,0.818254,59,29,96,0.006285,2.508027
12932,0.818268,59,29,96,0.006287,2.508050
12933,0.818263,59,29,96,0.006286,2.508084
12934,0.818269,59,29,96,0.006286,2.508113
12935,0.818276,59,29,96,0.006286,2.508142
12936,0.818283,59,29,96,0.006286,2.508171
12937,0.818280,59,29,96,0.006285,2.508206
12938,0.818290,59,29,96,0.006285,2.508232
12939,0.818303,59,29,96,0.006286,2.508256
12940,0.818261,59,29,96,0.006285,2.508264
12941,0.818263,59,29,96,0.006285,2.508298
12942,0.818267,59,29,96,0.006285,2.508327
12943,0.818268,59,29,96,0.006284,2.508360
12944,0.818277,59,29,96,0.006284,2.508388
12945,0.818272,59,29,96,0.006284,2.508424
12946,0.818267,59,29,96,0.006283,2.508459
12947,0.818280,59,29,96,0.006284,2.508483
12948,0.818294,59,29,96,0.006285,2.508507
12949,0.818298,59,29,96,0.006285,2.508536
12950,0.818306,59,29,96,0.006285,2.508565
12951,0.818311,59,29,96,0.006285,2.508594
12952,0.818323,59,29,96,0.006286,2.508619
12953,0.818337,59,29,96,0.006287,2.508644
12954,0.818338,59,29,96,0.006287,2.508677
12955,0.818348,59,29,96,0.006287,2.508705
12956,0.818361,59,29,96,0.006288,2.508729
12957,0.818373,59,29,96,0.006289,2.508754
12958,0.818385,59,29,96,0.006289,2.508779
12959,0.818379,59,29,96,0.006289,2.508814
12960,0.818391,59,29,96,0.006289,2.508838
12961,0.818374,59,29,96,0.006289,2.508880
12962,0.818381,59,29,96,0.006288,2.508910
12963,0.818347,59,29,96,0.006288,2.508942
12964,0.818336,59,29,96,0.006287,2.508982
12965,0.818328,59,29,96,0.006286,2.509020
12966,0.818309,59,29,96,0.006285,2.509064
12967,0.818271,59,29,96,0.006284,2.509088
12968,0.818285,59,29,96,0.006286,2.509111
12969,0.818297,59,29,96,0.006287,2.509136
12970,0.818294,59,29,96,0.006286,2.509170
12971,0.818288,59,29,96,0.006285,2.509205
12972,0.818299,59,29,96,0.006286,2.509229
12973,0.818272,59,29,96,0.006285,2.509268
12974,0.818282,59,29,96,0.006285,2.509298
12975,0.818288,59,29,96,0.006285,2.509327
12976,0.818281,59,29,96,0.006284,2.509364
12977,0.818293,59,29,96,0.006285,2.509389
12978,0.818305,59,29,96,0.006286,2.509413
12979,0.818318,59,29,96,0.006287,2.509438
12980,0.818325,59,29,96,0.006287,2.509467
12981,0.818327,59,29,96,0.006286,2.509500
12982,0.818289,59,29,96,0.006285,2.509523
12983,0.818303,59,29,96,0.006287,2.509547
12984,0.818307,59,29,96,0.006287,2.509576
12985,0.818294,59,29,96,0.006286,2.509616
12986,0.818305,59,29,96,0.006286,2.509640
12987,0.818312,59,29,96,0.006286,2.509670
12988,0.818315,59,29,96,0.006286,2.509702
12989,0.818269,59,29,96,0.006285,2.509684
12990,0.818279,59,29,96,0.006285,2.509710
12991,0.818281,59,29,96,0.006285,2.509743
12992,0.818265,59,29,96,0.006284,2.509784
12993,0.818253,59,29,96,0.006283,2.509825
12994,0.818257,59,29,96,0.006283,2.509854
12995,0.818263,59,29,96,0.006283,2.509883
12996,0.818275,59,29,96,0.006284,2.509908
12997,0.818276,59,29,96,0.006283,2.509940
12998,0.818284,59,29,96,0.006283,2.509969
12999,0.818296,59,29,96,0.006284,2.509993
13000,0.818283,59,29,96,0.006283,2.510034
13001,0.818245,59,29,96,0.006282,2.510054
13002,0.818249,59,29,96,0.006282,2.510083
13003,0.818261,59,29,96,0.006283,2.510108
13004,0.818249,59,29,96,0.006282,2.510148
13005,0.818256,59,29,96,0.006282,2.510177
13006,0.818252,59,29,96,0.006281,2.510211
13007,0.818234,59,29,96,0.006280,2.510254
13008,0.818248,59,29,96,0.006282,2.510279
13009,0.818244,59,29,96,0.006282,2.510314
13010,0.818257,59,29,96,0.006282,2.510339
13011,0.818267,59,29,96,0.006283,2.510365
13012,0.818277,59,29,96,0.006283,2.510391
13013,0.818288,59,29,96,0.006283,2.510415
13014,0.818300,59,29,96,0.006284,2.510439
13015,0.818304,59,29,96,0.006284,2.510469
13016,0.818317,59,29,96,0.006285,2.510493
13017,0.818331,59,29,96,0.006286,2.510518
13018,0.818303,59,29,96,0.006285,2.510556
13019,0.818294,59,29,96,0.006285,2.510594
13020,0.818292,59,29,96,0.006284,2.510627
13021,0.818302,59,29,96,0.006284,2.510652
13022,0.818313,59,29,96,0.006285,2.510678
13023,0.818322,59,29,96,0.006285,2.510707
13024,0.818336,59,29,96,0.006287,2.510734
13025,0.818348,59,29,96,0.006287,2.510758
13026,0.818345,59,29,96,0.006287,2.510792
13027,0.818358,59,29,96,0.006288,2.510816
13028,0.818329,59,29,96,0.006287,2.510856
13029,0.818337,59,29,96,0.006287,2.510884
13030,0.818303,59,29,96,0.006286,2.510916
13031,0.818304,59,29,96,0.006285,2.510950
13032,0.818316,59,29,96,0.006286,2.510974
13033,0.818328,59,29,96,0.006287,2.510998
13034,0.818333,59,29,96,0.006287,2.511027
13035,0.818307,59,29,96,0.006286,2.511067
13036,0.818316,59,29,96,0.006286,2.511097
13037,0.818325,59,29,96,0.006286,2.511126
13038,0.818328,59,29,96,0.006286,2.511156
13039,0.818325,59,29,96,0.006285,2.511190
13040,0.818320,59,29,96,0.006284,2.511225
13041,0.818295,59,29,96,0.006284,2.511265
13042,0.818308,59,29,96,0.006284,2.511289
13043,0.818317,59,29,96,0.006284,2.511318
13044,0.818327,59,29,96,0.006285,2.511343
13045,0.818337,59,29,96,0.006285,2.511368
13046,0.818349,59,29,96,0.006286,2.511392
13047,0.818345,59,29,96,0.006285,2.511426
13048,0.818355,59,29,96,0.006286,2.511452
13049,0.818359,59,29,96,0.006285,2.511480
13050,0.818349,59,29,96,0.006285,2.511521
13051,0.818356,59,29,96,0.006285,2.511550
13052,0.818336,59,29,96,0.006284,2.511593
13053,0.818342,59,29,96,0.006284,2.511623
13054,0.818347,59,29,96,0.006283,2.511652
13055,0.818360,59,29,96,0.006284,2.511677
13056,0.818369,59,29,96,0.006284,2.511706
13057,0.818369,59,29,96,0.006284,2.511738
13058,0.818376,59,29,96,0.006284,2.511767
13059,0.818370,59,29,96,0.006283,2.511802
13060,0.818378,59,29,96,0.006283,2.511830
13061,0.818350,59,29,96,0.006282,2.511869
13062,0.818359,59,29,96,0.006282,2.511898
13063,0.818373,59,29,96,0.006284,2.511922
13064,0.818387,59,29,96,0.006286,2.511947
13065,0.818401,59,29,96,0.006287,2.511972
13066,0.818408,59,29,96,0.006287,2.512001
13067,0.818409,59,29,96,0.006287,2.512033
13068,0.818423,59,29,96,0.006289,2.512057
13069,0.818437,59,29,96,0.006290,2.512081
13070,0.818427,59,29,96,0.006290,2.512121
13071,0.818428,59,29,96,0.006289,2.512154
13072,0.818442,59,29,96,0.006291,2.512178
13073,0.818456,59,29,96,0.006292,2.512201
13074,0.818466,59,29,96,0.006292,2.512226
13075,0.818472,59,29,96,0.006292,2.512255
13076,0.818475,59,29,96,0.006292,2.512287
13077,0.818465,59,29,96,0.006291,2.512326
13078,0.818454,59,29,96,0.006291,2.512367
13079,0.818464,59,29,96,0.006291,2.512392
13080,0.818463,59,29,96,0.006290,2.512424
13081,0.818471,59,29,96,0.006290,2.512452
13082,0.818480,59,29,96,0.006291,2.512477
13083,0.818491,59,29,96,0.006291,2.512502
13084,0.818468,59,29,96,0.006290,2.512543
13085,0.818479,59,29,96,0.006291,2.512567
13086,0.818473,59,29,96,0.006290,2.512601
13087,0.818478,59,29,96,0.006290,2.512630
13088,0.818481,59,29,96,0.006290,2.512662
13089,0.818480,59,29,96,0.006289,2.512694
13090,0.818487,59,29,96,0.006289,2.512723
13091,0.818485,59,29,96,0.006289,2.512756
13092,0.818494,59,29,96,0.006289,2.512782
13093,0.818501,59,29,96,0.006289,2.512811
13094,0.818494,59,29,96,0.006288,2.512848
13095,0.818489,59,29,96,0.006287,2.512883
13096,0.818494,59,29,96,0.006287,2.512912
13097,0.818504,59,29,96,0.006288,2.512937
13098,0.818516,59,29,96,0.006288,2.512961
13099,0.818511,59,29,96,0.006288,2.512995
13100,0.818526,59,29,96,0.006289,2.513022
13101,0.818461,59,29,96,0.006288,2.512388
13102,0.818474,59,29,96,0.006289,2.512412
13103,0.818477,59,29,96,0.006289,2.512442
13104,0.818482,59,29,96,0.006289,2.512471
13105,0.818473,59,29,96,0.006288,2.512510
13106,0.818461,59,29,96,0.006287,2.512549
13107,0.818467,59,29,96,0.006287,2.512578
13108,0.818475,59,29,96,0.006287,2.512607
13109,0.818466,59,29,96,0.006286,2.512646
13110,0.818472,59,29,96,0.006286,2.512674
13111,0.818477,59,29,96,0.006286,2.512702
13112,0.818479,59,29,96,0.006286,2.512735
13113,0.818489,59,29,96,0.006286,2.512760
13114,0.818490,59,29,96,0.006286,2.512793
13115,0.818503,59,29,96,0.006287,2.512817
13116,0.818514,59,29,96,0.006287,2.512841
13117,0.818517,59,29,96,0.006287,2.512873
13118,0.818516,59,29,96,0.006286,2.512904
13119,0.818528,59,29,96,0.006287,2.512928
13120,0.818541,59,29,96,0.006288,2.512953
13121,0.818530,59,29,96,0.006287,2.512993
13122,0.818495,59,29,96,0.006287,2.513023
13123,0.818489,59,29,96,0.006286,2.513058
13124,0.818491,59,29,96,0.006286,2.513091
13125,0.818453,59,29,96,0.006285,2.513111
13126,0.818437,59,29,96,0.006284,2.513152
13127,0.818450,59,29,96,0.006285,2.513176
13128,0.818453,59,29,96,0.006285,2.513207
13129,0.818463,59,29,96,0.006285,2.513236
13130,0.818446,59,29,96,0.006284,2.513277
13131,0.818454,59,29,96,0.006284,2.513306
13132,0.818455,59,29,96,0.006283,2.513338
13133,0.818464,59,29,96,0.006283,2.513367
13134,0.818465,59,29,96,0.006283,2.513400
13135,0.818467,59,29,96,0.006283,2.513432
13136,0.818476,59,29,96,0.006283,2.513461
13137,0.818473,59,29,96,0.006282,2.513495
13138,0.818486,59,29,96,0.006283,2.513519
13139,0.818493,59,29,96,0.006283,2.513548
13140,0.818496,59,29,96,0.006283,2.513580
13141,0.818508,59,29,96,0.006284,2.513605
13142,0.818522,59,29,96,0.006285,2.513627
13143,0.818532,59,29,96,0.006286,2.513652
13144,0.818501,59,29,96,0.006285,2.513689
13145,0.818481,59,29,96,0.006284,2.513732
13146,0.818451,59,29,96,0.006283,2.513771
13147,0.818446,59,29,96,0.006282,2.513805
13148,0.818457,59,29,96,0.006283,2.513829
13149,0.818441,59,29,96,0.006282,2.513870
13150,0.818453,59,29,96,0.006283,2.513894
13151,0.818447,59,29,96,0.006282,2.513928
13152,0.818443,59,29,96,0.006282,2.513962
13153,0.818450,59,29,96,0.006282,2.513990
13154,0.818456,59,29,96,0.006281,2.514019
13155,0.818466,59,29,96,0.006282,2.514044
13156,0.818471,59,29,96,0.006282,2.514072
13157,0.818482,59,29,96,0.006282,2.514096
13158,0.818486,59,29,96,0.006282,2.514126
13159,0.818482,59,29,96,0.006281,2.514160
13160,0.818491,59,29,96,0.006281,2.514188
13161,0.818483,59,29,96,0.006281,2.514226
13162,0.818464,59,29,96,0.006280,2.514269
13163,0.818471,59,29,96,0.006280,2.514297
13164,0.818481,59,29,96,0.006280,2.514325
13165,0.818474,59,29,96,0.006279,2.514361
13166,0.818467,59,29,96,0.006279,2.514398
13167,0.818451,59,29,96,0.006278,2.514439
13168,0.818461,59,29,96,0.006278,2.514465
13169,0.818472,59,29,96,0.006279,2.514489
13170,0.818467,59,29,96,0.006278,2.514523
13171,0.818473,59,29,96,0.006278,2.514552
13172,0.818482,59,29,96,0.006278,2.514577
13173,0.818491,59,29,96,0.006278,2.514606
13174,0.818484,59,29,96,0.006278,2.514643
13175,0.818458,59,29,96,0.006277,2.514683
13176,0.818459,59,29,96,0.006276,2.514715
13177,0.818469,59,29,96,0.006277,2.514740
13178,0.818481,59,29,96,0.006277,2.514764
13179,0.818483,59,29,96,0.006277,2.514797
13180,0.818495,59,29,96,0.006278,2.514820
13181,0.818508,59,29,96,0.006279,2.514845
13182,0.818517,59,29,96,0.006279,2.514872
13183,0.818527,59,29,96,0.006279,2.514897
13184,0.818531,59,29,96,0.006279,2.514926
13185,0.818533,59,29,96,0.006279,2.514958
13186,0.818546,59,29,96,0.006280,2.514982
13187,0.818559,59,29,96,0.006281,2.515004
13188,0.818564,59,29,96,0.006281,2.515033
13189,0.818554,59,29,96,0.006280,2.515072
13190,0.818558,59,29,96,0.006280,2.515103
13191,0.818560,59,29,96,0.006280,2.515134
13192,0.818550,59,29,96,0.006279,2.515174
13193,0.818560,59,29,96,0.006279,2.515199
13194,0.818567,59,29,96,0.006279,2.515227
13195,0.818573,59,29,96,0.006279,2.515256
13196,0.818565,59,29,96,0.006278,2.515293
13197,0.818575,59,29,96,0.006279,2.515318
13198,0.818586,59,29,96,0.006279,2.515341
13199,0.818593,59,29,96,0.006279,2.515369
13200,0.818599,59,29,96,0.006279,2.515398
13201,0.818609,59,29,96,0.006279,2.515427
13202,0.818619,59,29,96,0.006280,2.515451
13203,0.818624,59,29,96,0.006280,2.515480
13204,0.818637,59,29,96,0.006281,2.515505
13205,0.818627,59,29,96,0.006280,2.515544
13206,0.818585,59,29,96,0.006279,2.515550
13207,0.818575,59,29,96,0.006278,2.515589
13208,0.818576,59,29,96,0.006278,2.515621
13209,0.818573,59,29,96,0.006277,2.515655
13210,0.818587,59,29,96,0.006278,2.515679
13211,0.818571,59,29,96,0.006278,2.515720
13212,0.818584,59,29,96,0.006279,2.515743
13213,0.818597,59,29,96,0.006280,2.515766
13214,0.818588,59,29,96,0.006280,2.515804
13215,0.818587,59,29,96,0.006279,2.515836
13216,0.818573,59,29,96,0.006278,2.515877
13217,0.818564,59,29,96,0.006278,2.515916
13218,0.818523,59,29,96,0.006277,2.515921
13219,0.818520,59,29,96,0.006276,2.515955
13220,0.818517,59,29,96,0.006276,2.515989
13221,0.818488,59,29,96,0.006275,2.516027
13222,0.818498,59,29,96,0.006275,2.516051
13223,0.818507,59,29,96,0.006275,2.516080
13224,0.818472,59,29,96,0.006274,2.516109
13225,0.818469,59,29,96,0.006274,2.516142
13226,0.818478,59,29,96,0.006274,2.516168
13227,0.818492,59,29,96,0.006276,2.516190
13228,0.818503,59,29,96,0.006276,2.516214
13229,0.818515,59,29,96,0.006277,2.516237
13230,0.818514,59,29,96,0.006276,2.516269
13231,0.818528,59,29,96,0.006278,2.516294
13232,0.818542,59,29,96,0.006280,2.516321
13233,0.818554,59,29,96,0.006281,2.516345
13234,0.818567,59,29,96,0.006282,2.516369
13235,0.818575,59,29,96,0.006282,2.516397
13236,0.818534,59,29,96,0.006281,2.516404
13237,0.818533,59,29,96,0.006280,2.516436
13238,0.818547,59,29,96,0.006282,2.516458
13239,0.818544,59,29,96,0.006281,2.516491
13240,0.818550,59,29,96,0.006281,2.516519
13241,0.818552,59,29,96,0.006281,2.516551
13242,0.818551,59,29,96,0.006280,2.516583
13243,0.818554,59,29,96,0.006280,2.516613
13244,0.818561,59,29,96,0.006280,2.516641
13245,0.818550,59,29,96,0.006279,2.516680
13246,0.818503,59,29,96,0.006278,2.516657
13247,0.818508,59,29,96,0.006278,2.516686
13248,0.818521,59,29,96,0.006279,2.516710
13249,0.818510,59,29,96,0.006278,2.516750
13250,0.818524,59,29,96,0.006280,2.516773
13251,0.818526,59,29,96,0.006280,2.516804
13252,0.818529,59,29,96,0.006279,2.516836
13253,0.818532,59,29,96,0.006279,2.516865
13254,0.818538,59,29,96,0.006279,2.516894
13255,0.818543,59,29,96,0.006279,2.516923
13256,0.818524,59,29,96,0.006278,2.516966
13257,0.818525,59,29,96,0.006277,2.516998
13258,0.818480,59,29,96,0.006276,2.516981
13259,0.818462,59,29,96,0.006276,2.517023
13260,0.818476,59,29,96,0.006277,2.517046
13261,0.818472,59,29,96,0.006277,2.517079
13262,0.818450,59,29,96,0.006276,2.517121
13263,0.818451,59,29,96,0.006275,2.517153
13264,0.818459,59,29,96,0.006275,2.517181
13265,0.818473,59,29,96,0.006277,2.517205
13266,0.818480,59,29,96,0.006277,2.517233
13267,0.818493,59,29,96,0.006278,2.517255
13268,0.818501,59,29,96,0.006278,2.517283
13269,0.818514,59,29,96,0.006279,2.517307
13270,0.818494,59,29,96,0.006279,2.517350
13271,0.818507,59,29,96,0.006280,2.517373
13272,0.818521,59,29,96,0.006281,2.517398
13273,0.818493,59,29,96,0.006280,2.517436
13274,0.818489,59,29,96,0.006279,2.517469
13275,0.818500,59,29,96,0.006280,2.517492
13276,0.818491,59,29,96,0.006279,2.517531
13277,0.818488,59,29,96,0.006279,2.517563
13278,0.818497,59,29,96,0.006279,2.517592
13279,0.818502,59,29,96,0.006279,2.517620
13280,0.818516,59,29,96,0.006280,2.517647
13281,0.818524,59,29,96,0.006280,2.517675
13282,0.818536,59,29,96,0.006281,2.517699
13283,0.818533,59,29,96,0.006281,2.517732
13284,0.818542,59,29,96,0.006281,2.517761
13285,0.818542,59,29,96,0.006280,2.517793
13286,0.818551,59,29,96,0.006280,2.517820
13287,0.818542,59,29,96,0.006280,2.517858
13288,0.818555,59,29,96,0.006281,2.517881
13289,0.818565,59,29,96,0.006281,2.517905
13290,0.818549,59,29,96,0.006281,2.517947
13291,0.818562,59,29,96,0.006282,2.517970
13292,0.818566,59,29,96,0.006282,2.517998
13293,0.818577,59,29,96,0.006283,2.518022
13294,0.818576,59,29,96,0.006282,2.518054
13295,0.818585,59,29,96,0.006282,2.518083
13296,0.818581,59,29,96,0.006282,2.518116
13297,0.818582,59,29,96,0.006281,2.518148
13298,0.818586,59,29,96,0.006281,2.518177
13299,0.818596,59,29,96,0.006281,2.518202
13300,0.818607,59,29,96,0.006282,2.518225
13301,0.818620,59,29,96,0.006283,2.518247
13302,0.818615,59,29,96,0.006283,2.518281
13303,0.818598,59,29,96,0.006282,2.518323
13304,0.818608,59,29,96,0.006282,2.518347
13305,0.818617,59,29,96,0.006282,2.518376
13306,0.818623,59,29,96,0.006282,2.518404
13307,0.818631,59,29,96,0.006282,2.518432
13308,0.818645,59,29,96,0.006284,2.518456
13309,0.818619,59,29,96,0.006283,2.518496
13310,0.818621,59,29,96,0.006283,2.518527
13311,0.818626,59,29,96,0.006283,2.518555
13312,0.818626,59,29,96,0.006282,2.518587
13313,0.818626,59,29,96,0.006282,2.518619
13314,0.818633,59,29,96,0.006282,2.518646
13315,0.818608,59,29,96,0.006281,2.518686
13316,0.818622,59,29,96,0.006283,2.518713
13317,0.818631,59,29,96,0.006283,2.518741
13318,0.818640,59,29,96,0.006283,2.518769
13319,0.818650,59,29,96,0.006283,2.518794
13320,0.818663,59,29,96,0.006284,2.518817
13321,0.818677,59,29,96,0.006286,2.518843
13322,0.818684,59,29,96,0.006286,2.518871
13323,0.818677,59,29,96,0.006285,2.518908
13324,0.818689,59,29,96,0.006286,2.518932
13325,0.818687,59,29,96,0.006285,2.518965
13326,0.818700,59,29,96,0.006287,2.518987
13327,0.818670,59,29,96,0.006286,2.519024
13328,0.818680,59,29,96,0.006286,2.519048
13329,0.818680,59,29,96,0.006286,2.519080
13330,0.818692,59,29,96,0.006287,2.519104
13331,0.818683,59,29,96,0.006286,2.519141
13332,0.818686,59,29,96,0.006286,2.519173
13333,0.818682,59,29,96,0.006285,2.519206
13334,0.818665,59,29,96,0.006284,2.519247
13335,0.818666,59,29,96,0.006284,2.519279
13336,0.818680,59,29,96,0.006286,2.519305
13337,0.818692,59,29,96,0.006286,2.519330
13338,0.818698,59,29,96,0.006286,2.519358
13339,0.818660,59,29,96,0.006285,2.519377
13340,0.818674,59,29,96,0.006287,2.519401
13341,0.818684,59,29,96,0.006287,2.519426
13342,0.818690,59,29,96,0.006287,2.519454
13343,0.818702,59,29,96,0.006288,2.519478
13344,0.818714,59,29,96,0.006289,2.519501
13345,0.818724,59,29,96,0.006289,2.519527
13346,0.818735,59,29,96,0.006290,2.519552
13347,0.818742,59,29,96,0.006290,2.519580
13348,0.818755,59,29,96,0.006291,2.519603
13349,0.818760,59,29,96,0.006291,2.519631
13350,0.818773,59,29,96,0.006292,2.519654
13351,0.818787,59,29,96,0.006293,2.519676
13352,0.818792,59,29,96,0.006293,2.519704
13353,0.818804,59,29,96,0.006294,2.519728
13354,0.818962,59,29,96,0.006293,2.519308
13355,0.818911,59,29,96,0.006292,2.519234
13356,0.818906,59,29,96,0.006292,2.519269
13357,0.818901,59,29,96,0.006291,2.519303
13358,0.818907,59,29,96,0.006291,2.519330
13359,0.818919,59,29,96,0.006292,2.519355
13360,0.818878,59,29,96,0.006291,2.519360
13361,0.818876,59,29,96,0.006290,2.519393
13362,0.818885,59,29,96,0.006290,2.519422
13363,0.818896,59,29,96,0.006291,2.519445
13364,0.818881,59,29,96,0.006290,2.519486
13365,0.818889,59,29,96,0.006290,2.519514
13366,0.818885,59,29,96,0.006290,2.519547
13367,0.818883,59,29,96,0.006289,2.519578
13368,0.818875,59,29,96,0.006289,2.519615
13369,0.818887,59,29,96,0.006290,2.519639
13370,0.818895,59,29,96,0.006290,2.519667
13371,0.818884,59,29,96,0.006289,2.519706
13372,0.818881,59,29,96,0.006288,2.519739
13373,0.818883,59,29,96,0.006288,2.519770
13374,0.818893,59,29,96,0.006288,2.519794
13375,0.818894,59,29,96,0.006288,2.519826
13376,0.818887,59,29,96,0.006287,2.519863
13377,0.818900,59,29,96,0.006289,2.519887
13378,0.818897,59,29,96,0.006288,2.519920
13379,0.818909,59,29,96,0.006289,2.519944
13380,0.818921,59,29,96,0.006290,2.519967
13381,0.818927,59,29,96,0.006290,2.519995
13382,0.818929,59,29,96,0.006289,2.520027
13383,0.818912,59,29,96,0.006288,2.520068
13384,0.818899,59,29,96,0.006288,2.520108
13385,0.818890,59,29,96,0.006287,2.520145
13386,0.818880,59,29,96,0.006286,2.520183
13387,0.818882,59,29,96,0.006286,2.520215
13388,0.818895,59,29,96,0.006287,2.520238
13389,0.818877,59,29,96,0.006286,2.520280
13390,0.818890,59,29,96,0.006287,2.520303
13391,0.818860,59,29,96,0.006286,2.520341
13392,0.818854,59,29,96,0.006286,2.520377
13393,0.818866,59,29,96,0.006287,2.520401
13394,0.818871,59,29,96,0.006286,2.520429
13395,0.818882,59,29,96,0.006287,2.520453
13396,0.818879,59,29,96,0.006286,2.520485
13397,0.818891,59,29,96,0.006287,2.520509
13398,0.818891,59,29,96,0.006287,2.520541
13399,0.818884,59,29,96,0.006286,2.520577
13400,0.818896,59,29,96,0.006287,2.520600
13401,0.818896,59,29,96,0.006286,2.520632
13402,0.818910,59,29,96,0.006288,2.520656
13403,0.818898,59,29,96,0.006287,2.520696
13404,0.818875,59,29,96,0.006286,2.520736
13405,0.818870,59,29,96,0.006286,2.520770
13406,0.818879,59,29,96,0.006286,2.520799
13407,0.818882,59,29,96,0.006286,2.520830
13408,0.818866,59,29,96,0.006285,2.520870
13409,0.818851,59,29,96,0.006284,2.520910
13410,0.818853,59,29,96,0.006284,2.520942
13411,0.818860,59,29,96,0.006284,2.520970
13412,0.818874,59,29,96,0.006285,2.520996
13413,0.818885,59,29,96,0.006286,2.521019
13414,0.818891,59,29,96,0.006286,2.521047
13415,0.818895,59,29,96,0.006286,2.521076
13416,0.818907,59,29,96,0.006286,2.521099
13417,0.818902,59,29,96,0.006286,2.521133
13418,0.818915,59,29,96,0.006287,2.521156
13419,0.818925,59,29,96,0.006287,2.521181
13420,0.818939,59,29,96,0.006289,2.521207
13421,0.818948,59,29,96,0.006289,2.521233
13422,0.818911,59,29,96,0.006288,2.521252
13423,0.818885,59,29,96,0.006287,2.521291
13424,0.818877,59,29,96,0.006287,2.521328
13425,0.818872,59,29,96,0.006286,2.521362
13426,0.818883,59,29,96,0.006287,2.521385
13427,0.818894,59,29,96,0.006287,2.521410
13428,0.818883,59,29,96,0.006286,2.521448
13429,0.818863,59,29,96,0.006285,2.521490
13430,0.818868,59,29,96,0.006285,2.521518
13431,0.818873,59,29,96,0.006285,2.521546
13432,0.818874,59,29,96,0.006285,2.521578
13433,0.818887,59,29,96,0.006286,2.521601
13434,0.818898,59,29,96,0.006287,2.521625
13435,0.818903,59,29,96,0.006286,2.521653
13436,0.818916,59,29,96,0.006287,2.521676
13437,0.818929,59,29,96,0.006289,2.521699
13438,0.818909,59,29,96,0.006288,2.521742
13439,0.818912,59,29,96,0.006288,2.521773
13440,0.818923,59,29,96,0.006288,2.521796
13441,0.818905,59,29,96,0.006288,2.521838
13442,0.818894,59,29,96,0.006287,2.521877
13443,0.818894,59,29,96,0.006286,2.521909
13444,0.818905,59,29,96,0.006287,2.521932
13445,0.818918,59,29,96,0.006289,2.521955
13446,0.818920,59,29,96,0.006288,2.521986
13447,0.818913,59,29,96,0.006288,2.522022
13448,0.818916,59,29,96,0.006287,2.522053
13449,0.818918,59,29,96,0.006287,2.522084
13450,0.818909,59,29,96,0.006286,2.522121
13451,0.818918,59,29,96,0.006286,2.522149
13452,0.818928,59,29,96,0.006287,2.522173
13453,0.818934,59,29,96,0.006287,2.522201
13454,0.818923,59,29,96,0.006286,2.522240
13455,0.818904,59,29,96,0.006285,2.522282
13456,0.818877,59,29,96,0.006284,2.522320
13457,0.818886,59,29,96,0.006284,2.522348
13458,0.818897,59,29,96,0.006285,2.522371
13459,0.818888,59,29,96,0.006284,2.522408
13460,0.818901,59,29,96,0.006286,2.522434
13461,0.818904,59,29,96,0.006286,2.522465
13462,0.818909,59,29,96,0.006285,2.522494
13463,0.818892,59,29,96,0.006285,2.522534
13464,0.818902,59,29,96,0.006285,2.522558
13465,0.818906,59,29,96,0.006285,2.522587
13466,0.818900,59,29,96,0.006284,2.522622
13467,0.818899,59,29,96,0.006284,2.522654
13468,0.818888,59,29,96,0.006283,2.522693
13469,0.818900,59,29,96,0.006284,2.522715
13470,0.818914,59,29,96,0.006286,2.522737
13471,0.818922,59,29,96,0.006286,2.522765
13472,0.818919,59,29,96,0.006285,2.522797
13473,0.818920,59,29,96,0.006285,2.522829
13474,0.818908,59,29,96,0.006284,2.522867
13475,0.818907,59,29,96,0.006283,2.522898
13476,0.818918,59,29,96,0.006284,2.522922
13477,0.818902,59,29,96,0.006283,2.522962
13478,0.818850,59,29,96,0.006282,2.522866
13479,0.818863,59,29,96,0.006284,2.522889
13480,0.818865,59,29,96,0.006283,2.522920
13481,0.818878,59,29,96,0.006284,2.522943
13482,0.818876,59,29,96,0.006284,2.522976
13483,0.818874,59,29,96,0.006283,2.523008
13484,0.818877,59,29,96,0.006283,2.523039
13485,0.818881,59,29,96,0.006283,2.523067
13486,0.818845,59,29,96,0.006282,2.523090
13487,0.818846,59,29,96,0.006282,2.523122
13488,0.818848,59,29,96,0.006281,2.523153
13489,0.818850,59,29,96,0.006281,2.523183
13490,0.818863,59,29,96,0.006282,2.523207
13491,0.818853,59,29,96,0.006281,2.523245
13492,0.818844,59,29,96,0.006281,2.523282
13493,0.818844,59,29,96,0.006280,2.523313
13494,0.818847,59,29,96,0.006280,2.523343
13495,0.818849,59,29,96,0.006279,2.523374
13496,0.818858,59,29,96,0.006280,2.523402
13497,0.818818,59,29,96,0.006279,2.523410
13498,0.818825,59,29,96,0.006279,2.523437
13499,0.818837,59,29,96,0.006279,2.523461
13500,0.818836,59,29,96,0.006279,2.523492
13501,0.818829,59,29,96,0.006278,2.523529
13502,0.818791,59,29,96,0.006277,2.523546
13503,0.818804,59,29,96,0.006279,2.523568
13504,0.818817,59,29,96,0.006280,2.523591
13505,0.818796,59,29,96,0.006279,2.523633
13506,0.818810,59,29,96,0.006280,2.523655
13507,0.818777,59,29,96,0.006280,2.523686
13508,0.818781,59,29,96,0.006279,2.523714
13509,0.818791,59,29,96,0.006280,2.523738
13510,0.818798,59,29,96,0.006280,2.523766
13511,0.818808,59,29,96,0.006280,2.523790
13512,0.818807,59,29,96,0.006280,2.523821
13513,0.818813,59,29,96,0.006279,2.523848
13514,0.818826,59,29,96,0.006281,2.523870
13515,0.818838,59,29,96,0.006282,2.523893
13516,0.818832,59,29,96,0.006281,2.523928
13517,0.818836,59,29,96,0.006281,2.523956
13518,0.818795,59,29,96,0.006280,2.523959
13519,0.818800,59,29,96,0.006280,2.523987
13520,0.818811,59,29,96,0.006280,2.524010
13521,0.818810,59,29,96,0.006280,2.524041
13522,0.818823,59,29,96,0.006281,2.524065
13523,0.818811,59,29,96,0.006280,2.524104
13524,0.818809,59,29,96,0.006280,2.524137
13525,0.818809,59,29,96,0.006279,2.524168
13526,0.818822,59,29,96,0.006281,2.524192
13527,0.818773,59,29,96,0.006280,2.524121
13528,0.818764,59,29,96,0.006279,2.524158
13529,0.818747,59,29,96,0.006279,2.524198
13530,0.818760,59,29,96,0.006280,2.524221
13531,0.818741,59,29,96,0.006279,2.524263
13532,0.818744,59,29,96,0.006279,2.524293
13533,0.818740,59,29,96,0.006278,2.524326
13534,0.818741,59,29,96,0.006278,2.524357
13535,0.818751,59,29,96,0.006278,2.524380
13536,0.818760,59,29,96,0.006278,2.524408
13537,0.818746,59,29,96,0.006278,2.524448
13538,0.818753,59,29,96,0.006278,2.524476
13539,0.818763,59,29,96,0.006278,2.524499
13540,0.818773,59,29,96,0.006278,2.524525
13541,0.818748,59,29,96,0.006277,2.524564
13542,0.818750,59,29,96,0.006277,2.524595
13543,0.818745,59,29,96,0.006277,2.524629
13544,0.818755,59,29,96,0.006277,2.524653
13545,0.818717,59,29,96,0.006276,2.524671
13546,0.818720,59,29,96,0.006276,2.524701
13547,0.818732,59,29,96,0.006276,2.524725
13548,0.818745,59,29,96,0.006278,2.524748
13549,0.818756,59,29,96,0.006278,2.524771
13550,0.818727,59,29,96,0.006277,2.524808
13551,0.818689,59,29,96,0.006276,2.524825
13552,0.818701,59,29,96,0.006277,2.524848
13553,0.818715,59,29,96,0.006279,2.524870
13554,0.818707,59,29,96,0.006278,2.524907
13555,0.818720,59,29,96,0.006279,2.524930
13556,0.818724,59,29,96,0.006279,2.524958
13557,0.818709,59,29,96,0.006278,2.524998
13558,0.818693,59,29,96,0.006277,2.525037
13559,0.818693,59,29,96,0.006277,2.525068
13560,0.818665,59,29,97,0.006276,2.525106
13561,0.818667,59,29,96,0.006276,2.525136
13562,0.818677,59,29,96,0.006276,2.525160
13563,0.818689,59,29,96,0.006277,2.525184
13564,0.818692,59,29,96,0.006277,2.525214
13565,0.818692,59,29,96,0.006276,2.525245
13566,0.818673,59,29,96,0.006275,2.525287
13567,0.818663,59,29,96,0.006275,2.525325
13568,0.818647,59,29,97,0.006274,2.525364
13569,0.818656,59,29,96,0.006274,2.525392
13570,0.818666,59,29,96,0.006274,2.525415
13571,0.818679,59,29,96,0.006276,2.525437
13572,0.818685,59,29,96,0.006276,2.525464
13573,0.818697,59,29,96,0.006276,2.525487
13574,0.818709,59,29,96,0.006277,2.525512
13575,0.818714,59,29,96,0.006277,2.525539
13576,0.818700,59,29,96,0.006276,2.525579
13577,0.818686,59,29,96,0.006276,2.525619
13578,0.818633,59,29,96,0.006275,2.525490
13579,0.818641,59,29,96,0.006275,2.525518
13580,0.818646,59,29,96,0.006274,2.525546
13581,0.818639,59,29,96,0.006274,2.525581
13582,0.818648,59,29,96,0.006274,2.525608
13583,0.818658,59,29,96,0.006274,2.525632
13584,0.818664,59,29,96,0.006274,2.525660
13585,0.818647,59,29,96,0.006273,2.525699
13586,0.818658,59,29,96,0.006274,2.525722
13587,0.818667,59,29,96,0.006274,2.525747
13588,0.818679,59,29,96,0.006275,2.525771
13589,0.818678,59,29,96,0.006274,2.525801
13590,0.818680,59,29,96,0.006274,2.525832
13591,0.818690,59,29,96,0.006274,2.525856
13592,0.818696,59,29,96,0.006274,2.525883
13593,0.818697,59,29,96,0.006274,2.525914
13594,0.818702,59,29,96,0.006274,2.525942
13595,0.818707,59,29,96,0.006273,2.525970
13596,0.818715,59,29,96,0.006273,2.525998
13597,0.818727,59,29,96,0.006274,2.526022
13598,0.818697,59,29,96,0.006273,2.526057
13599,0.818708,59,29,96,0.006274,2.526080
13600,0.818687,59,29,96,0.006273,2.526121
13601,0.818700,59,29,96,0.006274,2.526144
13602,0.818676,59,29,96,0.006273,2.526183
13603,0.818689,59,29,96,0.006275,2.526206
13604,0.818699,59,29,96,0.006275,2.526230
13605,0.818712,59,29,96,0.006277,2.526252
13606,0.818725,59,29,96,0.006278,2.526274
13607,0.818738,59,29,96,0.006279,2.526298
13608,0.818733,59,29,96,0.006279,2.526332
13609,0.818715,59,29,96,0.006278,2.526373
13610,0.818728,59,29,96,0.006279,2.526396
13611,0.818682,59,29,96,0.006278,2.526366
13612,0.818685,59,29,96,0.006278,2.526396
13613,0.818688,59,29,96,0.006278,2.526426
13614,0.818687,59,29,96,0.006277,2.526456
13615,0.818676,59,29,96,0.006276,2.526494
13616,0.818690,59,29,96,0.006278,2.526516
13617,0.818700,59,29,96,0.006278,2.526540
13618,0.818705,59,29,96,0.006278,2.526568
13619,0.818717,59,29,96,0.006279,2.526592
13620,0.818654,59,29,96,0.006278,2.525820
13621,0.818634,59,29,96,0.006277,2.525861
13622,0.818639,59,29,96,0.006277,2.525889
13623,0.818632,59,29,96,0.006276,2.525925
13624,0.818608,59,29,96,0.006276,2.525964
13625,0.818617,59,29,96,0.006276,2.525991
13626,0.818606,59,29,96,0.006275,2.526029
13627,0.818617,59,29,96,0.006276,2.526052
13628,0.818627,59,29,96,0.006276,2.526076
13629,0.818633,59,29,96,0.006276,2.526104
13630,0.818642,59,29,96,0.006276,2.526130
13631,0.818651,59,29,96,0.006276,2.526156
13632,0.818659,59,29,96,0.006276,2.526183
13633,0.818669,59,29,96,0.006277,2.526208
13634,0.818682,59,29,96,0.006278,2.526234
13635,0.818677,59,29,96,0.006278,2.526268
13636,0.818671,59,29,96,0.006277,2.526303
13637,0.818674,59,29,96,0.006277,2.526333
13638,0.818683,59,29,96,0.006277,2.526356
13639,0.818670,59,29,96,0.006276,2.526396
13640,0.818676,59,29,96,0.006276,2.526423
13641,0.818656,59,29,96,0.006275,2.526464
13642,0.818667,59,29,96,0.006276,2.526488
13643,0.818676,59,29,96,0.006276,2.526513
13644,0.818669,59,29,96,0.006276,2.526550
13645,0.818682,59,29,96,0.006277,2.526573
13646,0.818681,59,29,96,0.006276,2.526604
13647,0.818682,59,29,96,0.006276,2.526635
13648,0.818667,59,29,96,0.006275,2.526675
13649,0.818659,59,29,96,0.006275,2.526711
13650,0.818669,59,29,96,0.006275,2.526736
13651,0.818681,59,29,96,0.006276,2.526760
13652,0.818693,59,29,96,0.006276,2.526783
13653,0.818689,59,29,96,0.006276,2.526815
13654,0.818700,59,29,96,0.006277,2.526838
13655,0.818713,59,29,96,0.006278,2.526862
13656,0.818720,59,29,96,0.006278,2.526890
13657,0.818723,59,29,96,0.006277,2.526920
13658,0.818732,59,29,96,0.006277,2.526944
13659,0.818740,59,29,96,0.006277,2.526972
13660,0.818746,59,29,96,0.006277,2.526999
13661,0.818713,59,29,96,0.006277,2.527028
13662,0.818726,59,29,96,0.006278,2.527050
13663,0.818715,59,29,96,0.006277,2.527089
13664,0.818728,59,29,96,0.006278,2.527111
13665,0.818697,59,29,96,0.006277,2.527146
13666,0.818702,59,29,96,0.006277,2.527173
13667,0.818712,59,29,96,0.006278,2.527197
13668,0.818708,59,29,96,0.006277,2.527229
13669,0.818713,59,29,96,0.006277,2.527257
13670,0.818713,59,29,96,0.006276,2.527288
13671,0.818723,59,29,96,0.006277,2.527312
13672,0.818732,59,29,96,0.006277,2.527339
13673,0.818729,59,29,96,0.006276,2.527372
13674,0.818740,59,29,96,0.006277,2.527395
13675,0.818753,59,29,96,0.006279,2.527418
13676,0.818766,59,29,96,0.006280,2.527441
13677,0.818705,59,29,96,0.006279,2.526925
13678,0.818718,59,29,96,0.006280,2.526947
13679,0.818727,59,29,96,0.006280,2.526971
13680,0.818734,59,29,96,0.006280,2.526998
13681,0.818731,59,29,96,0.006279,2.527031
13682,0.818738,59,29,96,0.006279,2.527058
13683,0.818745,59,29,96,0.006279,2.527086
13684,0.818755,59,29,96,0.006280,2.527109
13685,0.818764,59,29,96,0.006280,2.527137
13686,0.818776,59,29,96,0.006281,2.527161
13687,0.818774,59,29,96,0.006280,2.527193
13688,0.818786,59,29,96,0.006281,2.527217
13689,0.818796,59,29,96,0.006281,2.527240
13690,0.818801,59,29,96,0.006281,2.527267
13691,0.818814,59,29,96,0.006283,2.527289
13692,0.818802,59,29,96,0.006282,2.527328
13693,0.818815,59,29,96,0.006283,2.527349
13694,0.818828,59,29,96,0.006285,2.527373
13695,0.818838,59,29,96,0.006285,2.527396
13696,0.818833,59,29,96,0.006284,2.527429
13697,0.818806,59,29,96,0.006284,2.527466
13698,0.818754,59,29,96,0.006283,2.527352
13699,0.818752,59,29,96,0.006282,2.527384
13700,0.818760,59,29,96,0.006282,2.527411
13701,0.818755,59,29,96,0.006282,2.527444
13702,0.818768,59,29,96,0.006283,2.527466
13703,0.818780,59,29,96,0.006283,2.527489
13704,0.818785,59,29,96,0.006283,2.527517
13705,0.818780,59,29,96,0.006283,2.527550
13706,0.818783,59,29,96,0.006282,2.527579
13707,0.818756,59,29,96,0.006282,2.527616
13708,0.818758,59,29,96,0.006281,2.527646
13709,0.818758,59,29,96,0.006281,2.527677
13710,0.818768,59,29,96,0.006281,2.527700
13711,0.818782,59,29,96,0.006283,2.527726
13712,0.818784,59,29,96,0.006283,2.527755
13713,0.818784,59,29,96,0.006282,2.527786
13714,0.818782,59,29,96,0.006282,2.527819
13715,0.818738,59,29,96,0.006281,2.527804
13716,0.818705,59,29,96,0.006280,2.527831
13717,0.818714,59,29,96,0.006280,2.527858
13718,0.818723,59,29,96,0.006280,2.527882
13719,0.818736,59,29,96,0.006282,2.527904
13720,0.818747,59,29,96,0.006282,2.527927
13721,0.818753,59,29,96,0.006282,2.527955
13722,0.818767,59,29,96,0.006284,2.527978
13723,0.818767,59,29,96,0.006283,2.528009
13724,0.818780,59,29,96,0.006284,2.528032
13725,0.818763,59,29,96,0.006284,2.528071
13726,0.818776,59,29,96,0.006285,2.528094
13727,0.818764,59,29,96,0.006284,2.528133
13728,0.818747,59,29,96,0.006283,2.528174
13729,0.818740,59,29,96,0.006283,2.528208
13730,0.818746,59,29,96,0.006282,2.528235
13731,0.818758,59,29,96,0.006283,2.528257
13732,0.818750,59,29,96,0.006283,2.528293
13733,0.818751,59,29,96,0.006282,2.528324
13734,0.818722,59,29,96,0.006282,2.528360
13735,0.818736,59,29,96,0.006283,2.528383
13736,0.818729,59,29,96,0.006283,2.528418
13737,0.818740,59,29,96,0.006283,2.528441
13738,0.818748,59,29,96,0.006283,2.528468
13739,0.818755,59,29,96,0.006283,2.528495
13740,0.818765,59,29,96,0.006283,2.528519
13741,0.818775,59,29,96,0.006284,2.528542
13742,0.818768,59,29,96,0.006283,2.528578
13743,0.818779,59,29,96,0.006284,2.528601
13744,0.818773,59,29,96,0.006283,2.528634
13745,0.818773,59,29,96,0.006283,2.528665
13746,0.818759,59,29,96,0.006282,2.528704
13747,0.818769,59,29,96,0.006282,2.528727
13748,0.818768,59,29,96,0.006282,2.528758
13749,0.818760,59,29,96,0.006281,2.528794
13750,0.818770,59,29,96,0.006282,2.528817
13751,0.818775,59,29,96,0.006281,2.528845
13752,0.818783,59,29,96,0.006282,2.528872
13753,0.818788,59,29,96,0.006281,2.528900
13754,0.818797,59,29,96,0.006281,2.528927
13755,0.818807,59,29,96,0.006282,2.528950
13756,0.818818,59,29,96,0.006282,2.528973
13757,0.818827,59,29,96,0.006283,2.528996
13758,0.818840,59,29,96,0.006284,2.529017
13759,0.818847,59,29,96,0.006284,2.529045
13760,0.818861,59,29,96,0.006286,2.529067
13761,0.818851,59,29,96,0.006285,2.529104
13762,0.818859,59,29,96,0.006285,2.529132
13763,0.818854,59,29,96,0.006285,2.529164
13764,0.818860,59,29,96,0.006284,2.529191
13765,0.818853,59,29,96,0.006284,2.529226
13766,0.818824,59,29,96,0.006283,2.529262
13767,0.818309,59,29,97,0.006253,2.529559
13768,0.818320,59,29,97,0.006254,2.529582
13769,0.818322,59,29,97,0.006253,2.529612
13770,0.818331,59,29,97,0.006253,2.529635
13771,0.818309,59,29,97,0.006253,2.529674
13772,0.818322,59,29,97,0.006254,2.529695
13773,0.818332,59,29,97,0.006255,2.529718
13774,0.818345,59,29,97,0.006256,2.529742
13775,0.818356,59,29,97,0.006256,2.529765
13776,0.818363,59,29,97,0.006256,2.529792
13777,0.818377,59,29,97,0.006258,2.529817
13778,0.818388,59,29,97,0.006259,2.529840
13779,0.818398,59,29,97,0.006259,2.529864
13780,0.818394,59,29,97,0.006258,2.529895
13781,0.818392,59,29,97,0.006258,2.529926
13782,0.818403,59,29,97,0.006258,2.529949
13783,0.818416,59,29,97,0.006260,2.529975
13784,0.818387,59,29,97,0.006259,2.530010
13785,0.818355,59,29,97,0.006258,2.530038
13786,0.818356,59,29,97,0.006258,2.530069
13787,0.818356,59,29,97,0.006258,2.530100
13788,0.818347,59,29,97,0.006257,2.530137
13789,0.818354,59,29,97,0.006257,2.530165
13790,0.818360,59,29,97,0.006257,2.530192
13791,0.818361,59,29,97,0.006256,2.530223
13792,0.818331,59,29,97,0.006256,2.530256
13793,0.818339,59,29,97,0.006256,2.530284
13794,0.818352,59,29,97,0.006257,2.530306
13795,0.818365,59,29,97,0.006258,2.530332
13796,0.818346,59,29,97,0.006258,2.530372
13797,0.818352,59,29,97,0.006257,2.530400
13798,0.818322,59,29,97,0.006257,2.530433
13799,0.818302,59,29,97,0.006256,2.530474
13800,0.818258,59,29,97,0.006255,2.530453
13801,0.818243,59,29,97,0.006254,2.530492
13802,0.818228,59,29,97,0.006253,2.530530
13803,0.818228,59,29,97,0.006253,2.530561
13804,0.818229,59,29,97,0.006253,2.530592
13805,0.818241,59,29,97,0.006254,2.530614
13806,0.818250,59,29,97,0.006254,2.530642
13807,0.818263,59,29,97,0.006255,2.530667
13808,0.818255,59,29,97,0.006255,2.530703
13809,0.818265,59,29,97,0.006255,2.530726
13810,0.818255,59,29,97,0.006254,2.530764
13811,0.818258,59,29,97,0.006254,2.530793
13812,0.818262,59,29,97,0.006254,2.530820
13813,0.818266,59,29,97,0.006254,2.530849
13814,0.818238,59,29,97,0.006253,2.530884
13815,0.818239,59,29,97,0.006252,2.530915
13816,0.818249,59,29,97,0.006253,2.530937
13817,0.818263,59,29,97,0.006254,2.530961
13818,0.818251,59,29,97,0.006254,2.530999
13819,0.818245,59,29,97,0.006253,2.531032
13820,0.818255,59,29,97,0.006254,2.531055
13821,0.818267,59,29,97,0.006254,2.531077
13822,0.818279,59,29,97,0.006255,2.531101
13823,0.818280,59,29,97,0.006255,2.531131
13824,0.818289,59,29,97,0.006255,2.531158
13825,0.818293,59,29,97,0.006255,2.531186
13826,0.818300,59,29,97,0.006255,2.531213
13827,0.818312,59,29,97,0.006255,2.531235
13828,0.818318,59,29,97,0.006255,2.531262
13829,0.818321,59,29,97,0.006255,2.531292
13830,0.818326,59,29,97,0.006255,2.531319
13831,0.818327,59,29,97,0.006255,2.531349
13832,0.818337,59,29,97,0.006255,2.531372
13833,0.818346,59,29,97,0.006255,2.531399
13834,0.818344,59,29,97,0.006255,2.531431
13835,0.818340,59,29,97,0.006254,2.531463
13836,0.818304,59,29,97,0.006253,2.531482
13837,0.818287,59,29,97,0.006252,2.531520
13838,0.818284,59,29,97,0.006252,2.531552
13839,0.818296,59,29,97,0.006253,2.531574
13840,0.818301,59,29,97,0.006253,2.531601
13841,0.818261,59,29,97,0.006252,2.531604
13842,0.818269,59,29,97,0.006252,2.531632
13843,0.818279,59,29,97,0.006252,2.531654
13844,0.818286,59,29,97,0.006252,2.531682
13845,0.818288,59,29,97,0.006252,2.531712
13846,0.818277,59,29,97,0.006251,2.531749
13847,0.818272,59,29,97,0.006251,2.531782
13848,0.818280,59,29,97,0.006251,2.531809
13849,0.818239,59,29,97,0.006250,2.531808
13850,0.818225,59,29,97,0.006249,2.531847
13851,0.818236,59,29,97,0.006250,2.531870
13852,0.818239,59,29,97,0.006249,2.531900
13853,0.818253,59,29,97,0.006251,2.531925
13854,0.818245,59,29,97,0.006250,2.531960
13855,0.818248,59,29,97,0.006250,2.531990
13856,0.818259,59,29,97,0.006251,2.532012
13857,0.818259,59,29,97,0.006250,2.532043
13858,0.818269,59,29,97,0.006251,2.532065
13859,0.818279,59,29,97,0.006251,2.532088
13860,0.818289,59,29,97,0.006251,2.532111
13861,0.818283,59,29,97,0.006251,2.532146
13862,0.818265,59,29,97,0.006250,2.532186
13863,0.818275,59,29,97,0.006251,2.532209
13864,0.818285,59,29,97,0.006251,2.532232
13865,0.818289,59,29,97,0.006251,2.532259
13866,0.818301,59,29,97,0.006252,2.532282
13867,0.818314,59,29,97,0.006253,2.532305
13868,0.818248,59,29,97,0.006252,2.530662
13869,0.818253,59,29,97,0.006252,2.530689
13870,0.818262,59,29,97,0.006252,2.530716
13871,0.818271,59,29,97,0.006252,2.530739
13872,0.818273,59,29,97,0.006252,2.530769
13873,0.818285,59,29,97,0.006253,2.530791
13874,0.818294,59,29,97,0.006253,2.530818
13875,0.818299,59,29,97,0.006253,2.530845
13876,0.818296,59,29,97,0.006252,2.530877
13877,0.818307,59,29,97,0.006253,2.530900
13878,0.818312,59,29,97,0.006253,2.530927
13879,0.818295,59,29,97,0.006252,2.530967
13880,0.818308,59,29,97,0.006253,2.530989
13881,0.818300,59,29,97,0.006252,2.531024
13882,0.818295,59,29,97,0.006252,2.531056
13883,0.818270,59,29,97,0.006251,2.531093
13884,0.818283,59,29,97,0.006253,2.531115
13885,0.818270,59,29,97,0.006252,2.531154
13886,0.818270,59,29,97,0.006251,2.531184
13887,0.818266,59,29,97,0.006251,2.531216
13888,0.818276,59,29,97,0.006251,2.531239
13889,0.818280,59,29,97,0.006251,2.531266
13890,0.818290,59,29,97,0.006251,2.531288
13891,0.818300,59,29,97,0.006252,2.531311
13892,0.818312,59,29,97,0.006253,2.531335
13893,0.818319,59,29,97,0.006253,2.531362
13894,0.818330,59,29,97,0.006253,2.531385
13895,0.818342,59,29,97,0.006254,2.531407
13896,0.818335,59,29,97,0.006254,2.531441
13897,0.818339,59,29,97,0.006253,2.531470
13898,0.818333,59,29,97,0.006253,2.531504
13899,0.818313,59,29,97,0.006252,2.531544
13900,0.818289,59,29,97,0.006251,2.531583
13901,0.818274,59,29,97,0.006251,2.531621
13902,0.818270,59,29,97,0.006250,2.531652
13903,0.818274,59,29,97,0.006250,2.531681
13904,0.818285,59,29,97,0.006250,2.531704
13905,0.818281,59,29,97,0.006250,2.531736
13906,0.818293,59,29,97,0.006251,2.531758
13907,0.818297,59,29,97,0.006251,2.531785
13908,0.818294,59,29,97,0.006250,2.531817
13909,0.818289,59,29,97,0.006250,2.531848
13910,0.818294,59,29,97,0.006249,2.531875
13911,0.818284,59,29,97,0.006249,2.531913
13912,0.818283,59,29,97,0.006248,2.531942
13913,0.818290,59,29,97,0.006248,2.531970
13914,0.818302,59,29,97,0.006249,2.531993
13915,0.818314,59,29,97,0.006250,2.532016
13916,0.818316,59,29,97,0.006250,2.532046
13917,0.818316,59,29,97,0.006249,2.532076
13918,0.818311,59,29,97,0.006249,2.532109
13919,0.818304,59,29,97,0.006248,2.532144
13920,0.818315,59,29,97,0.006249,2.532167
13921,0.818328,59,29,97,0.006250,2.532189
13922,0.818337,59,29,97,0.006250,2.532211
13923,0.818331,59,29,97,0.006250,2.532244
13924,0.818338,59,29,97,0.006250,2.532271
13925,0.818345,59,29,97,0.006250,2.532298
13926,0.818352,59,29,97,0.006250,2.532325
13927,0.818362,59,29,97,0.006250,2.532348
13928,0.818372,59,29,97,0.006251,2.532371
13929,0.818379,59,29,97,0.006250,2.532397
13930,0.818386,59,29,97,0.006250,2.532424
13931,0.818396,59,29,97,0.006251,2.532447
13932,0.818399,59,29,97,0.006251,2.532476
13933,0.818403,59,29,97,0.006250,2.532504
13934,0.818402,59,29,97,0.006250,2.532534
13935,0.818372,59,29,97,0.006249,2.532567
13936,0.818377,59,29,97,0.006249,2.532594
13937,0.818373,59,29,97,0.006248,2.532625
13938,0.818384,59,29,97,0.006249,2.532648
13939,0.818381,59,29,97,0.006248,2.532679
13940,0.818544,59,29,97,0.006248,2.533628
13941,0.818544,59,29,97,0.006247,2.533658
13942,0.818532,59,29,97,0.006247,2.533696
13943,0.818544,59,29,97,0.006247,2.533719
13944,0.818525,59,29,97,0.006246,2.533759
13945,0.818536,59,29,97,0.006247,2.533781
13946,0.818548,59,29,97,0.006248,2.533805
13947,0.818560,59,29,97,0.006249,2.533828
13948,0.818565,59,29,97,0.006249,2.533855
13949,0.818569,59,29,97,0.006248,2.533882
13950,0.818580,59,29,97,0.006249,2.533905
13951,0.818587,59,29,97,0.006249,2.533932
13952,0.818597,59,29,97,0.006249,2.533954
13953,0.818593,59,29,97,0.006249,2.533986
13954,0.818605,59,29,97,0.006250,2.534008
13955,0.818592,59,29,97,0.006249,2.534046
13956,0.818603,59,29,97,0.006250,2.534069
13957,0.818605,59,29,97,0.006250,2.534098
13958,0.818614,59,29,97,0.006250,2.534122
13959,0.818621,59,29,97,0.006250,2.534149
13960,0.818561,59,29,97,0.006249,2.533517
13961,0.818570,59,29,97,0.006249,2.533540
13962,0.818581,59,29,97,0.006250,2.533563
13963,0.818586,59,29,97,0.006250,2.533589
13964,0.818588,59,29,97,0.006249,2.533618
13965,0.818548,59,29,97,0.006248,2.533619
13966,0.818552,59,29,97,0.006248,2.533646
13967,0.818562,59,29,97,0.006249,2.533669
13968,0.818575,59,29,97,0.006250,2.533692
13969,0.818578,59,29,97,0.006250,2.533721
13970,0.818586,59,29,97,0.006250,2.533749
13971,0.818574,59,29,97,0.006249,2.533787
13972,0.818586,59,29,97,0.006250,2.533809
13973,0.818599,59,29,97,0.006252,2.533833
13974,0.818588,59,29,97,0.006251,2.533870
13975,0.818571,59,29,97,0.006250,2.533909
13976,0.818548,59,29,97,0.006249,2.533948
13977,0.818535,59,29,97,0.006249,2.533986
13978,0.818518,59,29,97,0.006248,2.534024
13979,0.818519,59,29,97,0.006248,2.534054
13980,0.818471,59,29,97,0.006247,2.533980
13981,0.818467,59,29,97,0.006246,2.534011
13982,0.818478,59,29,97,0.006247,2.534035
13983,0.818485,59,29,97,0.006247,2.534061
13984,0.818496,59,29,97,0.006248,2.534084
13985,0.818505,59,29,97,0.006248,2.534110
13986,0.818485,59,29,97,0.006247,2.534150
13987,0.818492,59,29,97,0.006247,2.534177
13988,0.818495,59,29,97,0.006247,2.534206
13989,0.818443,59,29,97,0.006246,2.534079
13990,0.818418,59,29,97,0.006245,2.534116
13991,0.818419,59,29,97,0.006245,2.534146
13992,0.818425,59,29,97,0.006244,2.534173
13993,0.818437,59,29,97,0.006245,2.534197
13994,0.818422,59,29,97,0.006244,2.534235
13995,0.818422,59,29,97,0.006244,2.534266
13996,0.818432,59,29,97,0.006244,2.534288
13997,0.818441,59,29,97,0.006245,2.534311
13998,0.818439,59,29,97,0.006244,2.534342
13999,0.818425,59,29,97,0.006244,2.534380
14000,0.818432,59,29,97,0.006243,2.534407
14001,0.818421,59,29,97,0.006243,2.534444
14002,0.818429,59,29,97,0.006243,2.534471
14003,0.818414,59,29,97,0.006242,2.534509
14004,0.818424,59,29,97,0.006242,2.534532
14005,0.818420,59,29,97,0.006242,2.534563
14006,0.818427,59,29,97,0.006242,2.534589
14007,0.818438,59,29,97,0.006243,2.534611
14008,0.818442,59,29,97,0.006243,2.534639
14009,0.818451,59,29,97,0.006243,2.534665
14010,0.818458,59,29,97,0.006243,2.534692
14011,0.818414,59,29,97,0.006242,2.534669
14012,0.818415,59,29,97,0.006241,2.534699
14013,0.818427,59,29,97,0.006242,2.534722
14014,0.818435,59,29,97,0.006242,2.534749
14015,0.818448,59,29,97,0.006244,2.534769
14016,0.818443,59,29,97,0.006243,2.534802
14017,0.818441,59,29,97,0.006243,2.534832
14018,0.818437,59,29,97,0.006242,2.534864
14019,0.818446,59,29,97,0.006242,2.534886
14020,0.818459,59,29,97,0.006243,2.534909
14021,0.818463,59,29,97,0.006243,2.534935
14022,0.818474,59,29,97,0.006244,2.534958
14023,0.818487,59,29,97,0.006245,2.534981
14024,0.818489,59,29,97,0.006245,2.535011
14025,0.818500,59,29,97,0.006246,2.535034
14026,0.818511,59,29,97,0.006246,2.535057
14027,0.818517,59,29,97,0.006246,2.535084
14028,0.818528,59,29,97,0.006247,2.535106
14029,0.818538,59,29,97,0.006247,2.535129
14030,0.818545,59,29,97,0.006247,2.535155
14031,0.818549,59,29,97,0.006247,2.535182
14032,0.818554,59,29,97,0.006247,2.535209
14033,0.818529,59,29,97,0.006246,2.535245
14034,0.818534,59,29,97,0.006246,2.535272
14035,0.818543,59,29,97,0.006246,2.535296
14036,0.818551,59,29,97,0.006246,2.535323
14037,0.818560,59,29,97,0.006246,2.535346
14038,0.818545,59,29,97,0.006246,2.535384
14039,0.818533,59,29,97,0.006245,2.535422
14040,0.818538,59,29,97,0.006245,2.535448
14041,0.818549,59,29,97,0.006245,2.535470
14042,0.818544,59,29,97,0.006245,2.535503
14043,0.818543,59,29,97,0.006244,2.535532
14044,0.818552,59,29,97,0.006245,2.535559
14045,0.818543,59,29,97,0.006244,2.535595
14046,0.818555,59,29,97,0.006245,2.535617
14047,0.818565,59,29,97,0.006246,2.535639
14048,0.818571,59,29,97,0.006245,2.535666
14049,0.818581,59,29,97,0.006246,2.535688
14050,0.818587,59,29,97,0.006246,2.535715
14051,0.818587,59,29,97,0.006245,2.535745
14052,0.818597,59,29,97,0.006246,2.535767
14053,0.818607,59,29,97,0.006246,2.535790
14054,0.818617,59,29,97,0.006247,2.535812
14055,0.818623,59,29,97,0.006247,2.535839
14056,0.818597,59,29,97,0.006246,2.535875
14057,0.818540,59,29,97,0.006245,2.535480
14058,0.818553,59,29,97,0.006247,2.535505
14059,0.818566,59,29,97,0.006248,2.535530
14060,0.818578,59,29,97,0.006249,2.535552
14061,0.818565,59,29,97,0.006248,2.535590
14062,0.818571,59,29,97,0.006248,2.535616
14063,0.818574,59,29,97,0.006248,2.535645
14064,0.818524,59,29,97,0.006247,2.535540
14065,0.818536,59,29,97,0.006248,2.535562
14066,0.818528,59,29,97,0.006248,2.535597
14067,0.818523,59,29,97,0.006247,2.535630
14068,0.818498,59,29,97,0.006246,2.535666
14069,0.818503,59,29,97,0.006246,2.535692
14070,0.818494,59,29,97,0.006245,2.535729
14071,0.818500,59,29,97,0.006245,2.535755
14072,0.818497,59,29,97,0.006245,2.535787
14073,0.818507,59,29,97,0.006245,2.535809
14074,0.818505,59,29,97,0.006245,2.535840
14075,0.818510,59,29,97,0.006245,2.535867
14076,0.818520,59,29,97,0.006245,2.535889
14077,0.818530,59,29,97,0.006246,2.535911
14078,0.818540,59,29,97,0.006246,2.535933
14079,0.818550,59,29,97,0.006246,2.535956
14080,0.818538,59,29,97,0.006246,2.535993
14081,0.818548,59,29,97,0.006246,2.536015
14082,0.818538,59,29,97,0.006246,2.536052
14083,0.818546,59,29,97,0.006246,2.536079
14084,0.818532,59,29,97,0.006245,2.536116
14085,0.818539,59,29,97,0.006245,2.536143
14086,0.818545,59,29,97,0.006245,2.536170
14087,0.818558,59,29,97,0.006246,2.536191
14088,0.818569,59,29,97,0.006247,2.536214
14089,0.818579,59,29,97,0.006247,2.536236
14090,0.818590,59,29,97,0.006248,2.536259
14091,0.818567,59,29,97,0.006247,2.536297
14092,0.818577,59,29,97,0.006247,2.536320
14093,0.818586,59,29,97,0.006248,2.536342
14094,0.818581,59,29,97,0.006247,2.536374
14095,0.818586,59,29,97,0.006247,2.536400
14096,0.818583,59,29,97,0.006247,2.536431
14097,0.818590,59,29,97,0.006247,2.536458
14098,0.818587,59,29,97,0.006246,2.536489
14099,0.818588,59,29,97,0.006246,2.536519
14100,0.818590,59,29,97,0.006245,2.536549
14101,0.818557,59,29,97,0.006245,2.536575
14102,0.818570,59,29,97,0.006246,2.536598
14103,0.818579,59,29,97,0.006246,2.536620
14104,0.818535,59,29,97,0.006245,2.536595
14105,0.818533,59,29,97,0.006245,2.536625
14106,0.818545,59,29,97,0.006246,2.536647
14107,0.818541,59,29,97,0.006245,2.536678
14108,0.818528,59,29,97,0.006244,2.536715
14109,0.818538,59,29,97,0.006245,2.536737
14110,0.818549,59,29,97,0.006245,2.536760
14111,0.818516,59,29,97,0.006245,2.536785
14112,0.818527,59,29,97,0.006245,2.536808
14113,0.818537,59,29,97,0.006246,2.536830
14114,0.818530,59,29,97,0.006245,2.536866
14115,0.818533,59,29,97,0.006245,2.536895
14116,0.818539,59,29,97,0.006245,2.536921
14117,0.818552,59,29,97,0.006246,2.536944
14118,0.818547,59,29,97,0.006245,2.536975
14119,0.818560,59,29,97,0.006247,2.536999
14120,0.818572,59,29,97,0.006248,2.537021
14121,0.818585,59,29,97,0.006249,2.537044
14122,0.818591,59,29,97,0.006249,2.537070
14123,0.818598,59,29,97,0.006249,2.537096
14124,0.818598,59,29,97,0.006249,2.537126
14125,0.818601,59,29,97,0.006248,2.537154
14126,0.818598,59,29,97,0.006248,2.537185
14127,0.818607,59,29,97,0.006248,2.537208
14128,0.818615,59,29,97,0.006248,2.537235
14129,0.818564,59,29,97,0.006247,2.537109
14130,0.818545,59,29,97,0.006246,2.537149
14131,0.818546,59,29,97,0.006246,2.537179
14132,0.818544,59,29,97,0.006246,2.537210
14133,0.818544,59,29,97,0.006245,2.537240
14134,0.818539,59,29,97,0.006245,2.537272
14135,0.818539,59,29,97,0.006244,2.537301
14136,0.818548,59,29,97,0.006245,2.537323
14137,0.818559,59,29,97,0.006245,2.537345
14138,0.818556,59,29,97,0.006245,2.537377
14139,0.818597,59,29,97,0.006245,2.537566
14140,0.818611,59,29,97,0.006247,2.537591
14141,0.818623,59,29,97,0.006248,2.537612
14142,0.818579,59,29,97,0.006247,2.537583
14143,0.818592,59,29,97,0.006249,2.537607
14144,0.818605,59,29,97,0.006251,2.537629
14145,0.818610,59,29,97,0.006250,2.537655
14146,0.818621,59,29,97,0.006251,2.537678
14147,0.818626,59,29,97,0.006251,2.537704
14148,0.818618,59,29,97,0.006250,2.537740
14149,0.818617,59,29,97,0.006250,2.537770
14150,0.818623,59,29,97,0.006250,2.537796
14151,0.818622,59,29,97,0.006249,2.537826
14152,0.818632,59,29,97,0.006250,2.537848
14153,0.818642,59,29,97,0.006250,2.537870
14154,0.818652,59,29,97,0.006251,2.537893
14155,0.818652,59,29,97,0.006250,2.537922
14156,0.818647,59,29,97,0.006250,2.537954
14157,0.818656,59,29,97,0.006250,2.537976
14158,0.818655,59,29,97,0.006250,2.538006
14159,0.818659,59,29,97,0.006249,2.538035
14160,0.818652,59,29,97,0.006249,2.538069
14161,0.818653,59,29,97,0.006249,2.538099
14162,0.818665,59,29,97,0.006249,2.538122
14163,0.818651,59,29,97,0.006248,2.538159
14164,0.818663,59,29,97,0.006249,2.538181
14165,0.818668,59,29,97,0.006249,2.538207
14166,0.818679,59,29,97,0.006250,2.538229
14167,0.818672,59,29,97,0.006249,2.538263
14168,0.818658,59,29,97,0.006249,2.538300
14169,0.818653,59,29,97,0.006248,2.538331
14170,0.818643,59,29,97,0.006247,2.538368
14171,0.818651,59,29,97,0.006247,2.538394
14172,0.818660,59,29,97,0.006248,2.538420
14173,0.818661,59,29,97,0.006247,2.538449
14174,0.818644,59,29,97,0.006246,2.538489
14175,0.818651,59,29,97,0.006246,2.538517
14176,0.818655,59,29,97,0.006246,2.538544
14177,0.818667,59,29,97,0.006247,2.538565
14178,0.818676,59,29,97,0.006247,2.538591
14179,0.818673,59,29,97,0.006247,2.538621
14180,0.818666,59,29,97,0.006246,2.538656
14181,0.818661,59,29,97,0.006246,2.538687
14182,0.818668,59,29,97,0.006246,2.538714
14183,0.818671,59,29,97,0.006245,2.538742
14184,0.818681,59,29,97,0.006246,2.538764
14185,0.818680,59,29,97,0.006245,2.538794
14186,0.818693,59,29,97,0.006247,2.538817
14187,0.818680,59,29,97,0.006246,2.538854
14188,0.818694,59,29,97,0.006248,2.538879
14189,0.818707,59,29,97,0.006250,2.538903
14190,0.818709,59,29,97,0.006249,2.538932
14191,0.818722,59,29,97,0.006251,2.538957
14192,0.818735,59,29,97,0.006253,2.538981
14193,0.818741,59,29,97,0.006253,2.539007
14194,0.818752,59,29,97,0.006253,2.539029
14195,0.818758,59,29,97,0.006253,2.539056
14196,0.818767,59,29,97,0.006253,2.539081
14197,0.818760,59,29,97,0.006253,2.539114
14198,0.818740,59,29,97,0.006252,2.539154
14199,0.818731,59,29,97,0.006251,2.539191
14200,0.818740,59,29,97,0.006252,2.539213
14201,0.818748,59,29,97,0.006252,2.539239
14202,0.818700,59,29,97,0.006251,2.539159
14203,0.818712,59,29,97,0.006252,2.539181
14204,0.818711,59,29,97,0.006252,2.539211
14205,0.818711,59,29,97,0.006251,2.539241
14206,0.818703,59,29,97,0.006251,2.539276
14207,0.818664,59,29,97,0.006250,2.539280
14208,0.818667,59,29,97,0.006249,2.539309
14209,0.818653,59,29,97,0.006249,2.539346
14210,0.818659,59,29,97,0.006249,2.539372
14211,0.818638,59,29,97,0.006248,2.539411
14212,0.818637,59,29,97,0.006247,2.539440
14213,0.818648,59,29,97,0.006248,2.539463
14214,0.818660,59,29,97,0.006249,2.539486
14215,0.818620,59,29,97,0.006248,2.539481
14216,0.818631,59,29,97,0.006249,2.539504
14217,0.818610,59,29,97,0.006248,2.539543
14218,0.818620,59,29,97,0.006248,2.539565
14219,0.818623,59,29,97,0.006248,2.539594
14220,0.818590,59,29,97,0.006247,2.539619
14221,0.818603,59,29,97,0.006249,2.539642
14222,0.818595,59,29,97,0.006248,2.539677
14223,0.818595,59,29,97,0.006248,2.539706
14224,0.818608,59,29,97,0.006249,2.539727
14225,0.818611,59,29,97,0.006249,2.539756
14226,0.818612,59,29,97,0.006248,2.539785
14227,0.818615,59,29,97,0.006248,2.539813
14228,0.818620,59,29,97,0.006248,2.539839
14229,0.818623,59,29,97,0.006248,2.539867
14230,0.818617,59,29,97,0.006247,2.539900
14231,0.818616,59,29,97,0.006247,2.539930
14232,0.818604,59,29,97,0.006246,2.539966
14233,0.818581,59,29,97,0.006245,2.540004
14234,0.818576,59,29,97,0.006245,2.540034
14235,0.818583,59,29,97,0.006245,2.540060
14236,0.818561,59,29,97,0.006244,2.540098
14237,0.818563,59,29,97,0.006243,2.540128
14238,0.818553,59,29,97,0.006243,2.540164
14239,0.818555,59,29,97,0.006242,2.540193
14240,0.818551,59,29,97,0.006242,2.540223
14241,0.818564,59,29,97,0.006243,2.540246
14242,0.818570,59,29,97,0.006243,2.540272
14243,0.818578,59,29,97,0.006243,2.540298
14244,0.818573,59,29,97,0.006242,2.540330
14245,0.818584,59,29,97,0.006243,2.540352
14246,0.818594,59,29,97,0.006244,2.540374
14247,0.818596,59,29,97,0.006243,2.540404
14248,0.818605,59,29,97,0.006244,2.540427
14249,0.818604,59,29,97,0.006243,2.540457
14250,0.818614,59,29,97,0.006244,2.540479
14251,0.818571,59,29,97,0.006243,2.540456
14252,0.818574,59,29,97,0.006242,2.540484
14253,0.818575,59,29,97,0.006242,2.540513
14254,0.818577,59,29,97,0.006242,2.540542
14255,0.818570,59,29,97,0.006241,2.540576
14256,0.818574,59,29,97,0.006241,2.540604
14257,0.818574,59,29,97,0.006241,2.540633
14258,0.818586,59,29,97,0.006242,2.540654
14259,0.818583,59,29,97,0.006241,2.540685
14260,0.818580,59,29,97,0.006241,2.540716
14261,0.818589,59,29,97,0.006241,2.540737
14262,0.818578,59,29,97,0.006240,2.540774
14263,0.818572,59,29,97,0.006240,2.540807
14264,0.818543,59,29,97,0.006239,2.540840
14265,0.818543,59,29,97,0.006239,2.540869
14266,0.818514,59,29,97,0.006238,2.540901
14267,0.818495,59,29,97,0.006237,2.540941
14268,0.818484,59,29,97,0.006236,2.540977
14269,0.818492,59,29,97,0.006236,2.541003
14270,0.818485,59,29,97,0.006236,2.541036
14271,0.818496,59,29,97,0.006236,2.541058
14272,0.818501,59,29,97,0.006236,2.541084
14273,0.818456,59,29,97,0.006235,2.541043
14274,0.818468,59,29,97,0.006236,2.541065
14275,0.818458,59,29,97,0.006236,2.541101
14276,0.818437,59,29,97,0.006235,2.541139
14277,0.818437,59,29,97,0.006235,2.541168
14278,0.818436,60,29,97,0.006234,2.541198
14279,0.818443,59,29,97,0.006234,2.541224
14280,0.818421,60,29,97,0.006233,2.541261
14281,0.818430,59,29,97,0.006233,2.541286
14282,0.818436,59,29,97,0.006233,2.541312
14283,0.818445,59,29,97,0.006234,2.541335
14284,0.818401,59,29,97,0.006233,2.541302
14285,0.818406,59,29,97,0.006233,2.541328
14286,0.818383,59,29,97,0.006232,2.541365
14287,0.818351,59,29,97,0.006231,2.541391
14288,0.818362,59,29,97,0.006232,2.541414
14289,0.818369,59,29,97,0.006232,2.541440
14290,0.818377,59,29,97,0.006232,2.541466
14291,0.818387,59,29,97,0.006232,2.541488
14292,0.818394,59,29,97,0.006232,2.541515
14293,0.818407,59,29,97,0.006234,2.541536
14294,0.818418,59,29,97,0.006234,2.541558
14295,0.818425,59,29,97,0.006234,2.541584
14296,0.818434,59,29,97,0.006235,2.541607
14297,0.818440,59,29,97,0.006234,2.541633
14298,0.818420,59,29,97,0.006234,2.541672
14299,0.818428,59,29,97,0.006234,2.541698
14300,0.818389,59,29,97,0.006233,2.541700
14301,0.818344,59,29,97,0.006232,2.541659
14302,0.818343,59,29,97,0.006232,2.541688
14303,0.818356,59,29,97,0.006233,2.541709
14304,0.818365,59,29,97,0.006233,2.541731
14305,0.818375,59,29,97,0.006234,2.541752
14306,0.818371,59,29,97,0.006233,2.541783
14307,0.818383,59,29,97,0.006234,2.541805
14308,0.818383,59,29,97,0.006234,2.541834
14309,0.818395,59,29,97,0.006235,2.541855
14310,0.818406,59,29,97,0.006236,2.541877
14311,0.818399,59,29,97,0.006235,2.541910
14312,0.818411,59,29,97,0.006237,2.541933
14313,0.818424,59,29,97,0.006238,2.541954
14314,0.818435,59,29,97,0.006239,2.541977
14315,0.818436,59,29,97,0.006238,2.542006
14316,0.818429,59,29,97,0.006238,2.542039
14317,0.818440,59,29,97,0.006238,2.542062
14318,0.818449,59,29,97,0.006239,2.542084
14319,0.818454,59,29,97,0.006238,2.542111
14320,0.818464,59,29,97,0.006239,2.542132
14321,0.818475,59,29,97,0.006240,2.542154
14322,0.818484,59,29,97,0.006240,2.542176
14323,0.818473,59,29,97,0.006239,2.542212
14324,0.818480,59,29,97,0.006239,2.542239
14325,0.818488,59,29,97,0.006239,2.542266
14326,0.818499,59,29,97,0.006240,2.542287
14327,0.818512,59,29,97,0.006242,2.542309
14328,0.818506,59,29,97,0.006241,2.542341
14329,0.818513,59,29,97,0.006241,2.542367
14330,0.818523,59,29,97,0.006242,2.542389
14331,0.818530,59,29,97,0.006242,2.542415
14332,0.818531,59,29,97,0.006241,2.542444
14333,0.818541,59,29,97,0.006242,2.542466
14334,0.818491,59,29,97,0.006241,2.542359
14335,0.818494,59,29,97,0.006240,2.542387
14336,0.818505,59,29,97,0.006241,2.542410
14337,0.818495,59,29,97,0.006240,2.542446
14338,0.818493,59,29,97,0.006240,2.542476
14339,0.818491,59,29,97,0.006240,2.542508
14340,0.818503,59,29,97,0.006241,2.542530
14341,0.818516,59,29,97,0.006242,2.542552
14342,0.818496,59,29,97,0.006241,2.542591
14343,0.818472,59,29,97,0.006241,2.542628
14344,0.818456,59,29,97,0.006240,2.542665
14345,0.818458,59,29,97,0.006239,2.542695
14346,0.818468,59,29,97,0.006240,2.542717
14347,0.818479,59,29,97,0.006240,2.542740
14348,0.818491,59,29,97,0.006242,2.542761
14349,0.818489,59,29,97,0.006241,2.542792
14350,0.818501,59,29,97,0.006242,2.542813
14351,0.818513,59,29,97,0.006243,2.542835
14352,0.818518,59,29,97,0.006243,2.542861
14353,0.818529,59,29,97,0.006244,2.542883
14354,0.818531,59,29,97,0.006243,2.542912
14355,0.818543,59,29,97,0.006244,2.542934
14356,0.818546,59,29,97,0.006244,2.542963
14357,0.818540,59,29,97,0.006244,2.542995
14358,0.818546,59,29,97,0.006243,2.543021
14359,0.818539,59,29,97,0.006243,2.543054
14360,0.818547,59,29,97,0.006243,2.543080
14361,0.818534,59,29,97,0.006242,2.543117
14362,0.818529,59,29,97,0.006242,2.543148
14363,0.818536,59,29,97,0.006242,2.543174
14364,0.818537,59,29,97,0.006241,2.543203
14365,0.818547,59,29,97,0.006242,2.543225
14366,0.818560,59,29,97,0.006243,2.543249
14367,0.818573,59,29,97,0.006245,2.543271
14368,0.818574,59,29,97,0.006245,2.543300
14369,0.818570,59,29,97,0.006244,2.543331
14370,0.818579,59,29,97,0.006244,2.543353
14371,0.818589,59,29,97,0.006245,2.543375
14372,0.818580,59,29,97,0.006244,2.543410
14373,0.818588,59,29,97,0.006244,2.543437
14374,0.818557,59,29,97,0.006243,2.543465
14375,0.818565,59,29,97,0.006243,2.543491
14376,0.818557,59,29,97,0.006243,2.543526
14377,0.818559,59,29,97,0.006242,2.543554
14378,0.818545,59,29,97,0.006242,2.543591
14379,0.818525,59,29,97,0.006241,2.543630
14380,0.818502,59,29,97,0.006240,2.543666
14381,0.818571,59,29,97,0.006244,2.544882
14382,0.818563,59,29,97,0.006244,2.544917
14383,0.818563,59,29,97,0.006243,2.544946
14384,0.818561,59,29,97,0.006243,2.544976
14385,0.818723,59,29,97,0.006253,2.544415
14386,0.818724,59,29,97,0.006253,2.544444
14387,0.818726,59,29,97,0.006252,2.544472
14388,0.818725,59,29,97,0.006252,2.544502
14389,0.818716,59,29,97,0.006251,2.544538
14390,0.818688,59,29,97,0.006251,2.544572
14391,0.818677,59,29,97,0.006250,2.544609
14392,0.818690,59,29,97,0.006252,2.544633
14393,0.818701,59,29,97,0.006252,2.544655
14394,0.818704,59,29,97,0.006252,2.544682
14395,0.818692,59,29,97,0.006251,2.544719
14396,0.818700,59,29,97,0.006251,2.544745
14397,0.818696,59,29,97,0.006251,2.544776
14398,0.818699,59,29,97,0.006250,2.544804
14399,0.818711,59,29,97,0.006252,2.544825
14400,0.818701,59,29,97,0.006251,2.544861
14401,0.818714,59,29,97,0.006253,2.544885
14402,0.818715,59,29,97,0.006252,2.544914
14403,0.818723,59,29,97,0.006253,2.544937
14404,0.818727,59,29,97,0.006252,2.544964
14405,0.818738,59,29,97,0.006253,2.544986
14406,0.818718,59,29,97,0.006252,2.545024
14407,0.818713,59,29,97,0.006252,2.545055
14408,0.818724,59,29,97,0.006252,2.545078
14409,0.818719,59,29,97,0.006252,2.545108
14410,0.818730,59,29,97,0.006252,2.545131
14411,0.818740,59,29,97,0.006253,2.545153
14412,0.818733,59,29,97,0.006252,2.545186
14413,0.818737,59,29,97,0.006252,2.545213
14414,0.818741,59,29,97,0.006252,2.545239
14415,0.818753,59,29,97,0.006253,2.545261
14416,0.818754,59,29,97,0.006252,2.545290
14417,0.818760,59,29,97,0.006252,2.545317
14418,0.818770,59,29,97,0.006253,2.545338
14419,0.818754,59,29,97,0.006252,2.545377
14420,0.818751,59,29,97,0.006252,2.545408
14421,0.818739,59,29,97,0.006251,2.545445
14422,0.818741,59,29,97,0.006251,2.545474
14423,0.818729,59,29,97,0.006250,2.545511
14424,0.818742,59,29,97,0.006252,2.545535
14425,0.818739,59,29,97,0.006251,2.545565
14426,0.818740,59,29,97,0.006251,2.545594
14427,0.818751,59,29,97,0.006252,2.545617
14428,0.818757,59,29,97,0.006251,2.545642
14429,0.818744,59,29,97,0.006251,2.545679
14430,0.818749,59,29,97,0.006251,2.545705
14431,0.818690,59,29,97,0.006250,2.544986
14432,0.818701,59,29,97,0.006250,2.545008
14433,0.818708,59,29,97,0.006250,2.545035
14434,0.818707,59,29,97,0.006250,2.545063
14435,0.818716,59,29,97,0.006250,2.545086
14436,0.818657,59,29,97,0.006249,2.544364
14437,0.818660,59,29,97,0.006249,2.544391
14438,0.818672,59,29,97,0.006250,2.544413
14439,0.818675,59,29,97,0.006250,2.544441
14440,0.818681,59,29,97,0.006250,2.544467
14441,0.818691,59,29,97,0.006250,2.544488
14442,0.818704,59,29,97,0.006252,2.544510
14443,0.818708,59,29,97,0.006252,2.544537
14444,0.818710,59,29,97,0.006251,2.544565
14445,0.818710,59,29,97,0.006251,2.544594
14446,0.818709,59,29,97,0.006250,2.544624
14447,0.818704,59,29,97,0.006250,2.544654
14448,0.818716,59,29,97,0.006251,2.544676
14449,0.818723,59,29,97,0.006251,2.544702
14450,0.818733,59,29,97,0.006251,2.544724
14451,0.818746,59,29,97,0.006253,2.544745
14452,0.818749,59,29,97,0.006253,2.544772
14453,0.818750,59,29,97,0.006252,2.544801
14454,0.818752,59,29,97,0.006252,2.544829
14455,0.818750,59,29,97,0.006252,2.544858
14456,0.818749,59,29,97,0.006251,2.544888
14457,0.818762,59,29,97,0.006253,2.544909
14458,0.818774,59,29,97,0.006254,2.544931
14459,0.818785,59,29,97,0.006254,2.544953
14460,0.818788,59,29,97,0.006254,2.544980
14461,0.818800,59,29,97,0.006255,2.545002
14462,0.818804,59,29,97,0.006255,2.545029
14463,0.818816,59,29,97,0.006256,2.545050
14464,0.818824,59,29,97,0.006256,2.545076
14465,0.818836,59,29,97,0.006257,2.545097
14466,0.818845,59,29,97,0.006257,2.545119
14467,0.818849,59,29,97,0.006257,2.545146
14468,0.818861,59,29,97,0.006259,2.545168
14469,0.818865,59,29,97,0.006258,2.545195
14470,0.818854,59,29,97,0.006258,2.545232
14471,0.818858,59,29,97,0.006258,2.545257
14472,0.818854,59,29,97,0.006257,2.545287
14473,0.818834,59,29,97,0.006256,2.545325
14474,0.818846,59,29,97,0.006258,2.545346
14475,0.818852,59,29,97,0.006258,2.545371
14476,0.818859,59,29,97,0.006258,2.545397
14477,0.818863,59,29,97,0.006257,2.545424
14478,0.818875,59,29,97,0.006258,2.545445
14479,0.818882,59,29,97,0.006258,2.545472
14480,0.818866,59,29,97,0.006258,2.545510
14481,0.818877,59,29,97,0.006259,2.545531
14482,0.818873,59,29,97,0.006258,2.545562
14483,0.818880,59,29,97,0.006258,2.545588
14484,0.818845,59,29,97,0.006257,2.545606
14485,0.818858,59,29,97,0.006259,2.545627
14486,0.818860,59,29,97,0.006258,2.545655
14487,0.818847,59,29,97,0.006258,2.545692
14488,0.818851,59,29,97,0.006257,2.545718
14489,0.818855,59,29,97,0.006257,2.545745
14490,0.818865,59,29,97,0.006258,2.545767
14491,0.818871,59,29,97,0.006258,2.545793
14492,0.818867,59,29,97,0.006257,2.545823
14493,0.818879,59,29,97,0.006258,2.545844
14494,0.818890,59,29,97,0.006259,2.545867
14495,0.818887,59,29,97,0.006258,2.545898
14496,0.818875,59,29,97,0.006258,2.545934
14497,0.818854,59,29,97,0.006257,2.545972
14498,0.818828,59,29,97,0.006256,2.546006
14499,0.818826,59,29,97,0.006256,2.546036
14500,0.818824,59,29,97,0.006255,2.546066
14501,0.818834,59,29,97,0.006256,2.546088
14502,0.818838,59,29,97,0.006255,2.546114
14503,0.818848,59,29,97,0.006256,2.546136
14504,0.818855,59,29,97,0.006256,2.546162
14505,0.818855,59,29,97,0.006255,2.546191
14506,0.818856,59,29,97,0.006255,2.546220
14507,0.818848,59,29,97,0.006254,2.546255
14508,0.818839,59,29,97,0.006254,2.546291
14509,0.818845,59,29,97,0.006254,2.546316
14510,0.818853,59,29,97,0.006254,2.546343
14511,0.818864,59,29,97,0.006254,2.546365
14512,0.818870,59,29,97,0.006254,2.546391
14513,0.818856,59,29,97,0.006254,2.546428
14514,0.818823,59,29,97,0.006253,2.546451
14515,0.818834,59,29,97,0.006254,2.546473
14516,0.818840,59,29,97,0.006253,2.546498
14517,0.818840,59,29,97,0.006253,2.546527
14518,0.818846,59,29,97,0.006253,2.546553
14519,0.818850,59,29,97,0.006253,2.546578
14520,0.818836,59,29,97,0.006252,2.546615
14521,0.818843,59,29,97,0.006252,2.546640
14522,0.818850,59,29,97,0.006252,2.546666
14523,0.818848,59,29,97,0.006252,2.546695
14524,0.818849,59,29,97,0.006251,2.546724
14525,0.818827,59,29,97,0.006250,2.546761
14526,0.818837,59,29,97,0.006251,2.546783
14527,0.818850,59,29,97,0.006253,2.546807
14528,0.818853,59,29,97,0.006252,2.546835
14529,0.818865,59,29,97,0.006254,2.546856
14530,0.818858,59,29,97,0.006253,2.546890
14531,0.818855,59,29,97,0.006253,2.546920
14532,0.818857,59,29,97,0.006252,2.546949
14533,0.818865,59,29,97,0.006253,2.546974
14534,0.818833,59,29,97,0.006252,2.546998
14535,0.818843,59,29,97,0.006252,2.547020
14536,0.818849,59,29,97,0.006252,2.547046
14537,0.818823,59,29,97,0.006251,2.547080
14538,0.818817,59,29,97,0.006251,2.547112
14539,0.818809,59,29,97,0.006250,2.547146
14540,0.818768,59,29,97,0.006249,2.547126
14541,0.818765,59,29,97,0.006249,2.547156
14542,0.818758,59,29,97,0.006248,2.547189
14543,0.818766,59,29,97,0.006248,2.547215
14544,0.818771,59,29,97,0.006248,2.547241
14545,0.818764,59,29,97,0.006248,2.547274
14546,0.818764,59,29,97,0.006247,2.547303
14547,0.818766,59,29,97,0.006247,2.547331
14548,0.818776,59,29,97,0.006247,2.547352
14549,0.818760,59,29,97,0.006247,2.547390
14550,0.818758,59,29,97,0.006246,2.547420
14551,0.818770,59,29,97,0.006247,2.547442
14552,0.818777,59,29,97,0.006247,2.547468
14553,0.818787,59,29,97,0.006247,2.547490
14554,0.818776,59,29,97,0.006247,2.547526
14555,0.818753,59,29,97,0.006246,2.547562
14556,0.818763,59,29,97,0.006247,2.547584
14557,0.818771,59,29,97,0.006247,2.547610
14558,0.818781,59,29,97,0.006247,2.547632
14559,0.818793,59,29,97,0.006248,2.547653
14560,0.818804,59,29,97,0.006249,2.547675
14561,0.818816,59,29,97,0.006250,2.547697
14562,0.818817,59,29,97,0.006249,2.547726
14563,0.818813,59,29,97,0.006249,2.547756
14564,0.818814,59,29,97,0.006248,2.547785
14565,0.818822,59,29,97,0.006248,2.547811
14566,0.818829,59,29,97,0.006248,2.547836
14567,0.818841,59,29,97,0.006249,2.547858
14568,0.818834,59,29,97,0.006249,2.547890
14569,0.818793,59,29,97,0.006248,2.547869
14570,0.818791,59,29,97,0.006248,2.547898
14571,0.818784,59,29,97,0.006247,2.547932
14572,0.818785,59,29,97,0.006247,2.547961
14573,0.818798,59,29,97,0.006248,2.547982
14574,0.818803,59,29,97,0.006248,2.548008
14575,0.818792,59,29,97,0.006247,2.548044
14576,0.818777,59,29,97,0.006247,2.548082
14577,0.818781,59,29,97,0.006246,2.548108
14578,0.818787,59,29,97,0.006246,2.548133
14579,0.818727,59,29,97,0.006245,2.547288
14580,0.818735,59,29,97,0.006245,2.547314
14581,0.818744,59,29,97,0.006246,2.547336
14582,0.818715,59,29,97,0.006245,2.547367
14583,0.818725,59,29,97,0.006246,2.547389
14584,0.818734,59,29,97,0.006246,2.547413
14585,0.818706,59,29,97,0.006245,2.547447
14586,0.818713,59,29,97,0.006245,2.547472
14587,0.818724,59,29,97,0.006246,2.547493
14588,0.818735,59,29,97,0.006246,2.547515
14589,0.818745,59,29,97,0.006247,2.547536
14590,0.818749,59,29,97,0.006247,2.547562
14591,0.818753,59,29,97,0.006246,2.547588
14592,0.818715,59,29,97,0.006246,2.547587
14593,0.818726,59,29,97,0.006247,2.547608
14594,0.818729,59,29,97,0.006246,2.547636
14595,0.818742,59,29,97,0.006248,2.547657
14596,0.818752,59,29,97,0.006248,2.547678
14597,0.818736,59,29,97,0.006248,2.547716
14598,0.818744,59,29,97,0.006248,2.547742
14599,0.818755,59,29,97,0.006248,2.547764
14600,0.818754,59,29,97,0.006248,2.547793
14601,0.818745,59,29,97,0.006247,2.547829
14602,0.818751,59,29,97,0.006247,2.547854
14603,0.818750,59,29,97,0.006247,2.547882
14604,0.818757,59,29,97,0.006247,2.547908
14605,0.818763,59,29,97,0.006247,2.547934
14606,0.818774,59,29,97,0.006248,2.547955
14607,0.818782,59,29,97,0.006248,2.547981
14608,0.818773,59,29,97,0.006247,2.548017
14609,0.818779,59,29,97,0.006247,2.548043
14610,0.818757,59,29,97,0.006246,2.548079
14611,0.818741,59,29,97,0.006245,2.548116
14612,0.818750,59,29,97,0.006246,2.548138
14613,0.818737,59,29,97,0.006245,2.548174
14614,0.818719,59,29,97,0.006244,2.548213
14615,0.818729,59,29,97,0.006245,2.548234
14616,0.818716,59,29,97,0.006244,2.548271
14617,0.818728,59,29,97,0.006245,2.548292
14618,0.818732,59,29,97,0.006245,2.548318
14619,0.818742,59,29,97,0.006245,2.548339
14620,0.818750,59,29,97,0.006246,2.548365
14621,0.818760,59,29,97,0.006246,2.548387
14622,0.818705,59,29,97,0.006245,2.548053
14623,0.818696,59,29,97,0.006245,2.548088
14624,0.818709,59,29,97,0.006246,2.548111
14625,0.818699,59,29,97,0.006245,2.548147
14626,0.818710,59,29,97,0.006246,2.548169
14627,0.818722,59,29,97,0.006247,2.548190
14628,0.818718,59,29,97,0.006246,2.548220
14629,0.818696,59,29,97,0.006246,2.548256
14630,0.818687,59,29,97,0.006245,2.548291
14631,0.818666,59,29,97,0.006244,2.548328
14632,0.818653,59,29,97,0.006244,2.548364
14633,0.818661,59,29,97,0.006244,2.548390
14634,0.818656,59,29,97,0.006243,2.548420
14635,0.818667,59,29,97,0.006244,2.548442
14636,0.818671,59,29,97,0.006244,2.548468
14637,0.818666,59,29,97,0.006243,2.548497
14638,0.818677,59,29,97,0.006244,2.548519
14639,0.818669,59,29,97,0.006243,2.548553
14640,0.818659,59,29,97,0.006242,2.548588
14641,0.818638,59,29,97,0.006242,2.548625
14642,0.818625,59,29,97,0.006241,2.548661
14643,0.818616,59,29,97,0.006240,2.548696
14644,0.818608,59,29,97,0.006240,2.548731
14645,0.818614,59,29,97,0.006240,2.548756
14646,0.818614,59,29,97,0.006239,2.548784
14647,0.818611,59,29,97,0.006239,2.548814
14648,0.818597,59,29,97,0.006238,2.548850
14649,0.818590,59,29,97,0.006238,2.548883
14650,0.818601,59,29,97,0.006238,2.548905
14651,0.818612,59,29,97,0.006239,2.548928
14652,0.818615,59,29,97,0.006239,2.548954
14653,0.818625,59,29,97,0.006239,2.548975
14654,0.818625,59,29,97,0.006239,2.549004
14655,0.818636,59,29,97,0.006239,2.549025
14656,0.818647,59,29,97,0.006240,2.549047
14657,0.818603,59,29,97,0.006239,2.549009
14658,0.818616,59,29,97,0.006241,2.549029
14659,0.818590,59,29,97,0.006240,2.549064
14660,0.818598,59,29,97,0.006240,2.549089
14661,0.818603,59,29,97,0.006240,2.549115
14662,0.818603,59,29,97,0.006239,2.549144
14663,0.818611,59,29,97,0.006239,2.549170
14664,0.818586,59,29,97,0.006238,2.549205
14665,0.818573,59,29,97,0.006238,2.549241
14666,0.818580,59,29,97,0.006238,2.549266
14667,0.818589,59,29,97,0.006238,2.549288
14668,0.818588,59,29,97,0.006238,2.549316
14669,0.818576,59,29,97,0.006237,2.549352
14670,0.818579,59,29,97,0.006237,2.549378
14671,0.818585,59,29,97,0.006237,2.549403
14672,0.818590,59,29,97,0.006237,2.549429
14673,0.818570,59,29,97,0.006236,2.549466
14674,0.818568,59,29,97,0.006235,2.549496
14675,0.818580,59,29,97,0.006236,2.549517
14676,0.818586,59,29,97,0.006236,2.549542
14677,0.818537,59,29,97,0.006236,2.549423
14678,0.818550,59,29,97,0.006237,2.549447
14679,0.818529,59,29,97,0.006236,2.549484
14680,0.818531,59,29,97,0.006236,2.549513
14681,0.818542,59,29,97,0.006237,2.549534
14682,0.818544,59,29,97,0.006236,2.549562
14683,0.818495,59,29,97,0.006236,2.549461
14684,0.818505,59,29,97,0.006236,2.549482
14685,0.818516,59,29,97,0.006237,2.549504
14686,0.818506,59,29,97,0.006236,2.549539
14687,0.818512,59,29,97,0.006236,2.549564
14688,0.818519,59,29,97,0.006236,2.549590
14689,0.818527,59,29,97,0.006236,2.549616
14690,0.818525,59,29,97,0.006236,2.549646
14691,0.818534,59,29,97,0.006236,2.549668
14692,0.818534,59,29,97,0.006236,2.549696
14693,0.818528,59,29,97,0.006235,2.549729
14694,0.818529,59,29,97,0.006235,2.549757
14695,0.818539,59,29,97,0.006235,2.549779
14696,0.818549,59,29,97,0.006236,2.549800
14697,0.818559,59,29,97,0.006236,2.549822
14698,0.818556,59,29,97,0.006236,2.549852
14699,0.818564,59,29,97,0.006236,2.549874
14700,0.818557,59,29,97,0.006235,2.549907
14701,0.818566,59,29,97,0.006236,2.549929
14702,0.818578,59,29,97,0.006237,2.549950
14703,0.818587,59,29,97,0.006237,2.549972
14704,0.818593,59,29,97,0.006237,2.549997
14705,0.818603,59,29,97,0.006238,2.550019
14706,0.818614,59,29,97,0.006238,2.550040
14707,0.818624,59,29,97,0.006239,2.550061
14708,0.818622,59,29,97,0.006238,2.550090
14709,0.818618,59,29,97,0.006238,2.550120
14710,0.818612,59,29,97,0.006237,2.550151
14711,0.818622,59,29,97,0.006238,2.550172
14712,0.818634,59,29,97,0.006239,2.550193
14713,0.818599,59,29,97,0.006238,2.550209
14714,0.818591,59,29,97,0.006237,2.550244
14715,0.818591,59,29,97,0.006237,2.550272
14716,0.818577,59,29,97,0.006236,2.550309
14717,0.818588,59,29,97,0.006237,2.550332
14718,0.818580,59,29,97,0.006236,2.550365
14719,0.818591,59,29,97,0.006237,2.550386
14720,0.818593,59,29,97,0.006237,2.550414
14721,0.818605,59,29,97,0.006238,2.550436
14722,0.818613,59,29,97,0.006238,2.550457
14723,0.818598,59,29,97,0.006237,2.550495
14724,0.818607,59,29,97,0.006238,2.550519
14725,0.818598,59,29,97,0.006237,2.550554
14726,0.818609,59,29,97,0.006238,2.550576
14727,0.818614,59,29,97,0.006238,2.550601
14728,0.818616,59,29,97,0.006237,2.550630
14729,0.818625,59,29,97,0.006238,2.550651
14730,0.818593,59,29,97,0.006237,2.550676
14731,0.818586,59,29,97,0.006236,2.550709
14732,0.818597,59,29,97,0.006237,2.550731
14733,0.818582,59,29,97,0.006236,2.550767
14734,0.818584,59,29,97,0.006236,2.550795
14735,0.818591,59,29,97,0.006236,2.550821
14736,0.818586,59,29,97,0.006236,2.550852
14737,0.818597,59,29,97,0.006236,2.550873
14738,0.818604,59,29,97,0.006236,2.550899
14739,0.818603,59,29,97,0.006236,2.550928
14740,0.818611,59,29,97,0.006236,2.550953
14741,0.818776,59,29,97,0.006246,2.550416
14742,0.818787,59,29,97,0.006247,2.550436
14743,0.818798,59,29,97,0.006247,2.550458
14744,0.818802,59,29,97,0.006247,2.550483
14745,0.818802,59,29,97,0.006247,2.550512
14746,0.818812,59,29,97,0.006247,2.550533
14747,0.818809,59,29,97,0.006247,2.550563
14748,0.818809,59,29,97,0.006246,2.550591
14749,0.818820,59,29,97,0.006247,2.550612
14750,0.818822,59,29,97,0.006247,2.550640
14751,0.818833,59,29,97,0.006248,2.550662
14752,0.818820,59,29,97,0.006247,2.550698
14753,0.818824,59,29,97,0.006247,2.550723
14754,0.818815,59,29,97,0.006246,2.550758
14755,0.818819,59,29,97,0.006246,2.550784
14756,0.818811,59,29,97,0.006245,2.550818
14757,0.818819,59,29,97,0.006246,2.550843
14758,0.818831,59,29,97,0.006247,2.550865
14759,0.818841,59,29,97,0.006247,2.550886
14760,0.818838,59,29,97,0.006247,2.550916
14761,0.818843,59,29,97,0.006246,2.550941
14762,0.818839,59,29,97,0.006246,2.550971
14763,0.818826,59,29,97,0.006245,2.551007
14764,0.818832,59,29,97,0.006245,2.551032
14765,0.818842,59,29,97,0.006246,2.551053
14766,0.818846,59,29,97,0.006245,2.551079
14767,0.818853,59,29,97,0.006245,2.551105
14768,0.818850,59,29,97,0.006245,2.551134
14769,0.818850,59,29,97,0.006245,2.551162
14770,0.818861,59,29,97,0.006246,2.551183
14771,0.818870,59,29,97,0.006246,2.551205
14772,0.818881,59,29,97,0.006247,2.551226
14773,0.818892,59,29,97,0.006247,2.551249
14774,0.818888,59,29,97,0.006247,2.551278
14775,0.818868,59,29,97,0.006246,2.551315
14776,0.818864,59,29,97,0.006245,2.551344
14777,0.818854,59,29,97,0.006245,2.551379
14778,0.818867,59,29,97,0.006246,2.551400
14779,0.818844,59,29,97,0.006246,2.551436
14780,0.818833,59,29,97,0.006245,2.551472
14781,0.818832,59,29,97,0.006244,2.551500
14782,0.818811,59,29,97,0.006244,2.551536
14783,0.818818,59,29,97,0.006244,2.551561
14784,0.818825,59,29,97,0.006244,2.551587
14785,0.818820,59,29,97,0.006243,2.551617
14786,0.818827,59,29,97,0.006243,2.551643
14787,0.818828,59,29,97,0.006243,2.551671
14788,0.818826,59,29,97,0.006242,2.551701
14789,0.818836,59,29,97,0.006243,2.551722
14790,0.818846,59,29,97,0.006243,2.551743
14791,0.818853,59,29,97,0.006243,2.551769
14792,0.818848,59,29,97,0.006243,2.551800
14793,0.818838,59,29,97,0.006242,2.551835
14794,0.818841,59,29,97,0.006242,2.551863
14795,0.818851,59,29,97,0.006242,2.551884
14796,0.818854,59,29,97,0.006242,2.551910
14797,0.818859,59,29,97,0.006242,2.551935
14798,0.818869,59,29,97,0.006243,2.551957
14799,0.818861,59,29,97,0.006242,2.551991
14800,0.818843,59,29,97,0.006241,2.552030
14801,0.818844,59,29,97,0.006241,2.552059
14802,0.818857,59,29,97,0.006242,2.552082
14803,0.818839,59,29,97,0.006242,2.552121
14804,0.818846,59,29,97,0.006242,2.552147
14805,0.818814,59,29,97,0.006241,2.552168
14806,0.818822,59,29,97,0.006241,2.552190
14807,0.818833,59,29,97,0.006242,2.552211
14808,0.818845,59,29,97,0.006243,2.552231
14809,0.818853,59,29,97,0.006243,2.552257
14810,0.818855,59,29,97,0.006243,2.552285
14811,0.818863,59,29,97,0.006243,2.552310
14812,0.818841,59,29,97,0.006242,2.552345
14813,0.818843,59,29,97,0.006242,2.552373
14814,0.818848,59,29,97,0.006242,2.552398
14815,0.818851,59,29,97,0.006241,2.552425
14816,0.818679,59,29,97,0.006241,2.552280
14817,0.818690,59,29,97,0.006242,2.552301
14818,0.818685,59,29,97,0.006241,2.552331
14819,0.818674,59,29,97,0.006241,2.552367
14820,0.818683,59,29,97,0.006241,2.552388
14821,0.818682,59,29,97,0.006241,2.552417
14822,0.818691,59,29,97,0.006241,2.552438
14823,0.818698,59,29,97,0.006241,2.552463
14824,0.818694,59,29,97,0.006241,2.552492
14825,0.818701,59,29,97,0.006241,2.552518
14826,0.818700,59,29,97,0.006240,2.552546
14827,0.818702,59,29,97,0.006240,2.552573
14828,0.818713,59,29,97,0.006240,2.552595
14829,0.818724,59,29,97,0.006241,2.552616
14830,0.818716,59,29,97,0.006241,2.552651
14831,0.818693,59,29,97,0.006240,2.552686
14832,0.818702,59,29,97,0.006240,2.552708
14833,0.818714,59,29,97,0.006241,2.552729
14834,0.818709,59,29,97,0.006241,2.552759
14835,0.818714,59,29,97,0.006241,2.552785
14836,0.818701,59,29,97,0.006240,2.552820
14837,0.818712,59,29,97,0.006241,2.552842
14838,0.818716,59,29,97,0.006241,2.552868
14839,0.818717,59,29,97,0.006240,2.552896
14840,0.818722,59,29,97,0.006240,2.552922
14841,0.818709,59,29,97,0.006239,2.552957
14842,0.818680,59,29,97,0.006239,2.552987
14843,0.818690,59,29,97,0.006239,2.553008
14844,0.818695,59,29,97,0.006239,2.553034
14845,0.818696,59,29,97,0.006239,2.553062
14846,0.818691,59,29,97,0.006238,2.553093
14847,0.818700,59,29,97,0.006239,2.553115
14848,0.818643,59,29,97,0.006238,2.552563
14849,0.818610,59,29,97,0.006237,2.552580
14850,0.818600,59,29,97,0.006236,2.552615
14851,0.818603,59,29,97,0.006236,2.552643
14852,0.818604,59,29,97,0.006236,2.552671
14853,0.818605,59,29,97,0.006235,2.552700
14854,0.818609,59,29,97,0.006235,2.552725
14855,0.818607,59,29,97,0.006235,2.552755
14856,0.818619,59,29,97,0.006236,2.552775
14857,0.818623,59,29,97,0.006236,2.552801
14858,0.818615,59,29,97,0.006235,2.552835
14859,0.818612,59,29,97,0.006235,2.552864
14860,0.818580,59,29,97,0.006234,2.552886
14861,0.818586,59,29,97,0.006234,2.552911
14862,0.818597,59,29,97,0.006235,2.552933
14863,0.818597,59,29,97,0.006234,2.552960
14864,0.818602,59,29,97,0.006234,2.552986
14865,0.818576,59,29,97,0.006233,2.553019
14866,0.818587,59,29,97,0.006234,2.553042
14867,0.818597,59,29,97,0.006235,2.553063
14868,0.818587,59,29,97,0.006234,2.553098
14869,0.818589,59,29,97,0.006234,2.553126
14870,0.818588,59,29,97,0.006233,2.553154
14871,0.818578,59,29,97,0.006233,2.553189
14872,0.818584,59,29,97,0.006233,2.553214
14873,0.818580,59,29,97,0.006232,2.553243
14874,0.818572,59,29,97,0.006231,2.553276
14875,0.818584,59,29,97,0.006232,2.553297
14876,0.818593,59,29,97,0.006233,2.553318
14877,0.818600,59,29,97,0.006233,2.553344
14878,0.818602,59,29,97,0.006232,2.553372
14879,0.818590,59,29,97,0.006232,2.553408
14880,0.818564,59,29,97,0.006231,2.553442
14881,0.818571,59,29,97,0.006231,2.553467
14882,0.818580,59,29,97,0.006231,2.553488
14883,0.818571,59,29,97,0.006231,2.553523
14884,0.818581,59,29,97,0.006231,2.553544
14885,0.818588,59,29,97,0.006231,2.553569
14886,0.818581,59,29,97,0.006231,2.553601
14887,0.818579,59,29,97,0.006230,2.553631
14888,0.818590,59,29,97,0.006231,2.553652
14889,0.818602,59,29,97,0.006233,2.553672
14890,0.818610,59,29,97,0.006233,2.553697
14891,0.818620,59,29,97,0.006233,2.553719
14892,0.818624,59,29,97,0.006233,2.553745
14893,0.818631,59,29,97,0.006233,2.553770
14894,0.818623,59,29,97,0.006232,2.553804
14895,0.818627,59,29,97,0.006232,2.553829
14896,0.818636,59,29,97,0.006232,2.553853
14897,0.818642,59,29,97,0.006232,2.553878
14898,0.818643,59,29,97,0.006232,2.553907
14899,0.818641,59,29,97,0.006232,2.553936
14900,0.818653,59,29,97,0.006233,2.553957
14901,0.818664,59,29,97,0.006233,2.553979
14902,0.818654,59,29,97,0.006233,2.554013
14903,0.818653,59,29,97,0.006232,2.554042
14904,0.818642,59,29,97,0.006232,2.554078
14905,0.818640,59,29,97,0.006231,2.554106
14906,0.818648,59,29,97,0.006231,2.554131
14907,0.818643,59,29,97,0.006231,2.554160
14908,0.818648,59,29,97,0.006231,2.554186
14909,0.818660,59,29,97,0.006232,2.554207
14910,0.818660,59,29,97,0.006231,2.554235
14911,0.818670,59,29,97,0.006232,2.554256
14912,0.818655,59,29,97,0.006231,2.554293
14913,0.818663,59,29,97,0.006231,2.554318
14914,0.818669,59,29,97,0.006231,2.554343
14915,0.818681,59,29,97,0.006232,2.554364
14916,0.818691,59,29,97,0.006233,2.554385
14917,0.818692,59,29,97,0.006232,2.554413
14918,0.818693,59,29,97,0.006232,2.554441
14919,0.818693,59,29,97,0.006232,2.554469
14920,0.818696,59,29,97,0.006231,2.554495
14921,0.818706,59,29,97,0.006232,2.554516
14922,0.818714,59,29,97,0.006232,2.554541
14923,0.818726,59,29,97,0.006233,2.554562
14924,0.818708,59,29,97,0.006232,2.554600
14925,0.818704,59,29,97,0.006232,2.554630
14926,0.818717,59,29,97,0.006233,2.554653
14927,0.818723,59,29,97,0.006233,2.554678
14928,0.818727,59,29,97,0.006233,2.554703
14929,0.818706,59,29,97,0.006232,2.554738
14930,0.818701,59,29,97,0.006232,2.554768
14931,0.818712,59,29,97,0.006233,2.554789
14932,0.818722,59,29,97,0.006233,2.554810
14933,0.818708,59,29,97,0.006233,2.554846
14934,0.818716,59,29,97,0.006233,2.554872
14935,0.818707,59,29,97,0.006232,2.554906
14936,0.818680,59,29,97,0.006231,2.554939
14937,0.818657,59,29,97,0.006231,2.554974
14938,0.818668,59,29,97,0.006231,2.554995
14939,0.818619,59,29,97,0.006230,2.554858
14940,0.818612,59,29,97,0.006230,2.554891
14941,0.818614,59,29,97,0.006229,2.554918
14942,0.818621,59,29,97,0.006229,2.554943
14943,0.818633,59,29,97,0.006230,2.554965
14944,0.818605,59,29,97,0.006230,2.554996
14945,0.818616,59,29,97,0.006231,2.555016
14946,0.818600,59,29,97,0.006230,2.555055
14947,0.818599,59,29,97,0.006229,2.555083
14948,0.818611,59,29,97,0.006231,2.555103
14949,0.818621,59,29,97,0.006231,2.555125
14950,0.818627,59,29,97,0.006231,2.555150
14951,0.818592,59,29,97,0.006231,2.555164
14952,0.818605,59,29,97,0.006232,2.555188
14953,0.818617,59,29,97,0.006234,2.555210
14954,0.818623,59,29,97,0.006233,2.555235
14955,0.818621,59,29,97,0.006233,2.555264
14956,0.818625,59,29,97,0.006233,2.555289
14957,0.818629,59,29,97,0.006233,2.555314
14958,0.818640,59,29,97,0.006234,2.555335
14959,0.818644,59,29,97,0.006233,2.555360
14960,0.818632,59,29,97,0.006233,2.555396
14961,0.818641,59,29,97,0.006233,2.555418
14962,0.818649,59,29,97,0.006233,2.555442
14963,0.818649,59,29,97,0.006233,2.555470
14964,0.818657,59,29,97,0.006233,2.555496
14965,0.818652,59,29,97,0.006232,2.555525
14966,0.818620,59,29,97,0.006232,2.555545
14967,0.818628,59,29,97,0.006232,2.555569
14968,0.818614,59,29,97,0.006231,2.555606
14969,0.818626,59,29,97,0.006232,2.555627
14970,0.818568,59,29,97,0.006231,2.554897
14971,0.818576,59,29,97,0.006231,2.554922
14972,0.818575,59,29,97,0.006231,2.554950
14973,0.818587,59,29,97,0.006232,2.554970
14974,0.818598,59,29,97,0.006233,2.554992
14975,0.818588,59,29,97,0.006232,2.555027
14976,0.818592,59,29,97,0.006232,2.555052
14977,0.818604,59,29,97,0.006233,2.555073
14978,0.818608,59,29,97,0.006233,2.555098
14979,0.818606,59,29,97,0.006233,2.555126
14980,0.818615,59,29,97,0.006233,2.555148
14981,0.818596,59,29,97,0.006232,2.555185
14982,0.818606,59,29,97,0.006233,2.555206
14983,0.818618,59,29,97,0.006234,2.555225
14984,0.818627,59,29,97,0.006234,2.555247
14985,0.818639,59,29,97,0.006235,2.555268
14986,0.818648,59,29,97,0.006236,2.555288
14987,0.818658,59,29,97,0.006236,2.555309
14988,0.818668,59,29,97,0.006237,2.555330
14989,0.818675,59,29,97,0.006237,2.555355
14990,0.818653,59,29,97,0.006236,2.555389
14991,0.818663,59,29,97,0.006237,2.555410
14992,0.818644,59,29,97,0.006236,2.555447
14993,0.818636,59,29,97,0.006235,2.555481
14994,0.818629,59,29,97,0.006235,2.555514
14995,0.818640,59,29,97,0.006236,2.555535
14996,0.818633,59,29,97,0.006235,2.555568
14997,0.818616,59,29,97,0.006235,2.555606
14998,0.818619,59,29,97,0.006234,2.555631
14999,0.818606,59,29,97,0.006234,2.555667
15000,0.818579,59,29,97,0.006233,2.555699
15001,0.818568,59,29,97,0.006232,2.555734
15002,0.818509,59,29,97,0.006231,2.554712
15003,0.818514,59,29,97,0.006231,2.554737
15004,0.818472,59,29,97,0.006231,2.554700
15005,0.818482,59,29,97,0.006231,2.554721
15006,0.818488,59,29,97,0.006231,2.554745
15007,0.818497,59,29,97,0.006231,2.554767
15008,0.818484,59,29,97,0.006231,2.554802
15009,0.818487,59,29,97,0.006230,2.554829
15010,0.818493,59,29,97,0.006230,2.554854
15011,0.818505,59,29,97,0.006231,2.554874
15012,0.818483,59,29,97,0.006231,2.554909
15013,0.818484,59,29,97,0.006230,2.554936
15014,0.818493,59,29,97,0.006231,2.554957
15015,0.818503,59,29,97,0.006231,2.554978
15016,0.818509,59,29,97,0.006231,2.555003
15017,0.818503,59,29,97,0.006231,2.555034
15018,0.818509,59,29,97,0.006230,2.555059
15019,0.818518,59,29,97,0.006231,2.555083
15020,0.818530,59,29,97,0.006232,2.555105
15021,0.818516,59,29,97,0.006231,2.555142
15022,0.818505,59,29,97,0.006231,2.555177
15023,0.818513,59,29,97,0.006231,2.555202
15024,0.818496,59,29,97,0.006230,2.555240
15025,0.818480,59,29,97,0.006229,2.555277
15026,0.818492,59,29,97,0.006231,2.555298
15027,0.818491,59,29,97,0.006230,2.555326
15028,0.818499,59,29,97,0.006230,2.555350
15029,0.818497,59,29,97,0.006230,2.555379
15030,0.818509,59,29,97,0.006231,2.555402
15031,0.818520,59,29,97,0.006232,2.555423
15032,0.818527,59,29,97,0.006232,2.555448
15033,0.818521,59,29,97,0.006232,2.555480
15034,0.818525,59,29,97,0.006232,2.555506
15035,0.818528,59,29,97,0.006231,2.555531
15036,0.818540,59,29,97,0.006232,2.555551
15037,0.818549,59,29,97,0.006233,2.555573
15038,0.818538,59,29,97,0.006232,2.555608
15039,0.818517,59,29,97,0.006231,2.555643
15040,0.818521,59,29,97,0.006231,2.555668
15041,0.818524,59,29,97,0.006231,2.555695
15042,0.818518,59,29,97,0.006230,2.555726
15043,0.818530,59,29,97,0.006232,2.555747
15044,0.818538,59,29,97,0.006232,2.555771
15045,0.818548,59,29,97,0.006232,2.555792
15046,0.818533,59,29,97,0.006232,2.555828
15047,0.818537,59,29,97,0.006231,2.555854
15048,0.818549,59,29,97,0.006233,2.555875
15049,0.818551,59,29,97,0.006232,2.555902
15050,0.818547,59,29,97,0.006232,2.555931
15051,0.818522,60,29,97,0.006231,2.555965
15052,0.818522,60,29,97,0.006231,2.555992
15053,0.818531,60,29,97,0.006231,2.556013
15054,0.818543,59,29,97,0.006232,2.556033
15055,0.818541,60,29,97,0.006232,2.556062
15056,0.818550,60,29,97,0.006232,2.556083
15057,0.818531,60,29,97,0.006232,2.556119
15058,0.818533,60,29,97,0.006231,2.556146
15059,0.818532,60,29,97,0.006231,2.556174
15060,0.818491,60,29,97,0.006230,2.556152
15061,0.818503,60,29,97,0.006231,2.556174
15062,0.818512,60,29,97,0.006232,2.556195
15063,0.818484,60,29,97,0.006231,2.556225
15064,0.818493,60,29,97,0.006231,2.556246
15065,0.818505,60,29,97,0.006232,2.556267
15066,0.818462,60,29,97,0.006231,2.556229
15067,0.818473,60,29,97,0.006232,2.556250
15068,0.818477,60,29,97,0.006232,2.556275
15069,0.818455,60,29,97,0.006231,2.556309
15070,0.818468,60,29,97,0.006233,2.556331
15071,0.818480,60,29,97,0.006234,2.556353
15072,0.818474,60,29,97,0.006234,2.556384
15073,0.818459,60,29,97,0.006233,2.556420
15074,0.818453,60,29,97,0.006232,2.556453
15075,0.818465,60,29,97,0.006234,2.556473
15076,0.818475,60,29,97,0.006234,2.556494
15077,0.818441,60,29,97,0.006234,2.556508
15078,0.818441,60,29,97,0.006233,2.556536
15079,0.818428,60,29,97,0.006233,2.556571
15080,0.818439,60,29,97,0.006233,2.556593
15081,0.818443,60,29,97,0.006233,2.556618
15082,0.818442,60,29,97,0.006233,2.556645
15083,0.818442,60,29,97,0.006232,2.556673
15084,0.818451,60,29,97,0.006233,2.556694
15085,0.818461,60,29,97,0.006233,2.556715
15086,0.818473,60,29,97,0.006235,2.556735
15087,0.818452,60,29,97,0.006234,2.556769
15088,0.818455,60,29,97,0.006233,2.556796
15089,0.818438,60,29,97,0.006233,2.556835
15090,0.818450,60,29,97,0.006234,2.556854
15091,0.818461,60,29,97,0.006235,2.556876
15092,0.818447,60,29,97,0.006234,2.556911
15093,0.818446,60,29,97,0.006234,2.556939
15094,0.818453,60,29,97,0.006234,2.556964
15095,0.818460,60,29,97,0.006234,2.556989
15096,0.818468,60,29,97,0.006234,2.557013
15097,0.818474,60,29,97,0.006234,2.557037
15098,0.818468,60,29,97,0.006233,2.557068
15099,0.818476,60,29,97,0.006233,2.557093
15100,0.818485,60,29,97,0.006234,2.557114
15101,0.818490,60,29,97,0.006233,2.557139
15102,0.818497,60,29,97,0.006233,2.557164
15103,0.818485,60,29,97,0.006233,2.557199
15104,0.818471,60,29,97,0.006232,2.557235
15105,0.818462,60,29,97,0.006232,2.557269
15106,0.818457,60,29,97,0.006231,2.557299
15107,0.818447,60,29,97,0.006230,2.557333
15108,0.818455,60,29,97,0.006231,2.557358
15109,0.818459,60,29,97,0.006230,2.557383
15110,0.818456,60,29,97,0.006230,2.557412
15111,0.818436,60,29,97,0.006229,2.557447
15112,0.818447,60,29,97,0.006230,2.557467
15113,0.818455,60,29,97,0.006230,2.557493
15114,0.818423,60,29,97,0.006229,2.557512
15115,0.818425,60,29,97,0.006229,2.557539
15116,0.818420,60,29,97,0.006229,2.557569
15117,0.818414,60,29,97,0.006228,2.557599
15118,0.818409,60,29,97,0.006227,2.557629
15119,0.818414,60,29,97,0.006227,2.557654
15120,0.818419,60,29,97,0.006227,2.557678
15121,0.818431,60,29,97,0.006228,2.557698
15122,0.818437,60,29,97,0.006228,2.557723
15123,0.818433,60,29,97,0.006228,2.557752
15124,0.818436,60,29,97,0.006227,2.557778
15125,0.818428,60,29,97,0.006227,2.557811
15126,0.818438,60,29,97,0.006227,2.557832
15127,0.818450,60,29,97,0.006229,2.557854
15128,0.818460,60,29,97,0.006229,2.557874
15129,0.818468,60,29,97,0.006229,2.557899
15130,0.818480,60,29,97,0.006231,2.557920
15131,0.818479,60,29,97,0.006230,2.557947
15132,0.818490,60,29,97,0.006231,2.557968
15133,0.818462,60,29,97,0.006231,2.557996
15134,0.818473,60,29,97,0.006232,2.558017
15135,0.818475,60,29,97,0.006231,2.558045
15136,0.818484,60,29,97,0.006232,2.558066
15137,0.818495,60,29,97,0.006232,2.558086
15138,0.818483,60,29,97,0.006232,2.558121
15139,0.818491,60,29,97,0.006232,2.558143
15140,0.818491,60,29,97,0.006232,2.558170
15141,0.818488,60,29,97,0.006231,2.558200
15142,0.818499,60,29,97,0.006232,2.558220
15143,0.818509,60,29,97,0.006232,2.558241
15144,0.818471,60,29,97,0.006232,2.558234
15145,0.818481,60,29,97,0.006232,2.558256
15146,0.818490,60,29,97,0.006233,2.558277
15147,0.818493,60,29,97,0.006232,2.558302
15148,0.818505,60,29,97,0.006234,2.558323
15149,0.818482,60,29,97,0.006233,2.558358
15150,0.818475,60,29,97,0.006232,2.558391
15151,0.818485,60,29,97,0.006233,2.558411
15152,0.818484,60,29,97,0.006233,2.558438
15153,0.818481,60,29,97,0.006232,2.558467
15154,0.818484,60,29,97,0.006232,2.558495
15155,0.818476,60,29,97,0.006231,2.558528
15156,0.818482,60,29,97,0.006231,2.558553
15157,0.818474,60,29,97,0.006231,2.558587
15158,0.818479,60,29,97,0.006231,2.558613
15159,0.818488,60,29,97,0.006231,2.558633
15160,0.818496,60,29,97,0.006231,2.558657
15161,0.818480,60,29,97,0.006230,2.558694
15162,0.818438,60,29,97,0.006230,2.558655
15163,0.818427,60,29,97,0.006229,2.558690
15164,0.818398,60,29,97,0.006228,2.558718
15165,0.818408,60,29,97,0.006229,2.558738
15166,0.818397,60,29,97,0.006228,2.558773
15167,0.818391,60,29,97,0.006228,2.558805
15168,0.818382,60,29,97,0.006227,2.558839
15169,0.818392,60,29,97,0.006227,2.558860
15170,0.818400,60,29,97,0.006227,2.558884
15171,0.818410,60,29,97,0.006228,2.558905
15172,0.818416,60,29,97,0.006228,2.558930
15173,0.818406,60,29,97,0.006227,2.558964
15174,0.818417,60,29,97,0.006228,2.558986
15175,0.818428,60,29,97,0.006229,2.559008
15176,0.818436,60,29,97,0.006229,2.559029
15177,0.818448,60,29,97,0.006230,2.559050
15178,0.818442,60,29,97,0.006229,2.559081
15179,0.818450,60,29,97,0.006230,2.559104
15180,0.818462,60,29,97,0.006231,2.559125
15181,0.818467,60,29,97,0.006231,2.559149
15182,0.818474,60,29,97,0.006230,2.559173
15183,0.818486,60,29,97,0.006232,2.559197
15184,0.818473,60,29,97,0.006231,2.559231
15185,0.818477,60,29,97,0.006231,2.559256
15186,0.818489,60,29,97,0.006233,2.559280
15187,0.818490,60,29,97,0.006232,2.559307
15188,0.818459,60,29,97,0.006232,2.559330
15189,0.818461,60,29,97,0.006231,2.559358
15190,0.818438,60,29,97,0.006231,2.559392
15191,0.818448,60,29,97,0.006231,2.559412
15192,0.818449,60,29,97,0.006231,2.559440
15193,0.818439,60,29,97,0.006230,2.559475
15194,0.818449,60,29,97,0.006231,2.559495
15195,0.818447,60,29,97,0.006230,2.559523
15196,0.818452,60,29,97,0.006230,2.559548
15197,0.818460,60,29,97,0.006230,2.559573
15198,0.818466,60,29,97,0.006230,2.559598
15199,0.818473,60,29,97,0.006230,2.559622
15200,0.818480,60,29,97,0.006230,2.559647
15201,0.818491,60,29,97,0.006231,2.559669
15202,0.818465,60,29,97,0.006230,2.559701
15203,0.818468,60,29,97,0.006230,2.559727
15204,0.818475,60,29,97,0.006230,2.559752
15205,0.818476,60,29,97,0.006229,2.559780
15206,0.818455,60,29,97,0.006229,2.559813
15207,0.818462,60,29,97,0.006229,2.559838
15208,0.818454,60,29,97,0.006228,2.559872
15209,0.818457,60,29,97,0.006228,2.559898
15210,0.818434,60,29,97,0.006227,2.559933
15211,0.818403,60,29,97,0.006226,2.559956
15212,0.818411,60,29,97,0.006226,2.559980
15213,0.818412,60,29,97,0.006226,2.560008
15214,0.818420,60,29,97,0.006226,2.560032
15215,0.818431,60,29,97,0.006227,2.560054
15216,0.818382,60,29,97,0.006226,2.559913
15217,0.818386,60,29,97,0.006226,2.559938
15218,0.818395,60,29,97,0.006226,2.559959
15219,0.818404,60,29,97,0.006227,2.559980
15220,0.818410,60,29,97,0.006226,2.560005
15221,0.818415,60,29,97,0.006226,2.560029
15222,0.818406,60,29,97,0.006226,2.560063
15223,0.818406,60,29,97,0.006225,2.560090
15224,0.818404,60,29,97,0.006225,2.560119
15225,0.818385,60,29,97,0.006224,2.560155
15226,0.818396,60,29,97,0.006225,2.560176
15227,0.818408,60,29,97,0.006226,2.560196
15228,0.818395,60,29,97,0.006226,2.560230
15229,0.818399,60,29,97,0.006226,2.560255
15230,0.818408,60,29,97,0.006226,2.560276
15231,0.818420,60,29,97,0.006227,2.560298
15232,0.818400,60,29,97,0.006227,2.560333
15233,0.818396,60,29,97,0.006226,2.560362
15234,0.818368,60,29,97,0.006225,2.560391
15235,0.818380,60,29,97,0.006227,2.560412
15236,0.818389,60,29,97,0.006227,2.560432
15237,0.818397,60,29,97,0.006227,2.560456
15238,0.818403,60,29,97,0.006227,2.560480
15239,0.818391,60,29,97,0.006226,2.560515
15240,0.818401,60,29,97,0.006227,2.560535
15241,0.818402,60,29,97,0.006227,2.560563
15242,0.818411,60,29,97,0.006227,2.560584
15243,0.818420,60,29,97,0.006227,2.560605
15244,0.818414,60,29,97,0.006227,2.560636
15245,0.818414,60,29,97,0.006226,2.560663
15246,0.818424,60,29,97,0.006227,2.560685
15247,0.818431,60,29,97,0.006227,2.560709
15248,0.818437,60,29,97,0.006227,2.560733
15249,0.818437,60,29,97,0.006227,2.560761
15250,0.818446,60,29,97,0.006227,2.560782
15251,0.818454,60,29,97,0.006227,2.560803
15252,0.818464,60,29,97,0.006228,2.560824
15253,0.818442,60,29,97,0.006227,2.560857
15254,0.818452,60,29,97,0.006227,2.560877
15255,0.818462,60,29,97,0.006228,2.560897
15256,0.818468,59,29,97,0.006228,2.560922
15257,0.818474,59,29,97,0.006228,2.560946
15258,0.818485,59,29,97,0.006229,2.560967
15259,0.818473,59,29,97,0.006228,2.561001
15260,0.818478,59,29,97,0.006228,2.561026
15261,0.818486,59,29,97,0.006228,2.561047
15262,0.818494,59,29,97,0.006228,2.561072
15263,0.818499,59,29,97,0.006228,2.561097
15264,0.818505,59,29,97,0.006228,2.561121
15265,0.818486,59,29,97,0.006227,2.561157
15266,0.818496,59,29,97,0.006228,2.561178
15267,0.818500,59,29,97,0.006228,2.561203
15268,0.818496,59,29,97,0.006227,2.561232
15269,0.818506,59,29,97,0.006228,2.561252
15270,0.818483,59,29,97,0.006227,2.561287
15271,0.818492,59,29,97,0.006228,2.561308
15272,0.818500,59,29,97,0.006228,2.561329
15273,0.818466,59,29,97,0.006227,2.561342
15274,0.818452,59,29,97,0.006226,2.561378
15275,0.818460,59,29,97,0.006227,2.561401
15276,0.818441,59,29,97,0.006226,2.561437
15277,0.818452,59,29,97,0.006226,2.561458
15278,0.818462,59,29,97,0.006227,2.561479
15279,0.818464,59,29,97,0.006227,2.561507
15280,0.818464,59,29,97,0.006226,2.561534
15281,0.818474,59,29,97,0.006227,2.561556
15282,0.818481,59,29,97,0.006227,2.561581
15283,0.818492,59,29,97,0.006228,2.561603
15284,0.818463,59,29,97,0.006227,2.561629
15285,0.818474,59,29,97,0.006228,2.561650
15286,0.818484,59,29,97,0.006228,2.561671
15287,0.818493,59,29,97,0.006229,2.561692
15288,0.818495,59,29,97,0.006228,2.561719
15289,0.818507,59,29,97,0.006229,2.561739
15290,0.818514,59,29,97,0.006229,2.561764
15291,0.818521,59,29,97,0.006229,2.561789
15292,0.818511,59,29,97,0.006229,2.561823
15293,0.818523,59,29,97,0.006230,2.561844
15294,0.818519,59,29,97,0.006230,2.561872
15295,0.818530,59,29,97,0.006231,2.561892
15296,0.818542,59,29,97,0.006232,2.561912
15297,0.818550,59,29,97,0.006232,2.561935
15298,0.818555,59,29,97,0.006232,2.561960
15299,0.818567,59,29,97,0.006234,2.561982
15300,0.818558,59,29,97,0.006233,2.562015
15301,0.818570,59,29,97,0.006234,2.562035
15302,0.818579,59,29,97,0.006234,2.562056
15303,0.818649,59,29,97,0.006239,2.563282
15304,0.818659,59,29,97,0.006240,2.563302
15305,0.818651,59,29,97,0.006239,2.563335
15306,0.818644,59,29,97,0.006239,2.563367
15307,0.818650,59,29,97,0.006239,2.563392
15308,0.818622,59,29,97,0.006238,2.563421
15309,0.818633,59,29,97,0.006238,2.563443
15310,0.818596,59,29,97,0.006238,2.563442
15311,0.818588,59,29,97,0.006237,2.563475
15312,0.818596,59,29,97,0.006237,2.563498
15313,0.818573,59,29,97,0.006236,2.563533
15314,0.818579,59,29,97,0.006236,2.563557
15315,0.818570,59,29,97,0.006236,2.563591
15316,0.818581,59,29,97,0.006237,2.563611
15317,0.818592,59,29,97,0.006238,2.563632
15318,0.818555,59,29,97,0.006237,2.563631
15319,0.818567,59,29,97,0.006238,2.563654
15320,0.818541,59,29,97,0.006238,2.563686
15321,0.818553,59,29,97,0.006239,2.563707
15322,0.818540,59,29,97,0.006238,2.563742
15323,0.818529,59,29,97,0.006238,2.563776
15324,0.818532,59,29,97,0.006237,2.563804
15325,0.818516,59,29,97,0.006237,2.563842
15326,0.818525,59,29,97,0.006237,2.563862
15327,0.818532,59,29,97,0.006237,2.563887
15328,0.818541,59,29,97,0.006237,2.563908
15329,0.818542,59,29,97,0.006237,2.563936
15330,0.818549,59,29,97,0.006237,2.563960
15331,0.818557,59,29,97,0.006237,2.563984
15332,0.818554,59,29,97,0.006237,2.564013
15333,0.818532,59,29,97,0.006236,2.564046
15334,0.818542,59,29,97,0.006236,2.564067
15335,0.818521,59,29,97,0.006236,2.564099
15336,0.818532,59,29,97,0.006237,2.564121
15337,0.818541,59,29,97,0.006237,2.564144
15338,0.818516,59,29,97,0.006237,2.564177
15339,0.818516,59,29,97,0.006236,2.564205
15340,0.818527,59,29,97,0.006237,2.564225
15341,0.818533,59,29,97,0.006237,2.564249
15342,0.818545,59,29,97,0.006239,2.564272
15343,0.818548,59,29,97,0.006238,2.564299
15344,0.818555,59,29,97,0.006238,2.564324
15345,0.818563,59,29,97,0.006238,2.564348
15346,0.818570,59,29,97,0.006238,2.564372
15347,0.818528,59,29,97,0.006238,2.564334
15348,0.818481,59,29,97,0.006237,2.564211
15349,0.818490,59,29,97,0.006237,2.564231
15350,0.818493,59,29,97,0.006237,2.564258
15351,0.818481,59,29,97,0.006236,2.564292
15352,0.818439,59,29,97,0.006236,2.564249
15353,0.818443,59,29,97,0.006235,2.564273
15354,0.818441,59,29,97,0.006235,2.564302
15355,0.818430,59,29,97,0.006234,2.564336
15356,0.818414,59,29,97,0.006234,2.564374
15357,0.818403,59,29,97,0.006233,2.564408
15358,0.818410,59,29,97,0.006233,2.564433
15359,0.818419,59,29,97,0.006233,2.564453
15360,0.818427,59,29,97,0.006233,2.564478
15361,0.818414,59,29,97,0.006233,2.564512
15362,0.818410,59,29,97,0.006232,2.564541
15363,0.818420,59,29,97,0.006233,2.564561
15364,0.818419,59,29,97,0.006233,2.564588
15365,0.818425,59,29,97,0.006233,2.564612
15366,0.818430,59,29,97,0.006232,2.564637
15367,0.818434,59,29,97,0.006232,2.564662
15368,0.818445,59,29,97,0.006234,2.564682
15369,0.818453,59,29,97,0.006234,2.564707
15370,0.818464,59,29,97,0.006235,2.564726
15371,0.818474,59,29,97,0.006235,2.564746
15372,0.818475,59,29,97,0.006235,2.564774
15373,0.818463,59,29,97,0.006234,2.564808
15374,0.818470,59,29,97,0.006234,2.564833
15375,0.818476,59,29,97,0.006234,2.564857
15376,0.818479,59,29,97,0.006234,2.564883
15377,0.818489,59,29,97,0.006235,2.564905
15378,0.818444,59,29,97,0.006234,2.564827
15379,0.818452,59,29,97,0.006234,2.564848
15380,0.818451,59,29,97,0.006234,2.564876
15381,0.818459,59,29,97,0.006234,2.564899
15382,0.818418,59,29,97,0.006233,2.564862
15383,0.818388,59,29,97,0.006232,2.564888
15384,0.818400,59,29,97,0.006234,2.564908
15385,0.818405,59,29,97,0.006234,2.564933
15386,0.818369,59,29,97,0.006233,2.564936
15387,0.818368,59,29,97,0.006232,2.564963
15388,0.818361,59,29,97,0.006232,2.564995
15389,0.818370,59,29,97,0.006232,2.565016
15390,0.818367,59,29,97,0.006232,2.565044
15391,0.818376,59,29,97,0.006232,2.565065
15392,0.818378,59,29,97,0.006232,2.565092
15393,0.818386,59,29,97,0.006232,2.565117
15394,0.818396,59,29,97,0.006232,2.565137
15395,0.818407,59,29,97,0.006233,2.565157
15396,0.818418,59,29,97,0.006234,2.565177
15397,0.818428,59,29,97,0.006235,2.565198
15398,0.818429,59,29,97,0.006234,2.565225
15399,0.818440,59,29,97,0.006235,2.565245
15400,0.818440,59,29,97,0.006235,2.565272
15401,0.818449,59,29,97,0.006235,2.565293
15402,0.818449,59,29,97,0.006235,2.565320
15403,0.818430,59,29,97,0.006234,2.565356
15404,0.818438,59,29,97,0.006234,2.565381
15405,0.818411,59,29,97,0.006234,2.565411
15406,0.818409,59,29,97,0.006233,2.565440
15407,0.818405,59,29,97,0.006233,2.565469
15408,0.818540,59,29,97,0.006236,2.565336
15409,0.818541,59,29,97,0.006236,2.565364
15410,0.818550,59,29,97,0.006236,2.565385
15411,0.818551,59,29,97,0.006236,2.565412
15412,0.818643,59,29,97,0.006238,2.565437
15413,0.818652,59,29,97,0.006238,2.565457
15414,0.818633,59,29,97,0.006238,2.565492
15415,0.818631,59,29,97,0.006237,2.565521
15416,0.818621,59,29,97,0.006237,2.565555
15417,0.818632,59,29,97,0.006237,2.565576
15418,0.818594,59,29,97,0.006236,2.565570
15419,0.818605,59,29,97,0.006237,2.565591
15420,0.818603,59,29,97,0.006237,2.565620
15421,0.818613,59,29,97,0.006238,2.565640
15422,0.818606,59,29,97,0.006237,2.565672
15423,0.818615,59,29,97,0.006237,2.565692
15424,0.818609,59,29,97,0.006237,2.565724
15425,0.818617,59,29,97,0.006237,2.565747
15426,0.818623,59,29,97,0.006237,2.565772
15427,0.818628,59,29,97,0.006237,2.565796
15428,0.818591,59,29,97,0.006236,2.565790
15429,0.818590,59,29,97,0.006236,2.565817
15430,0.818592,59,29,97,0.006235,2.565844
15431,0.818574,59,29,97,0.006235,2.565882
15432,0.818580,59,29,97,0.006235,2.565905
15433,0.818577,59,29,97,0.006234,2.565934
15434,0.818555,59,29,97,0.006233,2.565966
15435,0.818561,59,29,97,0.006233,2.565990
15436,0.818569,59,29,97,0.006233,2.566014
15437,0.818532,59,29,97,0.006233,2.566011
15438,0.818540,59,29,97,0.006233,2.566035
15439,0.818550,59,29,97,0.006233,2.566056
15440,0.818562,59,29,97,0.006235,2.566078
15441,0.818547,59,29,97,0.006234,2.566114
15442,0.818534,59,29,97,0.006233,2.566148
15443,0.818536,59,29,97,0.006233,2.566175
15444,0.818545,59,29,97,0.006234,2.566195
15445,0.818545,59,29,97,0.006233,2.566222
15446,0.818555,59,29,97,0.006234,2.566242
15447,0.818560,59,29,97,0.006234,2.566267
15448,0.818517,59,29,97,0.006233,2.566216
15449,0.818515,59,29,97,0.006232,2.566244
15450,0.818513,59,29,97,0.006232,2.566271
15451,0.818510,59,29,97,0.006232,2.566300
15452,0.818520,59,29,97,0.006232,2.566321
15453,0.818532,59,29,97,0.006234,2.566342
15454,0.818542,59,29,97,0.006234,2.566362
15455,0.818548,59,29,97,0.006234,2.566386
15456,0.818556,59,29,97,0.006234,2.566407
15457,0.818565,59,29,97,0.006235,2.566428
15458,0.818558,59,29,97,0.006234,2.566460
15459,0.818566,59,29,97,0.006234,2.566484
15460,0.818567,59,29,97,0.006234,2.566511
15461,0.818578,59,29,97,0.006234,2.566533
15462,0.818559,59,29,97,0.006234,2.566569
15463,0.818548,59,29,97,0.006233,2.566603
15464,0.818719,59,29,97,0.006241,2.566168
15465,0.818716,59,29,97,0.006241,2.566196
15466,0.818728,59,29,97,0.006242,2.566218
15467,0.818693,59,29,97,0.006241,2.566229
15468,0.818691,59,29,97,0.006241,2.566257
15469,0.818688,59,29,97,0.006241,2.566286
15470,0.818693,59,29,97,0.006240,2.566310
15471,0.818696,59,29,97,0.006240,2.566335
15472,0.818704,59,29,97,0.006240,2.566360
15473,0.818711,59,29,97,0.006240,2.566384
15474,0.818708,59,29,97,0.006240,2.566412
15475,0.818718,59,29,97,0.006240,2.566433
15476,0.818717,59,29,97,0.006240,2.566460
15477,0.818714,59,29,97,0.006239,2.566488
15478,0.818724,59,29,97,0.006240,2.566509
15479,0.818701,59,29,97,0.006239,2.566542
15480,0.818679,59,29,97,0.006239,2.566576
15481,0.818685,59,29,97,0.006239,2.566601
15482,0.818669,59,29,97,0.006238,2.566638
15483,0.818675,59,29,97,0.006238,2.566662
15484,0.818686,59,29,97,0.006238,2.566683
15485,0.818694,59,29,97,0.006239,2.566704
15486,0.818660,59,29,97,0.006238,2.566714
15487,0.818670,59,29,97,0.006239,2.566735
15488,0.818681,59,29,97,0.006239,2.566755
15489,0.818693,59,29,97,0.006241,2.566776
15490,0.818704,59,29,97,0.006242,2.566797
15491,0.818698,59,29,97,0.006241,2.566828
15492,0.818708,59,29,97,0.006242,2.566848
15493,0.818715,59,29,97,0.006242,2.566872
15494,0.818716,59,29,97,0.006242,2.566899
15495,0.818728,59,29,97,0.006243,2.566919
15496,0.818739,59,29,97,0.006244,2.566939
15497,0.818736,59,29,97,0.006243,2.566967
15498,0.818746,59,29,97,0.006244,2.566987
15499,0.818731,59,29,97,0.006243,2.567024
15500,0.818742,59,29,97,0.006244,2.567045
15501,0.818753,59,29,97,0.006245,2.567065
15502,0.818763,59,29,97,0.006246,2.567086
15503,0.818763,59,29,97,0.006245,2.567113
15504,0.818772,59,29,97,0.006246,2.567133
15505,0.818778,59,29,97,0.006246,2.567157
15506,0.818770,59,29,97,0.006245,2.567190
15507,0.818781,59,29,97,0.006246,2.567210
15508,0.818780,59,29,97,0.006246,2.567236
15509,0.818780,59,29,97,0.006245,2.567263
15510,0.818781,59,29,97,0.006245,2.567290
15511,0.818786,59,29,97,0.006245,2.567315
15512,0.818792,59,29,97,0.006245,2.567339
15513,0.818802,59,29,97,0.006245,2.567360
15514,0.818807,59,29,97,0.006245,2.567385
15515,0.818816,59,29,97,0.006246,2.567405
15516,0.818825,59,29,97,0.006246,2.567425
15517,0.818828,59,29,97,0.006246,2.567451
15518,0.818837,59,29,97,0.006246,2.567471
15519,0.818846,59,29,96,0.006247,2.567491
15520,0.818845,59,29,96,0.006246,2.567518
15521,0.818855,59,29,96,0.006247,2.567538
15522,0.818864,59,29,96,0.006247,2.567559
15523,0.818876,59,29,96,0.006249,2.567580
15524,0.818888,59,29,96,0.006250,2.567600
15525,0.818892,59,29,96,0.006250,2.567624
15526,0.818904,59,29,96,0.006250,2.567645
15527,0.818877,59,29,96,0.006250,2.567676
15528,0.818884,59,29,96,0.006250,2.567700
15529,0.818889,59,29,96,0.006250,2.567724
15530,0.818871,59,29,96,0.006249,2.567761
15531,0.818880,59,29,96,0.006249,2.567781
15532,0.818881,59,29,96,0.006249,2.567808
15533,0.818871,59,29,96,0.006248,2.567842
15534,0.818880,59,29,96,0.006249,2.567862
15535,0.818884,59,29,96,0.006249,2.567887
15536,0.818895,59,29,96,0.006250,2.567910
15537,0.818906,59,29,96,0.006251,2.567930
15538,0.818918,59,29,96,0.006252,2.567950
15539,0.818927,59,29,96,0.006252,2.567970
15540,0.818935,59,29,96,0.006253,2.567991
15541,0.818944,59,29,96,0.006253,2.568011
15542,0.818932,59,29,96,0.006253,2.568045
15543,0.818896,59,29,96,0.006252,2.568045
15544,0.818901,59,29,96,0.006252,2.568070
15545,0.818904,59,29,96,0.006251,2.568095
15546,0.818903,59,29,96,0.006251,2.568122
15547,0.818907,59,29,96,0.006251,2.568147
15548,0.818904,59,29,96,0.006250,2.568175
15549,0.818908,59,29,96,0.006250,2.568199
15550,0.818901,59,29,96,0.006250,2.568231
15551,0.818907,59,29,96,0.006250,2.568255
15552,0.818899,59,29,96,0.006249,2.568287
15553,0.818905,59,29,96,0.006249,2.568311
15554,0.818916,59,29,96,0.006250,2.568331
15555,0.818917,59,29,96,0.006250,2.568358
15556,0.818927,59,29,96,0.006250,2.568379
15557,0.818934,59,29,96,0.006250,2.568403
15558,0.818941,59,29,96,0.006250,2.568427
15559,0.818940,59,29,96,0.006250,2.568454
15560,0.818935,59,29,96,0.006249,2.568483
15561,0.818929,59,29,96,0.006249,2.568515
15562,0.818940,59,29,96,0.006250,2.568535
15563,0.818940,59,29,96,0.006250,2.568562
15564,0.818934,59,29,96,0.006249,2.568591
15565,0.818943,59,29,96,0.006249,2.568611
15566,0.818906,59,29,96,0.006249,2.568607
15567,0.818918,59,29,96,0.006250,2.568626
15568,0.818887,59,29,96,0.006249,2.568646
15569,0.818886,59,29,96,0.006249,2.568673
15570,0.818883,59,29,96,0.006248,2.568701
15571,0.818895,59,29,96,0.006250,2.568721
15572,0.818901,59,29,96,0.006249,2.568744
15573,0.818895,59,29,96,0.006249,2.568775
15574,0.818903,59,29,96,0.006249,2.568798
15575,0.818572,59,29,97,0.006235,2.568040
15576,0.818582,59,29,97,0.006236,2.568061
15577,0.818574,59,29,97,0.006235,2.568094
15578,0.818569,59,29,97,0.006235,2.568124
15579,0.818578,59,29,97,0.006235,2.568144
15580,0.818587,59,29,97,0.006236,2.568163
15581,0.818597,59,29,97,0.006236,2.568183
15582,0.818608,59,29,97,0.006237,2.568204
15583,0.818616,59,29,97,0.006237,2.568227
15584,0.818626,59,29,97,0.006238,2.568247
15585,0.818636,59,29,97,0.006238,2.568267
15586,0.818644,59,29,97,0.006239,2.568288
15587,0.818655,59,29,97,0.006240,2.568308
15588,0.818665,59,29,97,0.006240,2.568328
15589,0.818649,59,29,97,0.006240,2.568365
15590,0.818649,59,29,97,0.006239,2.568392
15591,0.818655,59,29,97,0.006239,2.568416
15592,0.818632,59,29,97,0.006238,2.568450
15593,0.818627,59,29,97,0.006238,2.568478
15594,0.818639,59,29,97,0.006239,2.568499
15595,0.818650,59,29,97,0.006241,2.568520
15596,0.818598,59,29,97,0.006240,2.568149
15597,0.818605,59,29,97,0.006240,2.568173
15598,0.818613,59,29,97,0.006240,2.568193
15599,0.818618,59,29,97,0.006240,2.568217
15600,0.818628,59,29,97,0.006241,2.568238
15601,0.818610,59,29,97,0.006240,2.568273
15602,0.818611,59,29,97,0.006240,2.568300
15603,0.818580,59,29,97,0.006239,2.568318
15604,0.818578,59,29,97,0.006238,2.568346
15605,0.818582,59,29,97,0.006238,2.568371
15606,0.818592,59,29,97,0.006239,2.568391
15607,0.818602,59,29,97,0.006239,2.568411
15608,0.818721,59,29,97,0.006242,2.568347
15609,0.818715,59,29,97,0.006242,2.568377
15610,0.818726,59,29,97,0.006242,2.568398
15611,0.818699,59,29,97,0.006242,2.568428
15612,0.818707,59,29,97,0.006242,2.568449
15613,0.818709,59,29,97,0.006242,2.568475
15614,0.818777,59,29,97,0.006243,2.568585
15615,0.818783,59,29,97,0.006243,2.568608
15616,0.818787,59,29,97,0.006243,2.568633
15617,0.818794,59,29,97,0.006243,2.568657
15618,0.818803,59,29,97,0.006243,2.568677
15619,0.818815,59,29,97,0.006245,2.568700
15620,0.818820,59,29,97,0.006245,2.568723
15621,0.818828,59,29,97,0.006245,2.568748
15622,0.818833,59,29,97,0.006244,2.568772
15623,0.818840,59,29,97,0.006245,2.568796
15624,0.818811,59,29,97,0.006244,2.568821
15625,0.818821,59,29,97,0.006244,2.568841
15626,0.818827,59,29,97,0.006244,2.568865
15627,0.818824,59,29,97,0.006244,2.568893
15628,0.818826,59,29,97,0.006243,2.568920
15629,0.818835,59,29,97,0.006244,2.568940
15630,0.818835,59,29,97,0.006244,2.568966
15631,0.818819,59,29,97,0.006243,2.569002
15632,0.818825,59,29,97,0.006243,2.569026
15633,0.818835,59,29,97,0.006243,2.569046
15634,0.818831,59,29,97,0.006243,2.569074
15635,0.818840,59,29,97,0.006243,2.569095
15636,0.818851,59,29,97,0.006244,2.569115
15637,0.818839,59,29,97,0.006244,2.569149
15638,0.818845,59,29,97,0.006244,2.569173
15639,0.818851,59,29,97,0.006243,2.569197
15640,0.818862,59,29,97,0.006245,2.569218
15641,0.818865,59,29,97,0.006245,2.569244
15642,0.818873,59,29,97,0.006245,2.569265
15643,0.818856,59,29,97,0.006244,2.569301
15644,0.818862,59,29,97,0.006244,2.569325
15645,0.818864,59,29,97,0.006244,2.569351
15646,0.818876,59,29,97,0.006245,2.569370
15647,0.818885,59,29,97,0.006246,2.569390
15648,0.818888,59,29,97,0.006245,2.569416
15649,0.818900,59,29,96,0.006247,2.569439
15650,0.818910,59,29,96,0.006248,2.569460
15651,0.818915,59,29,96,0.006247,2.569484
15652,0.818924,59,29,96,0.006248,2.569504
15653,0.818914,59,29,96,0.006247,2.569538
15654,0.818922,59,29,96,0.006247,2.569562
15655,0.818933,59,29,96,0.006249,2.569583
15656,0.818944,59,29,96,0.006250,2.569603
15657,0.818948,59,29,96,0.006249,2.569628
15658,0.818942,59,29,96,0.006249,2.569659
15659,0.818945,59,29,96,0.006249,2.569684
15660,0.818921,59,29,96,0.006248,2.569718
15661,0.818916,59,29,96,0.006247,2.569747
15662,0.818918,59,29,96,0.006247,2.569773
15663,0.818930,59,29,96,0.006248,2.569793
15664,0.818937,59,29,96,0.006248,2.569817
15665,0.818920,59,29,96,0.006248,2.569854
15666,0.818907,59,29,97,0.006247,2.569887
15667,0.818919,59,29,96,0.006248,2.569907
15668,0.818902,59,29,97,0.006247,2.569944
15669,0.818887,59,29,97,0.006247,2.569979
15670,0.818898,59,29,97,0.006248,2.569999
15671,0.818907,59,29,97,0.006248,2.570019
15672,0.818916,59,29,97,0.006248,2.570039
15673,0.818910,59,29,97,0.006248,2.570070
15674,0.818916,59,29,97,0.006248,2.570094
15675,0.818926,59,29,96,0.006248,2.570114
15676,0.818902,59,29,97,0.006248,2.570147
15677,0.818908,59,29,97,0.006248,2.570171
15678,0.818915,59,29,96,0.006248,2.570194
15679,0.818923,59,29,96,0.006248,2.570217
15680,0.818931,59,29,96,0.006248,2.570237
15681,0.818934,59,29,96,0.006248,2.570264
15682,0.818941,59,29,96,0.006248,2.570288
15683,0.818927,59,29,96,0.006247,2.570323
15684,0.818938,59,29,96,0.006248,2.570343
15685,0.818905,59,29,96,0.006247,2.570356
15686,0.818915,59,29,96,0.006248,2.570375
15687,0.818909,59,29,96,0.006248,2.570407
15688,0.818918,59,29,96,0.006248,2.570426
15689,0.818929,59,29,96,0.006249,2.570447
15690,0.818924,59,29,96,0.006249,2.570476
15691,0.818934,59,29,96,0.006249,2.570497
15692,0.818908,59,29,97,0.006249,2.570526
15693,0.818917,59,29,96,0.006249,2.570546
15694,0.818928,59,29,96,0.006250,2.570565
15695,0.818929,59,29,96,0.006250,2.570592
15696,0.818935,59,29,96,0.006250,2.570616
15697,0.819103,59,29,96,0.006256,2.570297
15698,0.819092,59,29,96,0.006256,2.570331
15699,0.819097,59,29,96,0.006256,2.570355
15700,0.819108,59,29,96,0.006257,2.570374
15701,0.819114,59,29,96,0.006257,2.570398
15702,0.819104,59,29,96,0.006256,2.570431
15703,0.819116,59,29,96,0.006258,2.570454
15704,0.819092,59,29,96,0.006257,2.570487
15705,0.819092,59,29,96,0.006257,2.570513
15706,0.819089,59,29,96,0.006256,2.570541
15707,0.819096,59,29,96,0.006256,2.570565
15708,0.819106,59,29,96,0.006257,2.570585
15709,0.819106,59,29,96,0.006257,2.570611
15710,0.819112,59,29,96,0.006257,2.570634
15711,0.819117,59,29,96,0.006256,2.570659
15712,0.819089,59,29,96,0.006256,2.570685
15713,0.819098,59,29,96,0.006256,2.570705
15714,0.819108,59,29,96,0.006257,2.570726
15715,0.819119,59,29,96,0.006258,2.570745
15716,0.819119,59,29,96,0.006257,2.570772
15717,0.819128,59,29,96,0.006258,2.570792
15718,0.819138,59,29,96,0.006258,2.570812
15719,0.819146,59,29,96,0.006258,2.570834
15720,0.819156,59,29,96,0.006259,2.570854
15721,0.819166,59,29,96,0.006260,2.570874
15722,0.819173,59,29,96,0.006260,2.570898
15723,0.819178,59,29,96,0.006260,2.570922
15724,0.819183,59,29,96,0.006259,2.570946
15725,0.819194,59,29,96,0.006261,2.570969
15726,0.819204,59,29,96,0.006261,2.570989
15727,0.819205,59,29,96,0.006261,2.571015
15728,0.819213,59,29,96,0.006261,2.571036
15729,0.819223,59,29,96,0.006262,2.571056
15730,0.819211,59,29,96,0.006261,2.571089
15731,0.819207,59,29,96,0.006261,2.571118
15732,0.819205,59,29,96,0.006260,2.571146
15733,0.819207,59,29,96,0.006260,2.571172
15734,0.819191,59,29,96,0.006259,2.571209
15735,0.819189,59,29,96,0.006259,2.571236
15736,0.819185,59,29,96,0.006259,2.571265
15737,0.819194,59,29,96,0.006259,2.571285
15738,0.819186,59,29,96,0.006258,2.571317
15739,0.819185,59,29,96,0.006258,2.571344
15740,0.819156,59,29,96,0.006257,2.571370
15741,0.819167,59,29,96,0.006258,2.571389
15742,0.819178,59,29,96,0.006259,2.571409
15743,0.819175,59,29,96,0.006259,2.571437
15744,0.819179,59,29,96,0.006259,2.571461
15745,0.819189,59,29,96,0.006259,2.571481
15746,0.819188,59,29,96,0.006259,2.571508
15747,0.819187,59,29,96,0.006258,2.571534
15748,0.819195,59,29,96,0.006259,2.571554
15749,0.819192,59,29,96,0.006258,2.571582
15750,0.819190,59,29,96,0.006258,2.571610
15751,0.819188,59,29,96,0.006257,2.571638
15752,0.819190,59,29,96,0.006257,2.571664
15753,0.819196,59,29,96,0.006257,2.571688
15754,0.819203,59,29,96,0.006257,2.571712
15755,0.819215,59,29,96,0.006259,2.571732
15756,0.819224,59,29,96,0.006259,2.571752
15757,0.819213,59,29,96,0.006258,2.571786
15758,0.819220,59,29,96,0.006258,2.571809
15759,0.819219,59,29,96,0.006258,2.571835
15760,0.819226,59,29,96,0.006258,2.571859
15761,0.819236,59,29,96,0.006259,2.571878
15762,0.819236,59,29,96,0.006258,2.571905
15763,0.819239,59,29,96,0.006258,2.571929
15764,0.819248,59,29,96,0.006259,2.571949
15765,0.819258,59,29,96,0.006259,2.571968
15766,0.819264,59,29,96,0.006259,2.571992
15767,0.819275,59,29,96,0.006260,2.572011
15768,0.819269,59,29,96,0.006260,2.572042
15769,0.819254,59,29,96,0.006259,2.572078
15770,0.819257,59,29,96,0.006259,2.572102
15771,0.819261,59,29,96,0.006259,2.572126
15772,0.819270,59,29,96,0.006259,2.572146
15773,0.819270,59,29,96,0.006259,2.572172
15774,0.819279,59,29,96,0.006259,2.572191
15775,0.819289,59,29,96,0.006260,2.572212
15776,0.819269,59,29,96,0.006259,2.572246
15777,0.819278,59,29,96,0.006260,2.572266
15778,0.819265,59,29,96,0.006259,2.572299
15779,0.819251,59,29,96,0.006258,2.572335
15780,0.819256,59,29,96,0.006258,2.572359
15781,0.819247,59,29,96,0.006258,2.572392
15782,0.819253,59,29,96,0.006258,2.572416
15783,0.819260,59,29,96,0.006258,2.572439
15784,0.819265,59,29,96,0.006257,2.572463
15785,0.819273,59,29,96,0.006258,2.572484
15786,0.819283,59,29,96,0.006258,2.572504
15787,0.819286,59,29,96,0.006258,2.572528
15788,0.819289,59,29,96,0.006258,2.572554
15789,0.819293,59,29,96,0.006258,2.572578
15790,0.819296,59,29,96,0.006257,2.572604
15791,0.819307,59,29,96,0.006259,2.572623
15792,0.819307,59,29,96,0.006258,2.572649
15793,0.819296,59,29,96,0.006258,2.572683
15794,0.819301,59,29,96,0.006257,2.572707
15795,0.819282,59,29,96,0.006257,2.572742
15796,0.819291,59,29,96,0.006257,2.572762
15797,0.819287,59,29,96,0.006257,2.572790
15798,0.819284,59,29,96,0.006256,2.572818
15799,0.819295,59,29,96,0.006257,2.572838
15800,0.819273,59,29,96,0.006257,2.572871
15801,0.819277,59,29,96,0.006257,2.572895
15802,0.819251,59,29,96,0.006256,2.572926
15803,0.819256,59,29,96,0.006256,2.572950
15804,0.819243,59,29,96,0.006255,2.572984
15805,0.819251,59,29,96,0.006255,2.573007
15806,0.819262,59,29,96,0.006256,2.573026
15807,0.819271,59,29,96,0.006257,2.573046
15808,0.819273,59,29,96,0.006256,2.573072
15809,0.819284,59,29,96,0.006257,2.573092
15810,0.819293,59,29,96,0.006258,2.573111
15811,0.819290,59,29,96,0.006257,2.573139
15812,0.819299,59,29,96,0.006258,2.573158
15813,0.819292,59,29,96,0.006257,2.573190
15814,0.819280,59,29,96,0.006256,2.573224
15815,0.819288,59,29,96,0.006257,2.573247
15816,0.819280,59,29,96,0.006256,2.573279
15817,0.819288,59,29,96,0.006256,2.573303
15818,0.819281,59,29,96,0.006255,2.573334
15819,0.819223,59,29,96,0.006255,2.571841
15820,0.819231,59,29,96,0.006255,2.571861
15821,0.819230,59,29,96,0.006255,2.571889
15822,0.819226,59,29,96,0.006254,2.571916
15823,0.819227,59,29,96,0.006254,2.571943
15824,0.819237,59,29,96,0.006254,2.571964
15825,0.819241,59,29,96,0.006254,2.571988
15826,0.819231,59,29,96,0.006254,2.572021
15827,0.819238,59,29,96,0.006254,2.572045
15828,0.819244,59,29,96,0.006254,2.572068
15829,0.819238,59,29,96,0.006253,2.572097
15830,0.819229,59,29,96,0.006253,2.572130
15831,0.819236,59,29,96,0.006253,2.572154
15832,0.819245,59,29,96,0.006253,2.572174
15833,0.819241,59,29,96,0.006253,2.572202
15834,0.819224,59,29,96,0.006252,2.572237
15835,0.819221,59,29,96,0.006252,2.572265
15836,0.819214,59,29,96,0.006251,2.572297
15837,0.819203,59,29,96,0.006250,2.572330
15838,0.819209,59,29,96,0.006250,2.572353
15839,0.819219,59,29,96,0.006251,2.572374
15840,0.819208,59,29,96,0.006250,2.572408
15841,0.819212,59,29,96,0.006250,2.572432
15842,0.819193,59,29,96,0.006249,2.572466
15843,0.819198,59,29,96,0.006249,2.572490
15844,0.819192,59,29,96,0.006249,2.572521
15845,0.819188,59,29,96,0.006248,2.572549
15846,0.819190,59,29,96,0.006248,2.572575
15847,0.819172,59,29,96,0.006247,2.572611
15848,0.819167,59,29,96,0.006247,2.572640
15849,0.819179,59,29,96,0.006248,2.572663
15850,0.819189,59,29,96,0.006249,2.572684
15851,0.819194,59,29,96,0.006249,2.572707
15852,0.819192,59,29,96,0.006249,2.572734
15853,0.819203,59,29,96,0.006249,2.572754
15854,0.819209,59,29,96,0.006249,2.572777
15855,0.819210,59,29,96,0.006249,2.572804
15856,0.819191,59,29,96,0.006248,2.572838
15857,0.819195,59,29,96,0.006248,2.572863
15858,0.819205,59,29,96,0.006249,2.572882
15859,0.819215,59,29,96,0.006249,2.572902
15860,0.819226,59,29,96,0.006251,2.572921
15861,0.819232,59,29,96,0.006251,2.572944
15862,0.819234,59,29,96,0.006250,2.572971
15863,0.819221,59,29,96,0.006250,2.573007
15864,0.819224,59,29,96,0.006249,2.573032
15865,0.819230,59,29,96,0.006249,2.573056
15866,0.819228,59,29,96,0.006249,2.573084
15867,0.819235,59,29,96,0.006249,2.573107
15868,0.819246,59,29,96,0.006250,2.573127
15869,0.819256,59,29,96,0.006251,2.573147
15870,0.819250,59,29,96,0.006250,2.573178
15871,0.819258,59,29,96,0.006250,2.573201
15872,0.819252,59,29,96,0.006250,2.573230
15873,0.819259,59,29,96,0.006250,2.573253
15874,0.819270,59,29,96,0.006251,2.573273
15875,0.819266,59,29,96,0.006250,2.573301
15876,0.819276,59,29,96,0.006251,2.573321
15877,0.819272,59,29,96,0.006250,2.573349
15878,0.819275,59,29,96,0.006250,2.573373
15879,0.819287,59,29,96,0.006251,2.573394
15880,0.819293,59,29,96,0.006251,2.573417
15881,0.819301,59,29,96,0.006251,2.573441
15882,0.819307,59,29,96,0.006251,2.573464
15883,0.819317,59,29,96,0.006252,2.573485
15884,0.819307,59,29,96,0.006251,2.573518
15885,0.819319,59,29,96,0.006253,2.573538
15886,0.819322,59,29,96,0.006253,2.573563
15887,0.819323,59,29,96,0.006252,2.573590
15888,0.819328,59,29,96,0.006252,2.573614
15889,0.819339,59,29,96,0.006254,2.573636
15890,0.819351,59,29,96,0.006255,2.573656
15891,0.819342,59,29,96,0.006254,2.573689
15892,0.819301,59,29,96,0.006253,2.573647
15893,0.819294,59,29,96,0.006253,2.573679
15894,0.819289,59,29,96,0.006252,2.573707
15895,0.819291,59,29,96,0.006252,2.573733
15896,0.819301,59,29,96,0.006253,2.573753
15897,0.819306,59,29,96,0.006252,2.573776
15898,0.819306,59,29,96,0.006252,2.573802
15899,0.819318,59,29,96,0.006253,2.573822
15900,0.819308,59,29,96,0.006253,2.573855
15901,0.819319,59,29,96,0.006254,2.573875
15902,0.819321,59,29,96,0.006254,2.573901
15903,0.819316,59,29,96,0.006253,2.573929
15904,0.819313,59,29,96,0.006253,2.573957
15905,0.819307,59,29,96,0.006252,2.573986
15906,0.819283,59,29,96,0.006252,2.574018
15907,0.819262,59,29,96,0.006251,2.574051
15908,0.819245,59,29,96,0.006250,2.574088
15909,0.819232,59,29,96,0.006250,2.574123
15910,0.819175,59,29,96,0.006249,2.573074
15911,0.819166,59,29,96,0.006248,2.573106
15912,0.819176,59,29,96,0.006249,2.573126
15913,0.819177,59,29,96,0.006249,2.573153
15914,0.819188,59,29,96,0.006249,2.573173
15915,0.819188,59,29,96,0.006249,2.573199
15916,0.819180,59,29,96,0.006248,2.573231
15917,0.819189,59,29,96,0.006249,2.573251
15918,0.819197,59,29,96,0.006249,2.573274
15919,0.819207,59,29,96,0.006250,2.573295
15920,0.819216,59,29,96,0.006250,2.573314
15921,0.819224,59,29,96,0.006250,2.573334
15922,0.819208,59,29,96,0.006250,2.573371
15923,0.819215,59,29,96,0.006250,2.573394
15924,0.819224,59,29,96,0.006250,2.573414
15925,0.819218,59,29,96,0.006250,2.573444
15926,0.819218,59,29,96,0.006249,2.573470
15927,0.819223,59,29,96,0.006249,2.573494
15928,0.819223,59,29,96,0.006249,2.573520
15929,0.819215,59,29,96,0.006248,2.573552
15930,0.819224,59,29,96,0.006249,2.573572
15931,0.819222,59,29,96,0.006248,2.573599
15932,0.819194,59,29,96,0.006248,2.573624
15933,0.819200,59,29,96,0.006248,2.573647
15934,0.819205,59,29,96,0.006247,2.573671
15935,0.819216,59,29,96,0.006249,2.573690
15936,0.819218,59,29,96,0.006248,2.573717
15937,0.819223,59,29,96,0.006248,2.573740
15938,0.819234,59,29,96,0.006250,2.573759
15939,0.819245,59,29,96,0.006250,2.573779
15940,0.819256,59,29,96,0.006251,2.573798
15941,0.819239,59,29,96,0.006251,2.573835
15942,0.819250,59,29,96,0.006252,2.573854
15943,0.819250,59,29,96,0.006251,2.573880
15944,0.819255,59,29,96,0.006251,2.573903
15945,0.819255,59,29,96,0.006251,2.573930
15946,0.819254,59,29,96,0.006250,2.573957
15947,0.819249,59,29,96,0.006250,2.573985
15948,0.819252,59,29,96,0.006250,2.574009
15949,0.819264,59,29,96,0.006251,2.574032
15950,0.819236,59,29,96,0.006250,2.574058
15951,0.819213,59,29,96,0.006250,2.574090
15952,0.819220,59,29,96,0.006250,2.574113
15953,0.819229,59,29,96,0.006250,2.574132
15954,0.819240,59,29,96,0.006251,2.574153
15955,0.819231,59,29,96,0.006251,2.574185
15956,0.819239,59,29,96,0.006251,2.574208
15957,0.819250,59,29,96,0.006252,2.574227
15958,0.819262,59,29,96,0.006253,2.574249
15959,0.819265,59,29,96,0.006253,2.574273
15960,0.819265,59,29,96,0.006253,2.574299
15961,0.819273,59,29,96,0.006253,2.574321
15962,0.819277,59,29,96,0.006253,2.574345
15963,0.819274,59,29,96,0.006252,2.574372
15964,0.819282,59,29,96,0.006253,2.574393
15965,0.819293,59,29,96,0.006253,2.574413
15966,0.819302,59,29,96,0.006254,2.574432
15967,0.819301,59,29,96,0.006254,2.574458
15968,0.819313,59,29,96,0.006255,2.574481
15969,0.819315,59,29,96,0.006255,2.574507
15970,0.819304,59,29,96,0.006254,2.574540
15971,0.819305,59,29,96,0.006254,2.574567
15972,0.819312,59,29,96,0.006254,2.574590
15973,0.819323,59,29,96,0.006255,2.574612
15974,0.819325,59,29,96,0.006255,2.574639
15975,0.819306,59,29,96,0.006254,2.574673
15976,0.819296,59,29,96,0.006254,2.574706
15977,0.819301,59,29,96,0.006254,2.574729
15978,0.819307,59,29,96,0.006254,2.574753
15979,0.819311,59,29,96,0.006253,2.574777
15980,0.819314,59,29,96,0.006253,2.574803
15981,0.819312,59,29,96,0.006253,2.574829
15982,0.819306,59,29,96,0.006252,2.574860
15983,0.819311,59,29,96,0.006252,2.574883
15984,0.819317,59,29,96,0.006252,2.574906
15985,0.819313,59,29,96,0.006252,2.574934
15986,0.819315,59,29,96,0.006251,2.574960
15987,0.819309,59,29,96,0.006251,2.574989
15988,0.819258,59,29,96,0.006250,2.574668
15989,0.819263,59,29,96,0.006250,2.574692
15990,0.819247,59,29,96,0.006249,2.574728
15991,0.819257,59,29,96,0.006250,2.574748
15992,0.819250,59,29,96,0.006249,2.574779
15993,0.819259,59,29,96,0.006250,2.574798
15994,0.819263,59,29,96,0.006250,2.574822
15995,0.819275,59,29,96,0.006251,2.574844
15996,0.819260,59,29,96,0.006250,2.574879
15997,0.819263,59,29,96,0.006250,2.574903
15998,0.819260,59,29,96,0.006250,2.574930
15999,0.819265,59,29,96,0.006250,2.574953
16000,0.819272,59,29,96,0.006250,2.574977
16001,0.819242,59,29,96,0.006249,2.574996
16002,0.819244,59,29,96,0.006249,2.575021
16003,0.819251,59,29,96,0.006249,2.575045
16004,0.819232,59,29,96,0.006248,2.575078
16005,0.819196,59,29,96,0.006247,2.575070
16006,0.819191,59,29,96,0.006247,2.575098
16007,0.819194,59,29,96,0.006247,2.575122
16008,0.819195,59,29,96,0.006246,2.575149
16009,0.819206,59,29,96,0.006248,2.575169
16010,0.819211,59,29,96,0.006248,2.575192
16011,0.819212,59,29,96,0.006247,2.575219
16012,0.819218,59,29,96,0.006247,2.575242
16013,0.819228,59,29,96,0.006248,2.575262
16014,0.819231,59,29,96,0.006248,2.575287
16015,0.819232,59,29,96,0.006248,2.575313
16016,0.819224,59,29,96,0.006247,2.575345
16017,0.819060,59,29,96,0.006247,2.575543
16018,0.819064,59,29,96,0.006247,2.575567
16019,0.819074,59,29,96,0.006248,2.575586
16020,0.819085,59,29,96,0.006248,2.575607
16021,0.819089,59,29,96,0.006248,2.575630
16022,0.819094,59,29,96,0.006248,2.575654
16023,0.819098,59,29,96,0.006248,2.575677
16024,0.819108,59,29,96,0.006248,2.575698
16025,0.819120,59,29,96,0.006250,2.575720
16026,0.819118,59,29,96,0.006250,2.575746
16027,0.819108,59,29,96,0.006249,2.575779
16028,0.819108,59,29,96,0.006249,2.575804
16029,0.819115,59,29,96,0.006249,2.575827
16030,0.819123,59,29,96,0.006249,2.575850
16031,0.819127,59,29,96,0.006249,2.575873
16032,0.819133,59,29,96,0.006249,2.575896
16033,0.819142,59,29,96,0.006249,2.575916
16034,0.819146,59,29,96,0.006249,2.575940
16035,0.819157,59,29,96,0.006250,2.575960
16036,0.819164,59,29,96,0.006250,2.575983
16037,0.819138,59,29,96,0.006249,2.576011
16038,0.819148,59,29,96,0.006250,2.576031
16039,0.819140,59,29,96,0.006250,2.576064
16040,0.819137,59,29,96,0.006249,2.576091
16041,0.819141,59,29,96,0.006249,2.576115
16042,0.819143,59,29,96,0.006249,2.576141
16043,0.819121,59,29,96,0.006248,2.576173
16044,0.819084,59,29,96,0.006247,2.576162
16045,0.819087,59,29,96,0.006247,2.576185
16046,0.819087,59,29,96,0.006247,2.576212
16047,0.819083,59,29,96,0.006246,2.576239
16048,0.819085,59,29,96,0.006246,2.576265
16049,0.819096,59,29,96,0.006247,2.576285
16050,0.819107,59,29,96,0.006248,2.576305
16051,0.819108,59,29,96,0.006248,2.576331
16052,0.819115,59,29,96,0.006248,2.576355
16053,0.819116,59,29,96,0.006248,2.576381
16054,0.819110,59,29,96,0.006247,2.576411
16055,0.819106,59,29,96,0.006247,2.576439
16056,0.819105,59,29,96,0.006246,2.576465
16057,0.819114,59,29,96,0.006247,2.576484
16058,0.819099,59,29,96,0.006246,2.576519
16059,0.819077,59,29,96,0.006245,2.576552
16060,0.819068,59,29,96,0.006245,2.576584
16061,0.819061,59,29,96,0.006244,2.576616
16062,0.819028,59,29,96,0.006243,2.576626
16063,0.819034,59,29,96,0.006243,2.576649
16064,0.819032,59,29,96,0.006243,2.576677
16065,0.819030,59,29,96,0.006242,2.576704
16066,0.819035,59,29,96,0.006242,2.576727
16067,0.819021,59,29,96,0.006242,2.576762
16068,0.819019,59,29,96,0.006241,2.576789
16069,0.819012,59,29,96,0.006241,2.576820
16070,0.819015,59,29,96,0.006241,2.576844
16071,0.819025,59,29,96,0.006241,2.576863
16072,0.819028,59,29,96,0.006241,2.576888
16073,0.819039,59,29,96,0.006242,2.576907
16074,0.819049,59,29,96,0.006243,2.576926
16075,0.819054,59,29,96,0.006243,2.576950
16076,0.819059,59,29,96,0.006243,2.576973
16077,0.819068,59,29,96,0.006243,2.576992
16078,0.819071,59,29,96,0.006243,2.577016
16079,0.819071,59,29,96,0.006243,2.577041
16080,0.819062,59,29,96,0.006242,2.577074
16081,0.819060,59,29,96,0.006242,2.577100
16082,0.819066,59,29,96,0.006242,2.577123
16083,0.819071,59,29,96,0.006242,2.577146
16084,0.819081,59,29,96,0.006242,2.577165
16085,0.819060,59,29,96,0.006242,2.577197
16086,0.819058,59,29,96,0.006241,2.577224
16087,0.819063,59,29,96,0.006241,2.577247
16088,0.819065,59,29,96,0.006241,2.577273
16089,0.819075,59,29,96,0.006241,2.577293
16090,0.819070,59,29,96,0.006241,2.577321
16091,0.819071,59,29,96,0.006241,2.577347
16092,0.819072,59,29,96,0.006240,2.577374
16093,0.819071,59,29,96,0.006240,2.577400
16094,0.819075,59,29,96,0.006240,2.577424
16095,0.819049,59,29,96,0.006239,2.577452
16096,0.819029,59,29,96,0.006238,2.577485
16097,0.819023,59,29,96,0.006238,2.577515
16098,0.819034,59,29,96,0.006239,2.577534
16099,0.819034,59,29,96,0.006238,2.577560
16100,0.819023,59,29,96,0.006238,2.577593
16101,0.819031,59,29,96,0.006238,2.577612
16102,0.819007,59,29,96,0.006237,2.577643
16103,0.819013,59,29,96,0.006237,2.577666
16104,0.819012,59,29,96,0.006237,2.577692
16105,0.819006,59,29,96,0.006236,2.577722
16106,0.819010,59,29,96,0.006236,2.577745
16107,0.819019,59,29,96,0.006237,2.577765
16108,0.819030,59,29,96,0.006238,2.577785
16109,0.819033,59,29,96,0.006238,2.577810
16110,0.819026,59,29,96,0.006237,2.577840
16111,0.819025,59,29,96,0.006237,2.577866
16112,0.819014,59,29,96,0.006236,2.577899
16113,0.819021,59,29,96,0.006236,2.577922
16114,0.819027,59,29,96,0.006236,2.577945
16115,0.819027,59,29,96,0.006236,2.577970
16116,0.819004,59,29,96,0.006235,2.578002
16117,0.818982,59,29,96,0.006234,2.578034
16118,0.818992,59,29,96,0.006235,2.578054
16119,0.819003,59,29,96,0.006236,2.578073
16120,0.819006,59,29,96,0.006236,2.578097
16121,0.818998,59,29,96,0.006236,2.578128
16122,0.819009,59,29,96,0.006236,2.578147
16123,0.819017,59,29,96,0.006237,2.578168
16124,0.819022,59,29,96,0.006237,2.578191
16125,0.819009,59,29,96,0.006236,2.578225
16126,0.819017,59,29,96,0.006236,2.578244
16127,0.819021,59,29,96,0.006236,2.578268
16128,0.819010,59,29,96,0.006236,2.578301
16129,0.818984,59,29,96,0.006235,2.578328
16130,0.818991,59,29,96,0.006235,2.578351
16131,0.818992,59,29,96,0.006235,2.578377
16132,0.818994,59,29,96,0.006234,2.578403
16133,0.819003,59,29,96,0.006235,2.578422
16134,0.819014,59,29,96,0.006236,2.578443
16135,0.819023,59,29,96,0.006237,2.578462
16136,0.819012,59,29,96,0.006236,2.578495
16137,0.818980,59,29,96,0.006235,2.578507
16138,0.818984,59,29,96,0.006235,2.578530
16139,0.818994,59,29,96,0.006236,2.578550
16140,0.818966,59,29,96,0.006235,2.578575
16141,0.818969,59,29,96,0.006235,2.578600
16142,0.818963,59,29,96,0.006234,2.578630
16143,0.818954,59,29,96,0.006234,2.578662
16144,0.818960,59,29,96,0.006234,2.578685
16145,0.818970,59,29,96,0.006234,2.578705
16146,0.818980,59,29,96,0.006235,2.578724
16147,0.818970,59,29,96,0.006234,2.578756
16148,0.818978,59,29,96,0.006235,2.578778
16149,0.818988,59,29,96,0.006235,2.578797
16150,0.818973,59,29,96,0.006235,2.578833
16151,0.818982,59,29,96,0.006235,2.578853
16152,0.818979,59,29,96,0.006235,2.578881
16153,0.818954,59,29,96,0.006234,2.578910
16154,0.818929,59,29,96,0.006233,2.578940
16155,0.818932,59,29,96,0.006233,2.578964
16156,0.818918,59,29,96,0.006233,2.578998
16157,0.818920,59,29,96,0.006232,2.579023
16158,0.818929,59,29,96,0.006233,2.579042
16159,0.818876,59,29,96,0.006232,2.578464
16160,0.818884,59,29,96,0.006232,2.578486
16161,0.818885,59,29,96,0.006232,2.578512
16162,0.818895,59,29,96,0.006232,2.578531
16163,0.818899,59,29,96,0.006232,2.578555
16164,0.818907,59,29,96,0.006232,2.578575
16165,0.818912,59,29,96,0.006232,2.578598
16166,0.818923,59,29,96,0.006234,2.578620
16167,0.818921,59,29,96,0.006233,2.578648
16168,0.818922,59,29,96,0.006233,2.578674
16169,0.818925,59,29,96,0.006233,2.578699
16170,0.818929,59,29,96,0.006233,2.578722
16171,0.818938,59,29,96,0.006233,2.578742
16172,0.818907,59,29,96,0.006232,2.578759
16173,0.818875,59,29,96,0.006232,2.578769
16174,0.818878,59,29,96,0.006231,2.578792
16175,0.818881,59,29,96,0.006231,2.578817
16176,0.818892,59,29,96,0.006232,2.578837
16177,0.818890,59,29,96,0.006232,2.578863
16178,0.818892,59,29,96,0.006231,2.578889
16179,0.818881,59,29,96,0.006231,2.578922
16180,0.818890,59,29,96,0.006231,2.578941
16181,0.818885,59,29,96,0.006231,2.578970
16182,0.818880,59,29,96,0.006230,2.578998
16183,0.818870,59,29,96,0.006230,2.579030
16184,0.818818,59,29,97,0.006229,2.578491
16185,0.818809,59,29,97,0.006228,2.578523
16186,0.818754,59,29,97,0.006228,2.577642
16187,0.818755,59,29,97,0.006227,2.577668
16188,0.818763,59,29,97,0.006228,2.577689
16189,0.818769,59,29,97,0.006228,2.577712
16190,0.818780,59,29,97,0.006229,2.577731
16191,0.818784,59,29,96,0.006229,2.577754
16192,0.818792,59,29,96,0.006229,2.577777
16193,0.818785,59,29,97,0.006228,2.577808
16194,0.818791,59,29,96,0.006228,2.577831
16195,0.818803,59,29,96,0.006229,2.577851
16196,0.818804,59,29,96,0.006229,2.577877
16197,0.818776,59,29,96,0.006228,2.577902
16198,0.818787,59,29,96,0.006230,2.577921
16199,0.818795,59,29,96,0.006230,2.577943
16200,0.818806,59,29,96,0.006231,2.577965
16201,0.818796,59,29,96,0.006231,2.577997
16202,0.818793,59,29,97,0.006230,2.578024
16203,0.818804,59,29,96,0.006231,2.578043
16204,0.818813,59,29,96,0.006232,2.578063
16205,0.818817,59,29,96,0.006232,2.578086
16206,0.818792,59,29,96,0.006231,2.578116
16207,0.818789,59,29,97,0.006231,2.578143
16208,0.818772,59,29,97,0.006230,2.578179
16209,0.818778,59,29,97,0.006230,2.578202
16210,0.818784,59,29,97,0.006230,2.578225
16211,0.818763,59,29,97,0.006229,2.578257
16212,0.818774,59,29,97,0.006231,2.578279
16213,0.818780,59,29,97,0.006231,2.578301
16214,0.818791,59,29,97,0.006232,2.578322
16215,0.818803,59,29,96,0.006233,2.578343
16216,0.818813,59,29,96,0.006234,2.578363
16217,0.818784,59,29,97,0.006233,2.578387
16218,0.818795,59,29,96,0.006234,2.578407
16219,0.818806,59,29,96,0.006235,2.578426
16220,0.818805,59,29,97,0.006235,2.578452
16221,0.818801,59,29,97,0.006234,2.578479
16222,0.818812,59,29,97,0.006235,2.578498
16223,0.818823,59,29,96,0.006237,2.578517
16224,0.818831,59,29,96,0.006237,2.578536
16225,0.818814,59,29,97,0.006236,2.578572
16226,0.818790,59,29,97,0.006236,2.578602
16227,0.818798,59,29,97,0.006236,2.578622
16228,0.818797,59,29,97,0.006236,2.578648
16229,0.818793,59,29,97,0.006235,2.578676
16230,0.818793,59,29,97,0.006235,2.578702
16231,0.818781,59,29,97,0.006234,2.578735
16232,0.818789,59,29,97,0.006235,2.578754
16233,0.818799,59,29,97,0.006235,2.578773
16234,0.818782,59,29,97,0.006234,2.578809
16235,0.818785,59,29,97,0.006234,2.578834
16236,0.818796,59,29,97,0.006235,2.578853
16237,0.818789,59,29,97,0.006235,2.578883
16238,0.818790,59,29,97,0.006234,2.578909
16239,0.818801,59,29,97,0.006235,2.578928
16240,0.818786,59,29,97,0.006235,2.578963
16241,0.818777,59,29,97,0.006234,2.578995
16242,0.818785,59,29,97,0.006234,2.579015
16243,0.818781,59,29,97,0.006234,2.579042
16244,0.818782,59,29,97,0.006234,2.579068
16245,0.818791,59,29,97,0.006234,2.579087
16246,0.818795,59,29,97,0.006234,2.579110
16247,0.818802,59,29,97,0.006234,2.579133
16248,0.818790,59,29,97,0.006233,2.579166
16249,0.818793,59,29,97,0.006233,2.579190
16250,0.818803,59,29,97,0.006234,2.579210
16251,0.818803,59,29,97,0.006233,2.579236
16252,0.818786,59,29,97,0.006233,2.579271
16253,0.818797,59,29,97,0.006233,2.579291
16254,0.818808,59,29,97,0.006235,2.579313
16255,0.818820,59,29,97,0.006236,2.579334
16256,0.818775,59,29,97,0.006236,2.579213
16257,0.818775,59,29,97,0.006235,2.579239
16258,0.818781,59,29,97,0.006235,2.579262
16259,0.818793,59,29,97,0.006237,2.579283
16260,0.818794,59,29,97,0.006236,2.579310
16261,0.818781,59,29,97,0.006236,2.579344
16262,0.818784,59,29,97,0.006235,2.579368
16263,0.818791,59,29,97,0.006236,2.579392
16264,0.818802,59,29,96,0.006237,2.579412
16265,0.818811,59,29,96,0.006237,2.579432
16266,0.818816,59,29,96,0.006237,2.579455
16267,0.818826,59,29,96,0.006238,2.579475
16268,0.818815,59,29,96,0.006237,2.579508
16269,0.818823,59,29,96,0.006237,2.579530
16270,0.818831,59,29,96,0.006238,2.579550
16271,0.818838,59,29,96,0.006238,2.579572
16272,0.818850,59,29,96,0.006239,2.579590
16273,0.818852,59,29,96,0.006239,2.579615
16274,0.818812,59,29,96,0.006238,2.579575
16275,0.818810,59,29,96,0.006237,2.579602
16276,0.818784,59,29,96,0.006237,2.579630
16277,0.818779,59,29,97,0.006236,2.579658
16278,0.818776,59,29,97,0.006236,2.579685
16279,0.818786,59,29,97,0.006237,2.579705
16280,0.818790,59,29,97,0.006236,2.579729
16281,0.818751,59,29,97,0.006236,2.579694
16282,0.818755,59,29,97,0.006235,2.579717
16283,0.818763,59,29,97,0.006236,2.579739
16284,0.818768,59,29,97,0.006236,2.579762
16285,0.818775,59,29,96,0.006236,2.579785
16286,0.818752,59,29,97,0.006235,2.579816
16287,0.818741,59,29,97,0.006234,2.579849
16288,0.818749,59,29,97,0.006235,2.579869
16289,0.818760,59,29,97,0.006236,2.579887
16290,0.818770,59,29,97,0.006237,2.579906
16291,0.818769,59,29,97,0.006236,2.579932
16292,0.818741,59,29,97,0.006236,2.579955
16293,0.818735,59,29,97,0.006235,2.579985
16294,0.818713,59,29,97,0.006234,2.580016
16295,0.818721,59,29,97,0.006235,2.580036
16296,0.818732,59,29,97,0.006236,2.580054
16297,0.818740,59,29,97,0.006236,2.580076
16298,0.818746,59,29,97,0.006236,2.580099
16299,0.818729,59,29,97,0.006235,2.580134
16300,0.818741,59,29,97,0.006237,2.580156
16301,0.818714,59,29,97,0.006236,2.580182
16302,0.818703,59,29,97,0.006235,2.580214
16303,0.818704,59,29,97,0.006235,2.580240
16304,0.818708,59,29,97,0.006235,2.580263
16305,0.818713,59,29,97,0.006235,2.580287
16306,0.818680,59,29,97,0.006234,2.580296
16307,0.818682,59,29,97,0.006234,2.580321
16308,0.818691,59,29,97,0.006234,2.580340
16309,0.818700,59,29,97,0.006235,2.580360
16310,0.818689,59,29,97,0.006234,2.580392
16311,0.818691,59,29,97,0.006234,2.580417
16312,0.818699,59,29,97,0.006234,2.580437
16313,0.818684,59,29,97,0.006234,2.580472
16314,0.818689,59,29,97,0.006234,2.580495
16315,0.818700,59,29,97,0.006234,2.580514
16316,0.818709,59,29,97,0.006235,2.580535
16317,0.818721,59,29,97,0.006236,2.580555
16318,0.818731,59,29,97,0.006237,2.580575
16319,0.818741,59,29,97,0.006238,2.580594
16320,0.818751,59,29,96,0.006238,2.580614
16321,0.818757,59,29,96,0.006238,2.580636
16322,0.818721,59,29,97,0.006238,2.580630
16323,0.818721,59,29,96,0.006237,2.580655
16324,0.818728,59,29,96,0.006237,2.580678
16325,0.818739,59,29,96,0.006239,2.580698
16326,0.818749,59,29,96,0.006239,2.580717
16327,0.818758,59,29,96,0.006240,2.580736
16328,0.818721,59,29,96,0.006239,2.580722
16329,0.818719,59,29,96,0.006239,2.580750
16330,0.818674,59,29,97,0.006238,2.580625
16331,0.818675,59,29,97,0.006238,2.580650
16332,0.818660,59,29,97,0.006237,2.580685
16333,0.818665,59,29,97,0.006237,2.580708
16334,0.818655,59,29,97,0.006236,2.580740
16335,0.818666,59,29,97,0.006237,2.580758
16336,0.818668,59,29,97,0.006237,2.580784
16337,0.818678,59,29,97,0.006238,2.580803
16338,0.818685,59,29,96,0.006238,2.580826
16339,0.818692,59,29,96,0.006238,2.580848
16340,0.818685,59,29,97,0.006237,2.580878
16341,0.818663,59,29,97,0.006237,2.580909
16342,0.818645,59,29,97,0.006236,2.580943
16343,0.818650,59,29,97,0.006236,2.580966
16344,0.818627,59,29,97,0.006235,2.580996
16345,0.818626,59,29,97,0.006235,2.581022
16346,0.818582,59,29,97,0.006234,2.580918
16347,0.818588,59,29,97,0.006234,2.580941
16348,0.818586,59,29,97,0.006234,2.580967
16349,0.818571,59,29,97,0.006233,2.581003
16350,0.818577,59,29,97,0.006233,2.581025
16351,0.818584,59,29,97,0.006233,2.581049
16352,0.818585,59,29,97,0.006233,2.581074
16353,0.818584,59,29,97,0.006232,2.581099
16354,0.818582,59,29,97,0.006232,2.581126
16355,0.818593,59,29,97,0.006233,2.581145
16356,0.818598,59,29,97,0.006233,2.581168
16357,0.818593,59,29,97,0.006232,2.581196
16358,0.818595,59,29,97,0.006232,2.581222
16359,0.818603,59,29,97,0.006232,2.581242
16360,0.818599,59,29,97,0.006232,2.581268
16361,0.818606,59,29,97,0.006232,2.581291
16362,0.818601,59,29,97,0.006231,2.581319
16363,0.818607,59,29,97,0.006231,2.581341
16364,0.818603,59,29,97,0.006231,2.581369
16365,0.818612,59,29,97,0.006231,2.581388
16366,0.818616,59,29,97,0.006231,2.581411
16367,0.818625,59,29,97,0.006232,2.581430
16368,0.818632,59,29,97,0.006232,2.581453
16369,0.818638,59,29,97,0.006232,2.581476
16370,0.818602,59,29,97,0.006231,2.581468
16371,0.818594,59,29,97,0.006230,2.581499
16372,0.818604,59,29,97,0.006231,2.581520
16373,0.818610,59,29,97,0.006231,2.581542
16374,0.818605,59,29,97,0.006230,2.581570
16375,0.818613,59,29,97,0.006231,2.581589
16376,0.818594,59,29,97,0.006230,2.581622
16377,0.818605,59,29,97,0.006231,2.581641
16378,0.818616,59,29,97,0.006232,2.581659
16379,0.818624,59,29,97,0.006232,2.581681
16380,0.818627,59,29,97,0.006232,2.581704
16381,0.818616,59,29,97,0.006232,2.581737
16382,0.818584,59,29,97,0.006231,2.581746
16383,0.818581,59,29,97,0.006231,2.581772
16384,0.818585,59,29,97,0.006230,2.581796
16385,0.818588,59,29,97,0.006230,2.581820
16386,0.818598,59,29,97,0.006231,2.581839
16387,0.818594,59,29,97,0.006231,2.581867
16388,0.818594,59,29,97,0.006230,2.581892
16389,0.818605,59,29,97,0.006232,2.581911
16390,0.818605,59,29,97,0.006231,2.581937
16391,0.818609,59,29,97,0.006231,2.581960
16392,0.818599,59,30,97,0.006230,2.581992
16393,0.818606,59,30,97,0.006231,2.582014
16394,0.818617,59,29,97,0.006231,2.582033
16395,0.818609,59,30,97,0.006231,2.582063
16396,0.818618,59,29,97,0.006231,2.582083
16397,0.818628,59,29,97,0.006232,2.582102
16398,0.818630,59,29,97,0.006232,2.582128
16399,0.818627,59,29,97,0.006231,2.582155
16400,0.818626,59,29,97,0.006231,2.582181
16401,0.818636,59,29,97,0.006232,2.582201
16402,0.818611,59,29,97,0.006231,2.582230
16403,0.818579,59,29,97,0.006230,2.582240
16404,0.818590,59,29,97,0.006232,2.582261
16405,0.818574,59,29,97,0.006231,2.582296
16406,0.818546,59,29,97,0.006230,2.582319
16407,0.818546,59,29,97,0.006230,2.582344
16408,0.818556,59,29,97,0.006231,2.582364
16409,0.818563,59,29,97,0.006231,2.582386
16410,0.818574,59,29,97,0.006232,2.582404
16411,0.818576,59,29,97,0.006232,2.582429
16412,0.818574,59,29,97,0.006231,2.582456
16413,0.818582,59,29,97,0.006232,2.582476
16414,0.818587,59,29,97,0.006231,2.582499
16415,0.818532,59,29,97,0.006231,2.581527
16416,0.818539,59,29,97,0.006231,2.581549
16417,0.818546,59,30,97,0.006231,2.581572
16418,0.818542,59,30,97,0.006230,2.581599
16419,0.818512,59,30,97,0.006230,2.581616
16420,0.818520,59,30,97,0.006230,2.581635
16421,0.818513,59,30,97,0.006229,2.581665
16422,0.818496,59,30,97,0.006229,2.581700
16423,0.818504,59,30,97,0.006229,2.581722
16424,0.818515,59,30,97,0.006230,2.581741
16425,0.818526,59,29,97,0.006231,2.581761
16426,0.818537,59,29,97,0.006233,2.581782
16427,0.818541,59,29,97,0.006233,2.581805
16428,0.818551,59,29,97,0.006233,2.581825
16429,0.818546,59,29,97,0.006233,2.581853
16430,0.818528,59,29,97,0.006232,2.581887
16431,0.818527,59,29,97,0.006232,2.581913
16432,0.818507,59,30,97,0.006231,2.581945
16433,0.818496,59,30,97,0.006231,2.581978
16434,0.818496,59,30,97,0.006230,2.582003
16435,0.818471,59,30,97,0.006230,2.582031
16436,0.818481,59,30,97,0.006230,2.582051
16437,0.818479,59,30,97,0.006230,2.582078
16438,0.818483,59,30,97,0.006230,2.582101
16439,0.818554,59,30,97,0.006231,2.582198
16440,0.818532,59,30,97,0.006230,2.582229
16441,0.818527,59,30,97,0.006230,2.582257
16442,0.818522,59,30,97,0.006229,2.582285
16443,0.818527,59,30,97,0.006229,2.582308
16444,0.818532,59,30,97,0.006229,2.582330
16445,0.818529,59,30,97,0.006229,2.582357
16446,0.818519,59,30,97,0.006228,2.582389
16447,0.818529,59,30,97,0.006229,2.582409
16448,0.818534,59,30,97,0.006229,2.582432
16449,0.818540,59,30,97,0.006229,2.582455
16450,0.818547,59,30,97,0.006229,2.582476
16451,0.818557,59,30,97,0.006229,2.582496
16452,0.818563,59,30,97,0.006229,2.582519
16453,0.818561,59,30,97,0.006229,2.582545
16454,0.818554,59,30,97,0.006228,2.582576
16455,0.818564,59,30,97,0.006229,2.582595
16456,0.818573,59,30,97,0.006229,2.582614
16457,0.818567,59,30,97,0.006229,2.582644
16458,0.818576,59,30,97,0.006229,2.582663
16459,0.818559,59,30,97,0.006229,2.582697
16460,0.818567,59,30,97,0.006229,2.582717
16461,0.818577,59,30,97,0.006230,2.582736
16462,0.818577,59,30,97,0.006230,2.582761
16463,0.818581,59,30,97,0.006229,2.582784
16464,0.818592,59,30,97,0.006230,2.582803
16465,0.818594,59,30,97,0.006230,2.582828
16466,0.818599,59,30,97,0.006230,2.582851
16467,0.818600,59,30,97,0.006230,2.582876
16468,0.818612,59,30,97,0.006231,2.582897
16469,0.818620,59,30,97,0.006231,2.582917
16470,0.818587,59,30,97,0.006231,2.582926
16471,0.818575,59,30,97,0.006230,2.582959
16472,0.818584,59,30,97,0.006231,2.582978
16473,0.818578,59,30,97,0.006230,2.583006
16474,0.818585,59,30,97,0.006230,2.583028
16475,0.818572,59,30,97,0.006229,2.583063
16476,0.818564,59,30,97,0.006229,2.583095
16477,0.818562,59,30,97,0.006228,2.583122
16478,0.818572,59,30,97,0.006229,2.583141
16479,0.818563,59,30,97,0.006228,2.583173
16480,0.818573,59,30,97,0.006229,2.583192
16481,0.818582,59,30,97,0.006230,2.583211
16482,0.818591,59,29,97,0.006230,2.583230
16483,0.818602,59,29,97,0.006231,2.583249
16484,0.818611,59,29,97,0.006232,2.583269
16485,0.818622,59,29,97,0.006233,2.583287
16486,0.818625,59,29,97,0.006233,2.583310
16487,0.818626,59,29,97,0.006232,2.583336
16488,0.818630,59,29,97,0.006232,2.583359
16489,0.818641,59,29,97,0.006234,2.583380
16490,0.818603,59,29,97,0.006233,2.583348
16491,0.818597,59,29,97,0.006232,2.583377
16492,0.818601,59,29,97,0.006232,2.583400
16493,0.818612,59,29,97,0.006233,2.583419
16494,0.818614,59,29,97,0.006233,2.583444
16495,0.818596,59,29,97,0.006233,2.583478
16496,0.818606,59,29,97,0.006233,2.583497
16497,0.818616,59,29,97,0.006234,2.583517
16498,0.818625,59,29,97,0.006234,2.583536
16499,0.818619,59,29,97,0.006234,2.583567
16500,0.818626,59,29,97,0.006234,2.583589
16501,0.818625,59,29,97,0.006233,2.583615
16502,0.818625,59,29,97,0.006233,2.583640
16503,0.818635,59,29,97,0.006234,2.583659
16504,0.818640,59,29,97,0.006234,2.583682
16505,0.818638,59,29,97,0.006234,2.583708
16506,0.818647,59,29,97,0.006234,2.583728
16507,0.818623,59,29,97,0.006233,2.583756
16508,0.818625,59,29,97,0.006233,2.583781
16509,0.818634,59,29,97,0.006234,2.583800
16510,0.818639,59,29,97,0.006234,2.583823
16511,0.818647,59,29,97,0.006234,2.583843
16512,0.818650,59,29,97,0.006234,2.583867
16513,0.818658,59,29,97,0.006234,2.583887
16514,0.818668,59,29,97,0.006235,2.583906
16515,0.818669,59,29,97,0.006234,2.583932
16516,0.818677,59,29,97,0.006235,2.583952
16517,0.818667,59,29,97,0.006234,2.583984
16518,0.818649,59,29,97,0.006233,2.584016
16519,0.818655,59,29,97,0.006233,2.584039
16520,0.818663,59,29,97,0.006234,2.584058
16521,0.818673,59,29,97,0.006234,2.584077
16522,0.818683,59,29,97,0.006235,2.584097
16523,0.818678,59,29,97,0.006234,2.584124
16524,0.818683,59,29,97,0.006234,2.584147
16525,0.818693,59,29,97,0.006235,2.584165
16526,0.818701,59,29,97,0.006235,2.584185
16527,0.818708,59,29,97,0.006236,2.584207
16528,0.818704,59,29,97,0.006235,2.584234
16529,0.818698,59,29,97,0.006235,2.584264
16530,0.818688,59,29,97,0.006234,2.584296
16531,0.818681,59,29,97,0.006233,2.584326
16532,0.818673,59,29,97,0.006233,2.584357
16533,0.818679,59,29,97,0.006233,2.584380
16534,0.818675,59,29,97,0.006232,2.584407
16535,0.818677,59,29,97,0.006232,2.584431
16536,0.818684,59,29,97,0.006232,2.584453
16537,0.818680,59,29,97,0.006232,2.584480
16538,0.818689,59,29,97,0.006232,2.584499
16539,0.818699,59,29,97,0.006233,2.584518
16540,0.818710,59,29,97,0.006234,2.584539
16541,0.818674,59,29,97,0.006234,2.584528
16542,0.818685,59,29,97,0.006235,2.584547
16543,0.818681,59,29,97,0.006234,2.584574
16544,0.818679,59,29,97,0.006234,2.584600
16545,0.818687,59,29,97,0.006234,2.584620
16546,0.818698,59,29,97,0.006235,2.584640
16547,0.818681,59,29,97,0.006235,2.584673
16548,0.818679,59,29,97,0.006234,2.584700
16549,0.818665,59,29,97,0.006234,2.584734
16550,0.818662,59,29,97,0.006233,2.584761
16551,0.818672,59,29,97,0.006234,2.584780
16552,0.818677,59,29,97,0.006234,2.584802
16553,0.818662,59,29,97,0.006246,2.583799
16554,0.818653,59,29,97,0.006246,2.583831
16555,0.818664,59,29,97,0.006247,2.583852
16556,0.818651,59,29,97,0.006247,2.583886
16557,0.818653,59,29,97,0.006246,2.583911
16558,0.818644,59,29,97,0.006246,2.583943
16559,0.818648,59,29,97,0.006246,2.583966
16560,0.818658,59,29,97,0.006246,2.583985
16561,0.818668,59,29,97,0.006247,2.584004
16562,0.818669,59,29,97,0.006246,2.584030
16563,0.818679,59,29,97,0.006247,2.584049
16564,0.818681,59,29,97,0.006247,2.584075
16565,0.818679,59,29,97,0.006247,2.584101
16566,0.818681,59,29,97,0.006246,2.584127
16567,0.818669,59,29,97,0.006246,2.584159
16568,0.818674,59,29,97,0.006246,2.584182
16569,0.818684,59,29,97,0.006246,2.584200
16570,0.818671,59,29,97,0.006246,2.584233
16571,0.818645,59,29,97,0.006245,2.584260
16572,0.818655,59,29,97,0.006246,2.584279
16573,0.818655,59,29,97,0.006245,2.584305
16574,0.818664,59,29,97,0.006246,2.584323
16575,0.818672,59,29,97,0.006246,2.584345
16576,0.818683,59,29,97,0.006247,2.584365
16577,0.818673,59,29,97,0.006247,2.584396
16578,0.818684,59,29,97,0.006247,2.584415
16579,0.818661,59,29,97,0.006247,2.584445
16580,0.818631,59,29,97,0.006246,2.584462
16581,0.818642,59,29,97,0.006247,2.584480
16582,0.818646,59,29,97,0.006247,2.584503
16583,0.818655,59,29,97,0.006247,2.584522
16584,0.818664,59,29,97,0.006248,2.584541
16585,0.818650,59,29,97,0.006247,2.584576
16586,0.818657,59,29,97,0.006247,2.584599
16587,0.818658,59,29,97,0.006247,2.584624
16588,0.818665,59,29,97,0.006247,2.584646
16589,0.818674,59,29,97,0.006248,2.584665
16590,0.818683,59,29,97,0.006248,2.584684
16591,0.818690,59,29,97,0.006248,2.584707
16592,0.818680,59,29,97,0.006247,2.584738
16593,0.818682,59,29,97,0.006247,2.584763
16594,0.818691,59,29,97,0.006248,2.584782
16595,0.818696,59,29,97,0.006247,2.584804
16596,0.818707,59,29,97,0.006249,2.584825
16597,0.818717,59,29,97,0.006250,2.584844
16598,0.818721,59,29,97,0.006250,2.584867
16599,0.818693,59,29,97,0.006249,2.584888
16600,0.818699,59,29,97,0.006249,2.584911
16601,0.818682,59,29,97,0.006248,2.584945
16602,0.818691,59,29,97,0.006249,2.584964
16603,0.818702,59,29,97,0.006250,2.584983
16604,0.818704,59,29,97,0.006249,2.585008
16605,0.818702,59,29,97,0.006249,2.585034
16606,0.818705,59,29,97,0.006249,2.585058
16607,0.818714,59,29,97,0.006249,2.585077
16608,0.818716,59,29,97,0.006249,2.585102
16609,0.818695,59,29,97,0.006248,2.585134
16610,0.818804,59,29,96,0.006261,2.584366
16611,0.818812,59,29,96,0.006261,2.584384
16612,0.818819,59,29,96,0.006261,2.584407
16613,0.818823,59,29,96,0.006261,2.584430
16614,0.818824,59,29,96,0.006261,2.584455
16615,0.818818,59,29,96,0.006260,2.584484
16616,0.818808,59,29,96,0.006260,2.584515
16617,0.818793,59,29,96,0.006259,2.584549
16618,0.818961,59,29,96,0.006266,2.584215
16619,0.818972,59,29,96,0.006267,2.584236
16620,0.818956,59,29,96,0.006266,2.584271
16621,0.818961,59,29,96,0.006266,2.584293
16622,0.818963,59,29,96,0.006266,2.584318
16623,0.818969,59,29,96,0.006266,2.584341
16624,0.818975,59,29,96,0.006266,2.584363
16625,0.818985,59,29,96,0.006267,2.584382
16626,0.818948,59,29,96,0.006266,2.584368
16627,0.818959,59,29,96,0.006267,2.584387
16628,0.818958,59,29,96,0.006266,2.584413
16629,0.818967,59,29,96,0.006267,2.584432
16630,0.818963,59,29,96,0.006266,2.584459
16631,0.818967,59,29,96,0.006266,2.584482
16632,0.818975,59,29,96,0.006267,2.584502
16633,0.818967,59,29,96,0.006266,2.584533
16634,0.818956,59,29,96,0.006265,2.584565
16635,0.818949,59,29,96,0.006265,2.584596
16636,0.818957,59,29,96,0.006265,2.584615
16637,0.818960,59,29,96,0.006265,2.584638
16638,0.818946,59,29,96,0.006264,2.584672
16639,0.818925,59,29,96,0.006264,2.584703
16640,0.818930,59,29,96,0.006264,2.584726
16641,0.818937,59,29,96,0.006264,2.584748
16642,0.818946,59,29,96,0.006264,2.584768
16643,0.818935,59,29,96,0.006264,2.584800
16644,0.818891,59,29,96,0.006263,2.584662
16645,0.818883,59,29,96,0.006262,2.584692
16646,0.818852,59,29,96,0.006262,2.584702
16647,0.818848,59,29,96,0.006261,2.584729
16648,0.818851,59,29,96,0.006261,2.584754
16649,0.818859,59,29,96,0.006261,2.584773
16650,0.818868,59,29,96,0.006262,2.584792
16651,0.818879,59,29,96,0.006263,2.584812
16652,0.818823,59,29,96,0.006262,2.583565
16653,0.818833,59,29,96,0.006263,2.583584
16654,0.818841,59,29,96,0.006263,2.583604
16655,0.818847,59,29,96,0.006263,2.583626
16656,0.818850,59,29,96,0.006263,2.583650
16657,0.818861,59,29,96,0.006264,2.583670
16658,0.818859,59,29,96,0.006264,2.583696
16659,0.818823,59,29,96,0.006263,2.583679
16660,0.818813,59,29,96,0.006262,2.583710
16661,0.818818,59,29,96,0.006262,2.583732
16662,0.818828,59,29,96,0.006263,2.583751
16663,0.818833,59,29,96,0.006263,2.583773
16664,0.818844,59,29,96,0.006264,2.583792
16665,0.818824,59,29,96,0.006263,2.583823
16666,0.818834,59,29,96,0.006264,2.583842
16667,0.818845,59,29,96,0.006266,2.583862
16668,0.818856,59,29,96,0.006267,2.583881
16669,0.818847,59,29,96,0.006266,2.583912
16670,0.818847,59,29,96,0.006266,2.583937
16671,0.818856,59,29,96,0.006266,2.583956
16672,0.818866,59,29,96,0.006267,2.583974
16673,0.818874,59,29,96,0.006267,2.583994
16674,0.818882,59,29,96,0.006267,2.584013
16675,0.818893,59,29,96,0.006269,2.584032
16676,0.818860,59,29,96,0.006268,2.584036
16677,0.818863,59,29,96,0.006268,2.584060
16678,0.818872,59,29,96,0.006268,2.584080
16679,0.818881,59,29,96,0.006269,2.584099
16680,0.818887,59,29,96,0.006269,2.584121
16681,0.818886,59,29,96,0.006268,2.584147
16682,0.818896,59,29,96,0.006269,2.584166
16683,0.818903,59,29,96,0.006269,2.584188
16684,0.818906,59,29,96,0.006269,2.584213
16685,0.818906,59,29,96,0.006268,2.584238
16686,0.818911,59,29,96,0.006268,2.584260
16687,0.818916,59,29,96,0.006268,2.584283
16688,0.818901,59,29,96,0.006268,2.584318
16689,0.818908,59,29,96,0.006268,2.584340
16690,0.818919,59,29,96,0.006269,2.584361
16691,0.818926,59,29,96,0.006269,2.584384
16692,0.818935,59,29,96,0.006270,2.584402
16693,0.818902,59,29,96,0.006269,2.584409
16694,0.818911,59,29,96,0.006269,2.584427
16695,0.818904,59,29,96,0.006269,2.584457
16696,0.818915,59,29,96,0.006270,2.584477
16697,0.818910,59,29,96,0.006270,2.584505
16698,0.818921,59,29,96,0.006271,2.584524
16699,0.818920,59,29,96,0.006271,2.584550
16700,0.818930,59,29,96,0.006271,2.584570
16701,0.818939,59,29,96,0.006272,2.584588
16702,0.818932,59,29,96,0.006271,2.584618
16703,0.818940,59,29,96,0.006271,2.584637
16704,0.818942,59,29,96,0.006271,2.584662
16705,0.818947,59,29,96,0.006271,2.584684
16706,0.818950,59,29,96,0.006271,2.584709
16707,0.818961,59,29,96,0.006272,2.584728
16708,0.818960,59,29,96,0.006272,2.584753
16709,0.818964,59,29,96,0.006272,2.584776
16710,0.818969,59,29,96,0.006272,2.584798
16711,0.818964,59,29,96,0.006271,2.584826
16712,0.818970,59,29,96,0.006271,2.584848
16713,0.818965,59,29,96,0.006271,2.584876
16714,0.818972,59,29,96,0.006271,2.584897
16715,0.818958,59,29,96,0.006270,2.584931
16716,0.818966,59,29,96,0.006270,2.584952
16717,0.818973,59,29,96,0.006270,2.584974
16718,0.818984,59,29,96,0.006272,2.584993
16719,0.818990,59,29,96,0.006272,2.585015
16720,0.818984,59,29,96,0.006271,2.585044
16721,0.818991,59,29,96,0.006271,2.585066
16722,0.818987,59,29,96,0.006271,2.585094
16723,0.818991,59,29,96,0.006271,2.585116
16724,0.819001,59,29,96,0.006271,2.585136
16725,0.819011,59,29,96,0.006272,2.585154
16726,0.819018,59,29,96,0.006272,2.585176
16727,0.819023,59,29,96,0.006272,2.585199
16728,0.819023,59,29,96,0.006272,2.585224
16729,0.819029,59,29,96,0.006272,2.585247
16730,0.818993,59,29,96,0.006271,2.585231
16731,0.818965,59,29,96,0.006270,2.585252
16732,0.818955,59,29,96,0.006270,2.585283
16733,0.818941,59,29,96,0.006269,2.585317
16734,0.818952,59,29,96,0.006270,2.585335
16735,0.818962,59,29,96,0.006271,2.585355
16736,0.818953,59,29,96,0.006270,2.585386
16737,0.818950,59,29,96,0.006270,2.585413
16738,0.818942,59,29,96,0.006269,2.585444
16739,0.818950,59,29,96,0.006270,2.585462
16740,0.818961,59,29,96,0.006271,2.585481
16741,0.818955,59,29,96,0.006270,2.585510
16742,0.818965,59,29,96,0.006271,2.585528
16743,0.818960,59,29,96,0.006271,2.585556
16744,0.818969,59,29,96,0.006271,2.585574
16745,0.818974,59,29,96,0.006271,2.585596
16746,0.818985,59,29,96,0.006272,2.585616
16747,0.818983,59,29,96,0.006272,2.585643
16748,0.818992,59,29,96,0.006272,2.585662
16749,0.818998,59,29,96,0.006272,2.585684
16750,0.819005,59,29,96,0.006272,2.585705
16751,0.819012,59,29,96,0.006272,2.585728
16752,0.819011,59,29,96,0.006272,2.585753
16753,0.819012,59,29,96,0.006272,2.585779
16754,0.819020,59,29,96,0.006272,2.585798
16755,0.819016,59,29,96,0.006272,2.585825
16756,0.819026,59,29,96,0.006272,2.585843
16757,0.819030,59,29,96,0.006272,2.585866
16758,0.819035,59,29,96,0.006272,2.585888
16759,0.819020,59,29,96,0.006272,2.585922
16760,0.819018,59,29,96,0.006271,2.585949
16761,0.819028,59,29,96,0.006272,2.585967
16762,0.819025,59,29,96,0.006272,2.585994
16763,0.819035,59,29,96,0.006272,2.586012
16764,0.819044,59,29,96,0.006273,2.586030
16765,0.819047,59,29,96,0.006273,2.586054
16766,0.819052,59,29,96,0.006273,2.586076
16767,0.819062,59,29,96,0.006273,2.586095
16768,0.819068,59,29,96,0.006273,2.586118
16769,0.819079,59,29,96,0.006274,2.586137
16770,0.819089,59,29,96,0.006275,2.586156
16771,0.819092,59,29,96,0.006275,2.586180
16772,0.819096,59,29,96,0.006275,2.586202
16773,0.819075,59,29,96,0.006274,2.586233
16774,0.819022,59,29,96,0.006273,2.585545
16775,0.819031,59,29,96,0.006274,2.585564
16776,0.819034,59,29,96,0.006274,2.585588
16777,0.819044,59,29,96,0.006274,2.585606
16778,0.819027,59,29,96,0.006274,2.585639
16779,0.819006,59,29,96,0.006273,2.585670
16780,0.819000,59,29,96,0.006272,2.585700
16781,0.818985,59,29,96,0.006272,2.585733
16782,0.818988,59,29,96,0.006272,2.585756
16783,0.818991,59,29,96,0.006271,2.585780
16784,0.818993,59,29,96,0.006271,2.585805
16785,0.818993,59,29,96,0.006271,2.585830
16786,0.818996,59,29,96,0.006271,2.585854
16787,0.819003,59,29,96,0.006271,2.585873
16788,0.818995,59,29,96,0.006270,2.585904
16789,0.818987,59,29,96,0.006270,2.585935
16790,0.818995,59,29,96,0.006270,2.585956
16791,0.818969,59,29,96,0.006269,2.585982
16792,0.818976,59,29,96,0.006269,2.586004
16793,0.818986,59,29,96,0.006270,2.586022
16794,0.818993,59,29,96,0.006270,2.586044
16795,0.819004,59,29,96,0.006271,2.586063
16796,0.819008,59,29,96,0.006271,2.586085
16797,0.819009,59,29,96,0.006271,2.586111
16798,0.819018,59,29,96,0.006272,2.586130
16799,0.819029,59,29,96,0.006272,2.586149
16800,0.819037,59,29,96,0.006273,2.586168
16801,0.819039,59,29,96,0.006273,2.586194
16802,0.819043,59,29,96,0.006272,2.586216
16803,0.819046,59,29,96,0.006272,2.586240
16804,0.819052,59,29,96,0.006272,2.586262
16805,0.819048,59,29,96,0.006272,2.586289
16806,0.819058,59,29,96,0.006272,2.586308
16807,0.819066,59,29,96,0.006273,2.586326
16808,0.819076,59,29,96,0.006274,2.586344
16809,0.819078,59,29,96,0.006273,2.586370
16810,0.819088,59,29,96,0.006274,2.586388
16811,0.819049,59,29,96,0.006274,2.586339
16812,0.819038,59,29,96,0.006273,2.586370
16813,0.819032,59,29,96,0.006273,2.586399
16814,0.819007,59,29,96,0.006272,2.586425
16815,0.819005,59,29,96,0.006271,2.586451
16816,0.819013,59,29,96,0.006272,2.586471
16817,0.819022,59,29,96,0.006272,2.586489
16818,0.819008,59,29,96,0.006272,2.586523
16819,0.819015,59,29,96,0.006272,2.586545
16820,0.818994,59,29,96,0.006271,2.586575
16821,0.819002,59,29,96,0.006271,2.586595
16822,0.818983,59,29,96,0.006271,2.586627
16823,0.818981,59,29,96,0.006270,2.586653
16824,0.818981,59,29,96,0.006270,2.586678
16825,0.818981,59,29,96,0.006270,2.586703
16826,0.818983,59,29,96,0.006269,2.586726
16827,0.818992,59,29,96,0.006270,2.586745
16828,0.818978,59,29,96,0.006269,2.586778
16829,0.818985,59,29,96,0.006269,2.586798
16830,0.818988,59,29,96,0.006269,2.586821
16831,0.818981,59,29,96,0.006269,2.586852
16832,0.818990,59,29,96,0.006269,2.586871
16833,0.819001,59,29,96,0.006271,2.586891
16834,0.819011,59,29,96,0.006271,2.586911
16835,0.819017,59,29,96,0.006271,2.586933
16836,0.819021,59,29,96,0.006271,2.586955
16837,0.819021,59,29,96,0.006271,2.586980
16838,0.818988,59,29,96,0.006270,2.586983
16839,0.818996,59,29,96,0.006270,2.587002
16840,0.818999,59,29,96,0.006270,2.587025
16841,0.818995,59,29,96,0.006270,2.587052
16842,0.819005,59,29,96,0.006270,2.587071
16843,0.819004,59,29,96,0.006270,2.587097
16844,0.819002,59,29,96,0.006269,2.587124
16845,0.819000,59,29,96,0.006269,2.587149
16846,0.818992,59,29,96,0.006268,2.587180
16847,0.818990,59,29,96,0.006268,2.587207
16848,0.818998,59,29,96,0.006268,2.587226
16849,0.819005,59,29,96,0.006268,2.587248
16850,0.818997,59,29,96,0.006268,2.587279
16851,0.818999,59,29,96,0.006268,2.587302
16852,0.819004,59,29,96,0.006268,2.587324
16853,0.819004,59,29,96,0.006267,2.587349
16854,0.819008,59,29,96,0.006267,2.587372
16855,0.818990,59,29,96,0.006266,2.587404
16856,0.818986,59,29,96,0.006266,2.587431
16857,0.818962,59,29,96,0.006265,2.587458
16858,0.818969,59,29,96,0.006265,2.587480
16859,0.818979,59,29,96,0.006266,2.587499
16860,0.818989,59,29,96,0.006267,2.587517
16861,0.818972,59,29,96,0.006266,2.587550
16862,0.818936,59,29,96,0.006266,2.587534
16863,0.818945,59,29,96,0.006266,2.587553
16864,0.818949,59,29,96,0.006266,2.587575
16865,0.818940,59,29,96,0.006266,2.587605
16866,0.818950,59,29,96,0.006267,2.587623
16867,0.818961,59,29,96,0.006268,2.587642
16868,0.818968,59,29,96,0.006268,2.587661
16869,0.818968,59,29,96,0.006267,2.587686
16870,0.818928,59,29,96,0.006267,2.587636
16871,0.818920,59,29,96,0.006266,2.587666
16872,0.818931,59,29,96,0.006267,2.587684
16873,0.818918,59,29,96,0.006267,2.587717
16874,0.818926,59,29,96,0.006267,2.587737
16875,0.818908,59,29,96,0.006266,2.587769
16876,0.818919,59,29,96,0.006268,2.587789
16877,0.818924,59,29,96,0.006268,2.587811
16878,0.818935,59,29,96,0.006269,2.587830
16879,0.818946,59,29,96,0.006270,2.587848
16880,0.818953,59,29,96,0.006270,2.587869
16881,0.818963,59,29,96,0.006271,2.587887
16882,0.818967,59,29,96,0.006271,2.587909
16883,0.818972,59,29,96,0.006271,2.587931
16884,0.818972,59,29,96,0.006270,2.587956
16885,0.818980,59,29,96,0.006271,2.587975
16886,0.818987,59,29,96,0.006271,2.587997
16887,0.818980,59,29,96,0.006270,2.588027
16888,0.818980,59,29,96,0.006270,2.588052
16889,0.818988,59,29,96,0.006270,2.588071
16890,0.818996,59,29,96,0.006271,2.588089
16891,0.819007,59,29,96,0.006272,2.588108
16892,0.818999,59,29,96,0.006271,2.588139
16893,0.819009,59,29,96,0.006272,2.588159
16894,0.819020,59,29,96,0.006273,2.588177
16895,0.819030,59,29,96,0.006274,2.588196
16896,0.819013,59,29,96,0.006274,2.588228
16897,0.819023,59,29,96,0.006275,2.588247
16898,0.819027,59,29,96,0.006274,2.588269
16899,0.819036,59,29,96,0.006275,2.588287
16900,0.819047,59,29,96,0.006276,2.588305
16901,0.819057,59,29,96,0.006277,2.588324
16902,0.819060,59,29,96,0.006277,2.588347
16903,0.819070,59,29,96,0.006278,2.588365
16904,0.819067,59,29,96,0.006277,2.588392
16905,0.819068,59,29,96,0.006277,2.588417
16906,0.819070,59,29,96,0.006277,2.588442
16907,0.819072,59,29,96,0.006276,2.588467
16908,0.819075,59,29,96,0.006276,2.588490
16909,0.819085,59,29,96,0.006277,2.588510
16910,0.819062,59,29,96,0.006276,2.588540
16911,0.819068,59,29,96,0.006276,2.588562
16912,0.819075,59,29,96,0.006276,2.588584
16913,0.819069,59,29,96,0.006275,2.588614
16914,0.819070,59,29,96,0.006275,2.588639
16915,0.819075,59,29,96,0.006275,2.588661
16916,0.819068,59,29,96,0.006275,2.588691
16917,0.819073,59,29,96,0.006274,2.588713
16918,0.819081,59,29,96,0.006275,2.588732
16919,0.819079,59,29,96,0.006274,2.588759
16920,0.819088,59,29,96,0.006275,2.588778
16921,0.819059,59,29,96,0.006274,2.588794
16922,0.819067,59,29,96,0.006274,2.588813
16923,0.819070,59,29,96,0.006274,2.588836
16924,0.819081,59,29,96,0.006275,2.588854
16925,0.819081,59,29,96,0.006275,2.588879
16926,0.819090,59,29,96,0.006276,2.588897
16927,0.819084,59,29,96,0.006275,2.588926
16928,0.819082,59,29,96,0.006275,2.588953
16929,0.819092,59,29,96,0.006275,2.588970
16930,0.819081,59,29,96,0.006275,2.589002
16931,0.819074,59,29,96,0.006274,2.589032
16932,0.819073,59,29,96,0.006274,2.589057
16933,0.819069,59,29,96,0.006274,2.589084
16934,0.819068,59,29,96,0.006273,2.589109
16935,0.819071,59,29,96,0.006273,2.589132
16936,0.819081,59,29,96,0.006274,2.589152
16937,0.819085,59,29,96,0.006273,2.589174
16938,0.819086,59,29,96,0.006273,2.589199
16939,0.819089,59,29,96,0.006273,2.589223
16940,0.819095,59,29,96,0.006273,2.589245
16941,0.819103,59,29,96,0.006273,2.589265
16942,0.819106,59,29,96,0.006273,2.589288
16943,0.819114,59,29,96,0.006273,2.589307
16944,0.819125,59,29,96,0.006274,2.589326
16945,0.819135,59,29,96,0.006275,2.589345
16946,0.819142,59,29,96,0.006275,2.589364
16947,0.819151,59,29,96,0.006276,2.589383
16948,0.819154,59,29,96,0.006275,2.589406
16949,0.819165,59,29,96,0.006276,2.589424
16950,0.819129,59,29,96,0.006276,2.589408
16951,0.819137,59,29,96,0.006276,2.589427
16952,0.819134,59,29,96,0.006276,2.589453
16953,0.819142,59,29,96,0.006276,2.589472
16954,0.819126,59,29,96,0.006275,2.589506
16955,0.819120,59,29,96,0.006275,2.589536
16956,0.819123,59,29,96,0.006275,2.589559
16957,0.819127,59,29,96,0.006274,2.589581
16958,0.819127,59,29,96,0.006274,2.589606
16959,0.819137,59,29,96,0.006275,2.589624
16960,0.819117,59,29,96,0.006274,2.589655
16961,0.819115,59,29,96,0.006274,2.589680
16962,0.819125,59,29,96,0.006274,2.589699
16963,0.819119,59,29,96,0.006274,2.589727
16964,0.819121,59,29,96,0.006274,2.589751
16965,0.819106,59,29,96,0.006273,2.589786
16966,0.819114,59,29,96,0.006273,2.589805
16967,0.819125,59,29,96,0.006275,2.589824
16968,0.819131,59,29,96,0.006275,2.589846
16969,0.819129,59,29,96,0.006274,2.589871
16970,0.819133,59,29,96,0.006274,2.589893
16971,0.819142,59,29,96,0.006275,2.589912
16972,0.819153,59,29,96,0.006276,2.589931
16973,0.819151,59,29,96,0.006275,2.589957
16974,0.819161,59,29,96,0.006276,2.589974
16975,0.819146,59,29,96,0.006276,2.590009
16976,0.819147,59,29,96,0.006275,2.590034
16977,0.819157,59,29,96,0.006276,2.590052
16978,0.819165,59,29,96,0.006276,2.590070
16979,0.819171,59,29,96,0.006276,2.590092
16980,0.819170,59,29,96,0.006276,2.590117
16981,0.819165,59,29,96,0.006276,2.590145
16982,0.819173,59,29,96,0.006276,2.590164
16983,0.819183,59,29,96,0.006277,2.590182
16984,0.819193,59,29,96,0.006278,2.590201
16985,0.819200,59,29,96,0.006278,2.590220
16986,0.819204,59,29,96,0.006278,2.590243
16987,0.819209,59,29,96,0.006278,2.590264
16988,0.819214,59,29,96,0.006277,2.590286
16989,0.819218,59,29,96,0.006277,2.590309
16990,0.819225,59,29,96,0.006278,2.590328
16991,0.819220,59,29,96,0.006277,2.590355
16992,0.819218,59,29,96,0.006277,2.590382
16993,0.819205,59,29,96,0.006276,2.590416
16994,0.819172,59,29,96,0.006275,2.590417
16995,0.819181,59,29,96,0.006276,2.590436
16996,0.819179,59,29,96,0.006275,2.590462
16997,0.819179,59,29,96,0.006275,2.590486
16998,0.819186,59,29,96,0.006275,2.590508
16999,0.819196,59,29,96,0.006276,2.590525
17000,0.819203,59,29,96,0.006276,2.590546
17001,0.819206,59,29,96,0.006276,2.590570
17002,0.819186,59,29,96,0.006275,2.590601
17003,0.819197,59,29,96,0.006276,2.590619
17004,0.819189,59,29,96,0.006276,2.590649
17005,0.819197,59,29,96,0.006276,2.590668
17006,0.819206,59,29,96,0.006277,2.590686
17007,0.819184,59,29,96,0.006276,2.590716
17008,0.819189,59,29,96,0.006276,2.590738
17009,0.819178,59,29,96,0.006275,2.590769
17010,0.819178,59,29,96,0.006275,2.590793
17011,0.819185,59,29,96,0.006275,2.590812
17012,0.819189,59,29,96,0.006275,2.590835
17013,0.819190,59,29,96,0.006275,2.590860
17014,0.819192,59,29,96,0.006274,2.590884
17015,0.819202,59,29,96,0.006275,2.590904
17016,0.819213,59,29,96,0.006276,2.590924
17017,0.819205,59,29,96,0.006276,2.590955
17018,0.819193,59,29,96,0.006275,2.590986
17019,0.819197,59,29,96,0.006275,2.591008
17020,0.819205,59,29,96,0.006275,2.591027
17021,0.819214,59,29,96,0.006276,2.591046
17022,0.819206,59,29,96,0.006275,2.591077
17023,0.819187,59,29,96,0.006275,2.591109
17024,0.819197,59,29,96,0.006276,2.591126
17025,0.819201,59,29,96,0.006275,2.591148
17026,0.819209,59,29,96,0.006276,2.591166
17027,0.819203,59,29,96,0.006275,2.591195
17028,0.819197,59,29,96,0.006275,2.591224
17029,0.819206,59,29,96,0.006275,2.591244
17030,0.819213,59,29,96,0.006275,2.591266
17031,0.819198,59,29,96,0.006275,2.591300
17032,0.819184,59,29,96,0.006274,2.591333
17033,0.819157,59,29,96,0.006273,2.591355
17034,0.819163,59,29,96,0.006273,2.591377
17035,0.819169,59,29,96,0.006273,2.591399
17036,0.819152,59,29,96,0.006273,2.591432
17037,0.819163,59,29,96,0.006274,2.591452
17038,0.819169,59,29,96,0.006274,2.591473
17039,0.819178,59,29,96,0.006275,2.591492
17040,0.819189,59,29,96,0.006276,2.591511
17041,0.819194,59,29,96,0.006276,2.591533
17042,0.819188,59,29,96,0.006275,2.591562
17043,0.819199,59,29,96,0.006277,2.591582
17044,0.819198,59,29,96,0.006276,2.591607
17045,0.819208,59,29,96,0.006278,2.591628
17046,0.819188,59,29,96,0.006277,2.591658
17047,0.819177,59,29,96,0.006276,2.591689
17048,0.819162,59,29,96,0.006276,2.591722
17049,0.819173,59,29,96,0.006277,2.591743
17050,0.819181,59,29,96,0.006278,2.591762
17051,0.819132,59,29,96,0.006277,2.591393
17052,0.819123,59,29,96,0.006276,2.591424
17053,0.819108,59,29,96,0.006276,2.591457
17054,0.819099,59,29,96,0.006275,2.591487
17055,0.819078,59,29,96,0.006274,2.591517
17056,0.819088,59,29,96,0.006275,2.591535
17057,0.819084,59,29,96,0.006275,2.591562
17058,0.819094,59,29,96,0.006276,2.591580
17059,0.819104,59,29,96,0.006277,2.591598
17060,0.819092,59,29,96,0.006276,2.591632
17061,0.819102,59,29,96,0.006277,2.591650
17062,0.819093,59,29,96,0.006277,2.591681
17063,0.819091,59,29,96,0.006276,2.591706
17064,0.819101,59,29,96,0.006277,2.591724
17065,0.819101,59,29,96,0.006277,2.591748
17066,0.819094,59,29,96,0.006276,2.591777
17067,0.819105,59,29,96,0.006277,2.591795
17068,0.819102,59,29,96,0.006277,2.591821
17069,0.819099,59,29,96,0.006276,2.591848
17070,0.819093,59,29,96,0.006276,2.591877
17071,0.819095,59,29,96,0.006276,2.591901
17072,0.819086,59,29,96,0.006275,2.591932
17073,0.819094,59,29,96,0.006275,2.591951
17074,0.819095,59,29,96,0.006275,2.591976
17075,0.819102,59,29,96,0.006275,2.591997
17076,0.819104,59,29,96,0.006275,2.592022
17077,0.819113,59,29,96,0.006276,2.592041
17078,0.819104,59,29,96,0.006275,2.592071
17079,0.819108,59,29,96,0.006275,2.592094
17080,0.819106,59,29,96,0.006274,2.592120
17081,0.819101,59,29,96,0.006274,2.592146
17082,0.819100,59,29,96,0.006274,2.592172
17083,0.819107,59,29,96,0.006274,2.592194
17084,0.819108,59,29,96,0.006273,2.592219
17085,0.819108,59,29,96,0.006273,2.592243
17086,0.819103,59,29,96,0.006272,2.592270
17087,0.819070,59,29,96,0.006272,2.592275
17088,0.819079,59,29,96,0.006272,2.592293
17089,0.819088,59,29,96,0.006273,2.592311
17090,0.819092,59,29,96,0.006273,2.592333
17091,0.819056,59,29,96,0.006272,2.592319
17092,0.819067,59,29,96,0.006273,2.592339
17093,0.819061,59,29,96,0.006273,2.592368
17094,0.819061,59,29,96,0.006272,2.592392
17095,0.819062,59,29,96,0.006272,2.592418
17096,0.819057,59,29,96,0.006272,2.592445
17097,0.819063,59,29,96,0.006272,2.592467
17098,0.819068,59,29,96,0.006272,2.592489
17099,0.819078,59,29,96,0.006272,2.592507
17100,0.819085,59,29,96,0.006272,2.592529
17101,0.819090,59,29,96,0.006272,2.592551
17102,0.819094,59,29,96,0.006272,2.592573
17103,0.819094,59,29,96,0.006272,2.592597
17104,0.819086,59,29,96,0.006271,2.592627
17105,0.819079,59,29,96,0.006271,2.592657
17106,0.819069,59,29,96,0.006270,2.592688
17107,0.819058,59,29,96,0.006270,2.592719
17108,0.819061,59,29,96,0.006270,2.592741
17109,0.819045,59,29,96,0.006269,2.592774
17110,0.819052,59,29,96,0.006269,2.592795
17111,0.819030,59,29,96,0.006268,2.592825
17112,0.819035,59,29,96,0.006268,2.592847
17113,0.819038,59,29,96,0.006268,2.592869
17114,0.819045,59,29,96,0.006268,2.592891
17115,0.819046,59,29,96,0.006268,2.592917
17116,0.819035,59,29,96,0.006267,2.592947
17117,0.819019,59,29,96,0.006267,2.592981
17118,0.818983,59,29,96,0.006266,2.592960
17119,0.818960,59,29,96,0.006265,2.592989
17120,0.818947,59,29,96,0.006265,2.593023
17121,0.818958,59,29,96,0.006266,2.593042
17122,0.818969,59,29,96,0.006267,2.593059
17123,0.818965,59,29,96,0.006267,2.593086
17124,0.818974,59,29,96,0.006267,2.593105
17125,0.818985,59,29,96,0.006268,2.593124
17126,0.818996,59,29,96,0.006270,2.593144
17127,0.819005,59,29,96,0.006270,2.593162
17128,0.819010,59,29,96,0.006270,2.593184
17129,0.819019,59,29,96,0.006271,2.593203
17130,0.819009,59,29,96,0.006270,2.593234
17131,0.819019,59,29,96,0.006271,2.593251
17132,0.819015,59,29,96,0.006271,2.593278
17133,0.819005,59,29,96,0.006270,2.593308
17134,0.819015,59,29,96,0.006271,2.593326
17135,0.819025,59,29,96,0.006272,2.593346
17136,0.819031,59,29,96,0.006272,2.593368
17137,0.819039,59,29,96,0.006272,2.593386
17138,0.819045,59,29,96,0.006272,2.593408
17139,0.819033,59,29,96,0.006271,2.593441
17140,0.819043,59,29,96,0.006272,2.593460
17141,0.819025,59,29,96,0.006272,2.593492
17142,0.819026,59,29,96,0.006271,2.593516
17143,0.819033,59,29,96,0.006271,2.593537
17144,0.819040,59,29,96,0.006271,2.593558
17145,0.819042,59,29,96,0.006271,2.593583
17146,0.819053,59,29,96,0.006272,2.593602
17147,0.819057,59,29,96,0.006272,2.593624
17148,0.819064,59,29,96,0.006272,2.593645
17149,0.819074,59,29,96,0.006273,2.593663
17150,0.819057,59,29,96,0.006272,2.593696
17151,0.819068,59,29,96,0.006274,2.593716
17152,0.819052,59,29,96,0.006273,2.593749
17153,0.819053,59,29,96,0.006273,2.593774
17154,0.819061,59,29,96,0.006273,2.593792
17155,0.819065,59,29,96,0.006273,2.593814
17156,0.819071,59,29,96,0.006273,2.593836
17157,0.819074,59,29,96,0.006273,2.593858
17158,0.819077,59,29,96,0.006273,2.593880
17159,0.819068,59,29,96,0.006272,2.593910
17160,0.819074,59,29,96,0.006272,2.593933
17161,0.819084,59,29,96,0.006273,2.593951
17162,0.819090,59,29,96,0.006273,2.593973
17163,0.819097,59,29,96,0.006274,2.593992
17164,0.819104,59,29,96,0.006274,2.594014
17165,0.819110,59,29,96,0.006274,2.594036
17166,0.819088,59,29,96,0.006273,2.594066
17167,0.819098,59,29,96,0.006274,2.594083
17168,0.819090,59,29,96,0.006273,2.594113
17169,0.819096,59,29,96,0.006273,2.594135
17170,0.819103,59,29,96,0.006273,2.594157
17171,0.819096,59,29,96,0.006273,2.594186
17172,0.819094,59,29,96,0.006272,2.594211
17173,0.819099,59,29,96,0.006272,2.594233
17174,0.819107,59,29,96,0.006273,2.594252
17175,0.819118,59,29,96,0.006274,2.594271
17176,0.819126,59,29,96,0.006274,2.594290
17177,0.819087,59,29,96,0.006273,2.594239
17178,0.819095,59,29,96,0.006274,2.594258
17179,0.819104,59,29,96,0.006274,2.594277
17180,0.819101,59,29,96,0.006274,2.594304
17181,0.819110,59,29,96,0.006274,2.594322
17182,0.819117,59,29,96,0.006274,2.594343
17183,0.819113,59,29,96,0.006274,2.594369
17184,0.819121,59,29,96,0.006274,2.594388
17185,0.819125,59,29,96,0.006274,2.594410
17186,0.819135,59,29,96,0.006275,2.594428
17187,0.819136,59,29,96,0.006275,2.594453
17188,0.819113,59,29,96,0.006274,2.594480
17189,0.819123,59,29,96,0.006275,2.594498
17190,0.819132,59,29,96,0.006276,2.594517
17191,0.819130,59,29,96,0.006276,2.594543
17192,0.819132,59,29,96,0.006275,2.594568
17193,0.819141,59,29,96,0.006276,2.594587
17194,0.819125,59,29,96,0.006275,2.594620
17195,0.819135,59,29,96,0.006276,2.594639
17196,0.819138,59,29,96,0.006275,2.594661
17197,0.819142,59,29,96,0.006275,2.594683
17198,0.819145,59,29,96,0.006275,2.594705
17199,0.819107,59,29,96,0.006274,2.594662
17200,0.819115,59,29,96,0.006275,2.594680
17201,0.819126,59,29,96,0.006276,2.594699
17202,0.819110,59,29,96,0.006276,2.594732
17203,0.819120,59,29,96,0.006277,2.594750
17204,0.819127,59,29,96,0.006277,2.594771
17205,0.819137,59,29,96,0.006277,2.594789
17206,0.819140,59,29,96,0.006277,2.594811
17207,0.819135,59,29,96,0.006277,2.594839
17208,0.819122,59,29,96,0.006276,2.594873
17209,0.819124,59,29,96,0.006276,2.594896
17210,0.819127,59,29,96,0.006276,2.594918
17211,0.819132,59,29,96,0.006276,2.594940
17212,0.819141,59,29,96,0.006276,2.594959
17213,0.819148,59,29,96,0.006276,2.594980
17214,0.819147,59,29,96,0.006276,2.595005
17215,0.819117,59,29,96,0.006275,2.595018
17216,0.819118,59,29,96,0.006275,2.595042
17217,0.819122,59,29,96,0.006275,2.595064
17218,0.819130,59,29,96,0.006275,2.595082
17219,0.819139,59,29,96,0.006276,2.595100
17220,0.819133,59,29,96,0.006275,2.595128
17221,0.819134,59,29,96,0.006275,2.595153
17222,0.819124,59,29,96,0.006274,2.595183
17223,0.819122,59,29,96,0.006274,2.595209
17224,0.819129,59,29,96,0.006274,2.595230
17225,0.819139,59,29,96,0.006275,2.595249
17226,0.819148,59,29,96,0.006275,2.595268
17227,0.819158,59,29,96,0.006276,2.595287
17228,0.819169,59,29,96,0.006277,2.595305
17229,0.819175,59,29,96,0.006277,2.595327
17230,0.819173,59,29,96,0.006277,2.595352
17231,0.819174,59,29,96,0.006276,2.595377
17232,0.819181,59,29,96,0.006277,2.595399
17233,0.819190,59,29,96,0.006277,2.595417
17234,0.819195,59,29,96,0.006277,2.595439
17235,0.819179,59,29,96,0.006276,2.595471
17236,0.819169,59,29,96,0.006276,2.595501
17237,0.819158,59,29,96,0.006275,2.595534
17238,0.819163,59,29,96,0.006275,2.595555
17239,0.819158,59,29,96,0.006275,2.595582
17240,0.819165,59,29,96,0.006275,2.595603
17241,0.819174,59,29,96,0.006275,2.595622
17242,0.819180,59,29,96,0.006275,2.595643
17243,0.819188,59,29,96,0.006276,2.595661
17244,0.819167,59,29,96,0.006275,2.595691
17245,0.819168,59,29,96,0.006275,2.595715
17246,0.819173,59,29,96,0.006275,2.595737
17247,0.819177,59,29,96,0.006274,2.595758
17248,0.819183,59,29,96,0.006274,2.595780
17249,0.819190,59,29,96,0.006275,2.595800
17250,0.819175,59,29,96,0.006274,2.595834
17251,0.819159,59,29,96,0.006273,2.595867
17252,0.819166,59,29,96,0.006273,2.595889
17253,0.819167,59,29,96,0.006273,2.595913
17254,0.819174,59,29,96,0.006273,2.595935
17255,0.819166,59,29,96,0.006272,2.595965
17256,0.819169,59,29,96,0.006272,2.595988
17257,0.819173,59,29,96,0.006272,2.596009
17258,0.819176,59,29,96,0.006272,2.596032
17259,0.819185,59,29,96,0.006272,2.596050
17260,0.819191,59,29,96,0.006272,2.596071
17261,0.819201,59,29,96,0.006273,2.596090
17262,0.819181,59,29,96,0.006273,2.596120
17263,0.819184,59,29,96,0.006273,2.596142
17264,0.819177,59,29,96,0.006272,2.596171
17265,0.819155,59,29,96,0.006271,2.596200
17266,0.819134,59,29,96,0.006271,2.596229
17267,0.819140,59,29,96,0.006271,2.596251
17268,0.819124,59,29,96,0.006270,2.596284
17269,0.819125,59,29,96,0.006270,2.596309
17270,0.819128,59,29,96,0.006269,2.596331
17271,0.819136,59,29,96,0.006270,2.596349
17272,0.819145,59,29,96,0.006270,2.596368
17273,0.819153,59,29,96,0.006271,2.596387
17274,0.819134,59,29,96,0.006270,2.596417
17275,0.819144,59,29,96,0.006271,2.596435
17276,0.819135,59,29,96,0.006270,2.596465
17277,0.819137,59,29,96,0.006270,2.596490
17278,0.819145,59,29,96,0.006271,2.596508
17279,0.819138,59,29,96,0.006270,2.596537
17280,0.819146,59,29,96,0.006270,2.596555
17281,0.819152,59,29,96,0.006270,2.596577
17282,0.819148,59,29,96,0.006270,2.596603
17283,0.819158,59,29,96,0.006271,2.596621
17284,0.819162,59,29,96,0.006271,2.596642
17285,0.819153,59,29,96,0.006270,2.596672
17286,0.819152,59,29,96,0.006270,2.596697
17287,0.819162,59,29,96,0.006271,2.596714
17288,0.819151,59,29,96,0.006270,2.596745
17289,0.819144,59,29,96,0.006269,2.596775
17290,0.819144,59,29,96,0.006269,2.596799
17291,0.819152,59,29,96,0.006269,2.596817
17292,0.819147,59,29,96,0.006269,2.596844
17293,0.819144,59,29,96,0.006269,2.596871
17294,0.819153,59,29,96,0.006269,2.596889
17295,0.819153,59,29,96,0.006269,2.596914
17296,0.819151,59,29,96,0.006268,2.596940
17297,0.819145,59,29,96,0.006268,2.596968
17298,0.819101,59,29,96,0.006267,2.596822
17299,0.819111,59,29,96,0.006268,2.596839
17300,0.819100,59,29,96,0.006267,2.596871
17301,0.819095,59,29,96,0.006267,2.596897
17302,0.819103,59,29,96,0.006267,2.596914
17303,0.819114,59,29,96,0.006268,2.596933
17304,0.819125,59,29,96,0.006270,2.596952
17305,0.819104,59,29,96,0.006269,2.596981
17306,0.819108,59,29,96,0.006269,2.597003
17307,0.819114,59,29,96,0.006269,2.597024
17308,0.819117,59,29,96,0.006269,2.597046
17309,0.819119,59,29,96,0.006269,2.597070
17310,0.819103,59,29,96,0.006268,2.597103
17311,0.819100,59,29,96,0.006267,2.597129
17312,0.819102,59,29,96,0.006267,2.597154
17313,0.819113,59,29,96,0.006269,2.597172
17314,0.819123,59,29,96,0.006270,2.597190
17315,0.819134,59,29,96,0.006271,2.597208
17316,0.819142,59,29,96,0.006271,2.597226
17317,0.819139,59,29,96,0.006271,2.597252
17318,0.819149,59,29,96,0.006271,2.597270
17319,0.819153,59,29,96,0.006271,2.597291
17320,0.819145,59,29,96,0.006271,2.597321
17321,0.819140,59,29,96,0.006270,2.597349
17322,0.819146,59,29,96,0.006270,2.597371
17323,0.819155,59,29,96,0.006271,2.597389
17324,0.819164,59,29,96,0.006271,2.597408
17325,0.819172,59,29,96,0.006272,2.597425
17326,0.819178,59,29,96,0.006272,2.597447
17327,0.819185,59,29,96,0.006272,2.597468
17328,0.819182,59,29,96,0.006271,2.597494
17329,0.819193,59,29,96,0.006273,2.597514
17330,0.819172,59,29,96,0.006272,2.597543
17331,0.819153,59,29,96,0.006272,2.597574
17332,0.819158,59,29,96,0.006272,2.597596
17333,0.819169,59,29,96,0.006273,2.597616
17334,0.819168,59,29,96,0.006273,2.597640
17335,0.819165,59,29,96,0.006272,2.597666
17336,0.819139,59,29,96,0.006271,2.597691
17337,0.819150,59,29,96,0.006273,2.597710
17338,0.819159,59,29,96,0.006273,2.597729
17339,0.819169,59,29,96,0.006274,2.597748
17340,0.819174,59,29,96,0.006274,2.597769
17341,0.819151,59,29,96,0.006273,2.597796
17342,0.819141,59,29,96,0.006273,2.597826
17343,0.819143,59,29,96,0.006272,2.597851
17344,0.819148,59,29,96,0.006272,2.597872
17345,0.819158,59,29,96,0.006273,2.597890
17346,0.819169,59,29,96,0.006274,2.597909
17347,0.819177,59,29,96,0.006275,2.597927
17348,0.819179,59,29,96,0.006274,2.597951
17349,0.819186,59,29,96,0.006274,2.597970
17350,0.819183,59,29,96,0.006274,2.597996
17351,0.819185,59,29,96,0.006274,2.598020
17352,0.819192,59,29,96,0.006274,2.598042
17353,0.819186,59,29,96,0.006273,2.598070
17354,0.819197,59,29,96,0.006275,2.598090
17355,0.819207,59,29,96,0.006276,2.598107
17356,0.819217,59,29,96,0.006276,2.598125
17357,0.819220,59,29,96,0.006276,2.598146
17358,0.819221,59,29,96,0.006276,2.598171
17359,0.819230,59,29,96,0.006276,2.598189
17360,0.819236,59,29,96,0.006277,2.598211
17361,0.819236,59,29,96,0.006276,2.598235
17362,0.819246,59,29,96,0.006277,2.598253
17363,0.819246,59,29,96,0.006277,2.598277
17364,0.819257,59,29,96,0.006278,2.598297
17365,0.819258,59,29,96,0.006278,2.598321
17366,0.819250,59,29,96,0.006277,2.598351
17367,0.819253,59,29,96,0.006277,2.598373
17368,0.819263,59,29,96,0.006278,2.598391
17369,0.819706,59,29,96,0.006298,2.598891
17370,0.819710,59,29,96,0.006298,2.598912
17371,0.819714,59,29,96,0.006298,2.598934
17372,0.819720,59,29,96,0.006298,2.598955
17373,0.819727,59,29,96,0.006298,2.598976
17374,0.819738,59,29,96,0.006299,2.598995
17375,0.819743,59,29,96,0.006299,2.599017
17376,0.819727,59,29,96,0.006299,2.599049
17377,0.819732,59,29,96,0.006299,2.599070
17378,0.819732,59,29,96,0.006298,2.599095
17379,0.819737,59,29,96,0.006298,2.599116
17380,0.819722,59,29,96,0.006298,2.599149
17381,0.819732,59,29,96,0.006299,2.599169
17382,0.819729,59,29,96,0.006299,2.599194
17383,0.819726,59,29,96,0.006298,2.599220
17384,0.819720,59,29,96,0.006298,2.599249
17385,0.819723,59,29,96,0.006297,2.599271
17386,0.819727,59,29,96,0.006297,2.599293
17387,0.819721,59,29,96,0.006297,2.599320
17388,0.819712,59,29,96,0.006296,2.599351
17389,0.819696,59,29,96,0.006296,2.599383
17390,0.819678,59,29,96,0.006295,2.599414
17391,0.819656,59,29,96,0.006294,2.599443
17392,0.819619,59,29,96,0.006294,2.599411
17393,0.819593,59,29,96,0.006293,2.599434
17394,0.819041,59,29,96,0.006283,2.597757
17395,0.819032,59,29,96,0.006282,2.597786
17396,0.819043,59,29,96,0.006283,2.597805
17397,0.819052,59,29,96,0.006284,2.597823
17398,0.819043,59,29,96,0.006283,2.597853
17399,0.819043,59,29,96,0.006283,2.597877
17400,0.819050,59,29,96,0.006283,2.597898
17401,0.819055,59,29,96,0.006283,2.597920
17402,0.819063,59,29,96,0.006283,2.597939
17403,0.819068,59,29,96,0.006283,2.597961
17404,0.819078,59,29,96,0.006284,2.597979
17405,0.819077,59,29,96,0.006284,2.598003
17406,0.819078,59,29,96,0.006284,2.598028
17407,0.819079,59,29,96,0.006283,2.598052
17408,0.819077,59,29,96,0.006283,2.598077
17409,0.819077,59,29,96,0.006283,2.598102
17410,0.819087,59,29,96,0.006283,2.598119
17411,0.819097,59,29,96,0.006285,2.598139
17412,0.819096,59,29,96,0.006284,2.598164
17413,0.819057,59,29,96,0.006284,2.598115
17414,0.819066,59,29,96,0.006284,2.598134
17415,0.819055,59,29,96,0.006284,2.598164
17416,0.819059,59,29,96,0.006283,2.598186
17417,0.819067,59,29,96,0.006284,2.598205
17418,0.819077,59,29,96,0.006285,2.598222
17419,0.819086,59,29,96,0.006285,2.598240
17420,0.819088,59,29,96,0.006285,2.598264
17421,0.819095,59,29,96,0.006285,2.598286
17422,0.819096,59,29,96,0.006285,2.598310
17423,0.819099,59,29,96,0.006285,2.598333
17424,0.819101,59,29,96,0.006284,2.598357
17425,0.819111,59,29,96,0.006285,2.598376
17426,0.819116,59,29,96,0.006285,2.598397
17427,0.819118,59,29,96,0.006285,2.598421
17428,0.819120,59,29,96,0.006285,2.598445
17429,0.819126,59,29,96,0.006285,2.598467
17430,0.819111,59,29,96,0.006284,2.598500
17431,0.819120,59,29,96,0.006284,2.598518
17432,0.819110,59,29,96,0.006284,2.598548
17433,0.819112,59,29,96,0.006284,2.598572
17434,0.819117,59,29,96,0.006284,2.598594
17435,0.819114,59,29,96,0.006283,2.598620
17436,0.819121,59,29,96,0.006283,2.598641
17437,0.819086,59,29,96,0.006283,2.598626
17438,0.819062,59,29,96,0.006282,2.598653
17439,0.819068,59,29,96,0.006282,2.598674
17440,0.819077,59,29,96,0.006282,2.598692
17441,0.817816,60,30,97,0.006191,2.596221
17442,0.817816,60,30,97,0.006191,2.596245
17443,0.817791,60,30,97,0.006190,2.596270
17444,0.817785,60,30,97,0.006190,2.596297
17445,0.817793,60,30,97,0.006190,2.596317
17446,0.817801,60,30,97,0.006190,2.596336
17447,0.817771,60,30,97,0.006189,2.596351
17448,0.817773,60,30,97,0.006189,2.596375
17449,0.817770,60,30,97,0.006189,2.596401
17450,0.817780,60,30,97,0.006189,2.596420
17451,0.817783,60,30,97,0.006189,2.596441
17452,0.817783,60,30,97,0.006189,2.596466
17453,0.817790,60,30,97,0.006189,2.596487
17454,0.817799,60,30,97,0.006190,2.596506
17455,0.817798,60,30,97,0.006189,2.596531
17456,0.817778,60,30,97,0.006189,2.596560
17457,0.817789,60,30,97,0.006190,2.596579
17458,0.817777,60,30,97,0.006189,2.596611
17459,0.817788,60,30,97,0.006191,2.596631
17460,0.817780,60,30,97,0.006190,2.596660
17461,0.817785,60,30,97,0.006190,2.596682
17462,0.817787,60,30,97,0.006190,2.596706
17463,0.817793,60,30,97,0.006190,2.596728
17464,0.817802,60,30,97,0.006190,2.596746
17465,0.817791,60,30,97,0.006190,2.596778
17466,0.817786,60,30,97,0.006189,2.596805
17467,0.817789,60,30,97,0.006189,2.596827
17468,0.817797,60,30,97,0.006189,2.596846
17469,0.817793,60,30,97,0.006189,2.596872
17470,0.817776,60,30,97,0.006188,2.596904
17471,0.817785,60,30,97,0.006189,2.596924
17472,0.817784,60,30,97,0.006189,2.596949
17473,0.817792,60,30,97,0.006189,2.596968
17474,0.817799,60,30,97,0.006189,2.596990
17475,0.817804,60,30,97,0.006189,2.597012
17476,0.817806,60,30,97,0.006189,2.597035
17477,0.817813,60,30,97,0.006189,2.597056
17478,0.817801,60,30,97,0.006188,2.597088
17479,0.817809,60,30,97,0.006188,2.597107
17480,0.817812,60,30,97,0.006188,2.597129
17481,0.817820,60,30,97,0.006189,2.597149
17482,0.817819,60,30,97,0.006188,2.597173
17483,0.817822,60,30,97,0.006188,2.597196
17484,0.817797,60,30,97,0.006187,2.597223
17485,0.817801,60,30,97,0.006187,2.597244
17486,0.817636,60,30,97,0.006196,2.596027
17487,0.817638,60,30,97,0.006196,2.596052
17488,0.817637,60,30,97,0.006196,2.596076
17489,0.817610,60,30,97,0.006195,2.596097
17490,0.817613,60,30,97,0.006195,2.596119
17491,0.817621,60,30,97,0.006195,2.596138
17492,0.817582,60,30,97,0.006195,2.596084
17493,0.817592,60,30,97,0.006195,2.596103
17494,0.817594,60,30,97,0.006195,2.596127
17495,0.817591,60,30,97,0.006194,2.596153
17496,0.817582,60,30,97,0.006194,2.596182
17497,0.817593,60,30,97,0.006195,2.596201
17498,0.817592,60,30,97,0.006194,2.596226
17499,0.817574,60,30,97,0.006194,2.596257
17500,0.817547,60,30,97,0.006193,2.596278
17501,0.817556,60,30,97,0.006194,2.596296
17502,0.817564,60,30,97,0.006194,2.596316
17503,0.817572,60,30,97,0.006194,2.596335
17504,0.817540,60,30,97,0.006194,2.596340
17505,0.817523,60,30,97,0.006193,2.596372
17506,0.817527,60,30,97,0.006193,2.596394
17507,0.817512,60,30,97,0.006192,2.596426
17508,0.817514,60,30,97,0.006192,2.596450
17509,0.817522,60,30,97,0.006192,2.596470
17510,0.817532,60,30,97,0.006193,2.596489
17511,0.817540,60,30,97,0.006193,2.596508
17512,0.817517,60,30,97,0.006192,2.596536
17513,0.817518,60,30,97,0.006192,2.596560
17514,0.817522,60,30,97,0.006192,2.596581
17515,0.817522,60,30,97,0.006192,2.596606
17516,0.817531,60,30,97,0.006192,2.596624
17517,0.817541,60,30,97,0.006193,2.596643
17518,0.817551,60,30,97,0.006194,2.596662
17519,0.817558,60,30,97,0.006194,2.596682
17520,0.817563,60,30,97,0.006194,2.596704
17521,0.817549,60,30,97,0.006193,2.596737
17522,0.817560,60,30,97,0.006194,2.596756
17523,0.817568,60,30,97,0.006194,2.596775
17524,0.817567,60,30,97,0.006194,2.596800
17525,0.817561,60,30,97,0.006194,2.596829
17526,0.817566,60,30,97,0.006194,2.596850
17527,0.817575,60,30,97,0.006194,2.596869
17528,0.817579,60,30,97,0.006194,2.596890
17529,0.817590,60,30,97,0.006195,2.596909
17530,0.817590,60,30,97,0.006195,2.596933
17531,0.817586,60,30,97,0.006194,2.596959
17532,0.817594,60,30,97,0.006195,2.596978
17533,0.817555,60,30,97,0.006194,2.596924
17534,0.817562,60,30,97,0.006194,2.596946
17535,0.817572,60,30,97,0.006195,2.596965
17536,0.817578,60,30,97,0.006195,2.596987
17537,0.817580,60,30,97,0.006195,2.597010
17538,0.817589,60,30,97,0.006195,2.597029
17539,0.817578,60,30,97,0.006194,2.597060
17540,0.817576,60,30,97,0.006194,2.597086
17541,0.817578,60,30,97,0.006194,2.597110
17542,0.817588,60,30,97,0.006195,2.597127
17543,0.817596,60,30,97,0.006195,2.597148
17544,0.817587,60,30,97,0.006194,2.597177
17545,0.817571,60,30,97,0.006194,2.597209
17546,0.817582,60,30,97,0.006195,2.597228
17547,0.817585,60,30,97,0.006195,2.597251
17548,0.817584,60,30,97,0.006194,2.597276
17549,0.817592,60,30,97,0.006194,2.597295
17550,0.817600,60,30,97,0.006195,2.597313
17551,0.817605,60,30,97,0.006195,2.597335
17552,0.817599,60,30,97,0.006194,2.597362
17553,0.817591,60,30,97,0.006194,2.597391
17554,0.817594,60,30,97,0.006194,2.597413
17555,0.817602,60,30,97,0.006194,2.597432
17556,0.817613,60,30,97,0.006195,2.597450
17557,0.817616,60,30,97,0.006195,2.597473
17558,0.817623,60,30,97,0.006195,2.597493
17559,0.817625,60,30,97,0.006195,2.597517
17560,0.817606,60,30,97,0.006194,2.597548
17561,0.817612,60,30,97,0.006194,2.597570
17562,0.817598,60,30,97,0.006194,2.597602
17563,0.817606,60,30,97,0.006194,2.597622
17564,0.817598,60,30,97,0.006193,2.597652
17565,0.817609,60,30,97,0.006195,2.597670
17566,0.817614,60,30,97,0.006195,2.597691
17567,0.817581,60,30,97,0.006194,2.597686
17568,0.817588,60,30,97,0.006194,2.597707
17569,0.817577,60,30,97,0.006194,2.597737
17570,0.817579,60,30,97,0.006193,2.597760
17571,0.817543,60,30,97,0.006193,2.597742
17572,0.817546,60,30,97,0.006192,2.597765
17573,0.817539,60,30,97,0.006192,2.597794
17574,0.817549,60,30,97,0.006193,2.597812
17575,0.817555,60,30,97,0.006193,2.597834
17576,0.817564,60,30,97,0.006193,2.597853
17577,0.817573,60,30,97,0.006194,2.597871
17578,0.817550,60,30,97,0.006193,2.597899
17579,0.817561,60,30,97,0.006194,2.597918
17580,0.817563,60,30,97,0.006194,2.597941
17581,0.817560,60,30,97,0.006194,2.597967
17582,0.817560,60,30,97,0.006193,2.597992
17583,0.817553,60,30,97,0.006193,2.598020
17584,0.817561,60,30,97,0.006193,2.598039
17585,0.817567,60,30,97,0.006193,2.598060
17586,0.817574,60,30,97,0.006193,2.598082
17587,0.817583,60,30,97,0.006194,2.598100
17588,0.817592,60,30,97,0.006194,2.598119
17589,0.817578,60,30,97,0.006194,2.598151
17590,0.817587,60,30,97,0.006194,2.598169
17591,0.817582,60,30,97,0.006194,2.598196
17592,0.817572,60,30,97,0.006193,2.598226
17593,0.817555,60,30,97,0.006193,2.598258
17594,0.817564,60,30,97,0.006193,2.598276
17595,0.817574,60,30,97,0.006194,2.598294
17596,0.817580,60,30,97,0.006194,2.598315
17597,0.817578,60,30,97,0.006193,2.598341
17598,0.817580,60,30,97,0.006193,2.598365
17599,0.817591,60,30,97,0.006195,2.598383
17600,0.817602,60,30,97,0.006196,2.598403
17601,0.817601,60,30,97,0.006196,2.598427
17602,0.817610,60,30,97,0.006196,2.598445
17603,0.817607,60,30,97,0.006196,2.598471
17604,0.817608,60,30,97,0.006195,2.598496
17605,0.817617,60,30,97,0.006196,2.598514
17606,0.817617,60,30,97,0.006196,2.598538
17607,0.817625,60,30,97,0.006196,2.598557
17608,0.817635,60,30,97,0.006197,2.598575
17609,0.817605,60,30,97,0.006196,2.598585
17610,0.817614,60,30,97,0.006197,2.598604
17611,0.817658,60,30,97,0.006210,2.597703
17612,0.817645,60,30,97,0.006209,2.597736
17613,0.817636,60,30,97,0.006208,2.597765
17614,0.817647,60,30,97,0.006209,2.597784
17615,0.817655,60,30,97,0.006210,2.597802
17616,0.817666,60,30,97,0.006211,2.597820
17617,0.817665,60,30,97,0.006211,2.597845
17618,0.817674,60,30,97,0.006211,2.597864
17619,0.817677,60,30,97,0.006211,2.597886
17620,0.817687,60,30,97,0.006212,2.597904
17621,0.817695,60,30,97,0.006212,2.597922
17622,0.817696,60,30,97,0.006212,2.597947
17623,0.817703,60,30,97,0.006212,2.597968
17624,0.817713,60,30,97,0.006213,2.597986
17625,0.817720,60,30,97,0.006213,2.598007
17626,0.817726,60,30,97,0.006213,2.598029
17627,0.817731,60,30,97,0.006213,2.598051
17628,0.817736,60,30,97,0.006213,2.598073
17629,0.817739,60,30,97,0.006212,2.598096
17630,0.817746,60,30,97,0.006213,2.598117
17631,0.817756,60,30,97,0.006214,2.598135
17632,0.817762,60,30,97,0.006214,2.598157
17633,0.817773,60,30,97,0.006215,2.598176
17634,0.817782,60,30,97,0.006215,2.598194
17635,0.817781,60,30,97,0.006215,2.598219
17636,0.817780,60,30,97,0.006214,2.598244
17637,0.817790,60,30,97,0.006216,2.598263
17638,0.817910,60,30,97,0.006228,2.597528
17639,0.817919,59,30,97,0.006229,2.597546
17640,0.817918,60,30,97,0.006228,2.597571
17641,0.817886,60,30,97,0.006228,2.597570
17642,0.817888,60,30,97,0.006227,2.597594
17643,0.817898,60,30,97,0.006228,2.597612
17644,0.817907,60,30,97,0.006229,2.597631
17645,0.817896,60,30,97,0.006228,2.597663
17646,0.817883,60,30,97,0.006227,2.597696
17647,0.817889,60,30,97,0.006227,2.597717
17648,0.817900,60,30,97,0.006229,2.597737
17649,0.817909,60,30,97,0.006229,2.597755
17650,0.817893,60,30,97,0.006229,2.597787
17651,0.817902,60,30,97,0.006229,2.597805
17652,0.817898,60,30,97,0.006229,2.597831
17653,0.817871,60,30,97,0.006228,2.597851
17654,0.817876,60,30,97,0.006228,2.597874
17655,0.817855,60,30,97,0.006227,2.597902
17656,0.817861,60,30,97,0.006227,2.597924
17657,0.817859,60,30,97,0.006227,2.597950
17658,0.817869,60,30,97,0.006228,2.597968
17659,0.817877,60,30,97,0.006228,2.597987
17660,0.817868,60,30,97,0.006228,2.598017
17661,0.817877,60,30,97,0.006228,2.598035
17662,0.817888,59,30,97,0.006230,2.598054
17663,0.817863,60,30,97,0.006229,2.598079
17664,0.817851,60,30,97,0.006228,2.598111
17665,0.817856,60,30,97,0.006228,2.598133
17666,0.817855,60,30,97,0.006228,2.598158
17667,0.817863,60,30,97,0.006228,2.598177
17668,0.817861,60,30,97,0.006228,2.598202
17669,0.817847,60,30,97,0.006227,2.598234
17670,0.817854,60,30,97,0.006228,2.598253
17671,0.817865,60,30,97,0.006228,2.598271
17672,0.817874,59,30,97,0.006229,2.598290
17673,0.817877,60,30,97,0.006229,2.598311
17674,0.817886,59,30,97,0.006229,2.598330
17675,0.817892,59,30,97,0.006229,2.598351
17676,0.817900,59,30,97,0.006230,2.598370
17677,0.817897,59,30,97,0.006229,2.598396
17678,0.817906,59,30,97,0.006230,2.598414
17679,0.817917,59,30,97,0.006231,2.598434
17680,0.817916,59,30,97,0.006231,2.598458
17681,0.817926,59,30,97,0.006232,2.598476
17682,0.817909,59,30,97,0.006231,2.598507
17683,0.817903,59,30,97,0.006230,2.598536
17684,0.817911,59,30,97,0.006231,2.598555
17685,0.817906,59,30,97,0.006230,2.598582
17686,0.817892,59,30,97,0.006230,2.598614
17687,0.817892,60,30,97,0.006229,2.598638
17688,0.817897,59,30,97,0.006229,2.598660
17689,0.817904,59,30,97,0.006229,2.598681
17690,0.817902,59,30,97,0.006229,2.598706
17691,0.817909,59,30,97,0.006229,2.598727
17692,0.817914,59,30,97,0.006229,2.598749
17693,0.817913,59,30,97,0.006229,2.598773
17694,0.817918,59,30,97,0.006229,2.598795
17695,0.817906,59,30,97,0.006228,2.598827
17696,0.817911,59,30,97,0.006228,2.598848
17697,0.817910,59,30,97,0.006228,2.598873
17698,0.817895,59,30,97,0.006227,2.598905
17699,0.817901,59,30,97,0.006227,2.598927
17700,0.817902,59,30,97,0.006227,2.598951
17701,0.817889,60,30,97,0.006226,2.598984
17702,0.817884,60,30,97,0.006226,2.599011
17703,0.817892,60,30,97,0.006226,2.599030
17704,0.817899,60,30,97,0.006226,2.599050
17705,0.817875,60,30,97,0.006225,2.599076
17706,0.817870,60,30,97,0.006225,2.599103
17707,0.817859,60,30,97,0.006224,2.599134
17708,0.817867,60,30,97,0.006225,2.599152
17709,0.817875,60,30,97,0.006225,2.599171
17710,0.817886,60,30,97,0.006226,2.599189
17711,0.817881,60,30,97,0.006226,2.599216
17712,0.817881,60,30,97,0.006226,2.599240
17713,0.817875,60,30,97,0.006225,2.599267
17714,0.817886,60,30,97,0.006226,2.599285
17715,0.817886,60,30,97,0.006226,2.599309
17716,0.817880,60,30,97,0.006225,2.599337
17717,0.817891,60,30,97,0.006227,2.599355
17718,0.817897,60,30,97,0.006227,2.599377
17719,0.817905,60,30,97,0.006227,2.599395
17720,0.817916,60,30,97,0.006228,2.599414
17721,0.817904,60,30,97,0.006227,2.599445
17722,0.817914,60,30,97,0.006229,2.599464
17723,0.817925,59,30,97,0.006230,2.599483
17724,0.817935,59,30,97,0.006231,2.599501
17725,0.817939,59,30,97,0.006231,2.599523
17726,0.817945,59,30,97,0.006231,2.599544
17727,0.817937,59,30,97,0.006231,2.599573
17728,0.817948,59,30,97,0.006232,2.599591
17729,0.817958,59,30,97,0.006233,2.599610
17730,0.817961,59,30,97,0.006233,2.599632
17731,0.817966,59,30,97,0.006233,2.599654
17732,0.817976,59,30,97,0.006233,2.599673
17733,0.817986,59,30,97,0.006234,2.599691
17734,0.817972,59,30,97,0.006234,2.599723
17735,0.817959,59,30,97,0.006233,2.599755
17736,0.817964,59,30,97,0.006233,2.599777
17737,0.817974,59,30,97,0.006234,2.599794
17738,0.817979,59,30,97,0.006234,2.599815
17739,0.817990,59,30,97,0.006235,2.599834
17740,0.817998,59,30,97,0.006235,2.599852
17741,0.818002,59,30,97,0.006235,2.599873
17742,0.818005,59,30,97,0.006235,2.599895
17743,0.818005,59,30,97,0.006235,2.599919
17744,0.817994,59,30,97,0.006234,2.599949
17745,0.817999,59,30,97,0.006234,2.599970
17746,0.817992,59,30,97,0.006234,2.600000
17747,0.817984,59,30,97,0.006233,2.600029
17748,0.817991,59,30,97,0.006233,2.600050
17749,0.817977,59,30,97,0.006233,2.600082
17750,0.817985,59,30,97,0.006233,2.600102
17751,0.817995,59,30,97,0.006234,2.600120
17752,0.818003,59,30,97,0.006234,2.600139
17753,0.817999,59,30,97,0.006234,2.600165
17754,0.817996,59,30,97,0.006234,2.600190
17755,0.817990,59,30,97,0.006233,2.600219
17756,0.817999,59,30,97,0.006234,2.600237
17757,0.817997,59,30,97,0.006233,2.600263
17758,0.818003,59,30,97,0.006233,2.600285
17759,0.818004,59,30,97,0.006233,2.600309
17760,0.818013,59,30,97,0.006233,2.600327
17761,0.818012,59,30,97,0.006233,2.600352
17762,0.817994,59,30,97,0.006232,2.600383
17763,0.817979,59,30,97,0.006232,2.600415
17764,0.817984,59,30,97,0.006232,2.600436
17765,0.817994,59,30,97,0.006232,2.600455
17766,0.817993,59,30,97,0.006232,2.600479
17767,0.817991,59,30,97,0.006232,2.600505
17768,0.818000,59,30,97,0.006232,2.600524
17769,0.818007,59,30,97,0.006232,2.600544
17770,0.818005,59,30,97,0.006232,2.600570
17771,0.818014,59,30,97,0.006233,2.600588
17772,0.818007,59,30,97,0.006232,2.600618
17773,0.818014,59,30,97,0.006232,2.600639
17774,0.818012,59,30,97,0.006232,2.600663
17775,0.818021,59,30,97,0.006232,2.600681
17776,0.818028,59,30,97,0.006232,2.600703
17777,0.818031,59,30,97,0.006232,2.600725
17778,0.818023,59,30,97,0.006232,2.600754
17779,0.818024,60,30,97,0.006231,2.600778
17780,0.818020,60,30,97,0.006231,2.600805
17781,0.818024,60,30,97,0.006231,2.600826
17782,0.818033,59,30,97,0.006231,2.600844
17783,0.818043,59,30,97,0.006232,2.600862
17784,0.818039,59,30,97,0.006232,2.600888
17785,0.818039,60,30,97,0.006231,2.600912
17786,0.818043,59,30,97,0.006231,2.600933
17787,0.818051,59,30,97,0.006231,2.600952
17788,0.818060,59,30,97,0.006232,2.600971
17789,0.818062,59,30,97,0.006232,2.600993
17790,0.818071,59,30,97,0.006232,2.601012
17791,0.818077,59,30,97,0.006232,2.601033
17792,0.818088,59,30,97,0.006234,2.601051
17793,0.818093,59,30,97,0.006233,2.601073
17794,0.818100,59,30,97,0.006234,2.601092
17795,0.818110,59,30,97,0.006234,2.601110
17796,0.818116,59,30,97,0.006234,2.601132
17797,0.818118,59,30,97,0.006234,2.601155
17798,0.818120,59,30,97,0.006234,2.601179
17799,0.818109,59,30,97,0.006233,2.601209
17800,0.818117,59,30,97,0.006233,2.601228
17801,0.818094,59,30,97,0.006246,2.600211
17802,0.818104,59,30,97,0.006247,2.600229
17803,0.818114,59,30,97,0.006248,2.600248
17804,0.818091,59,30,97,0.006247,2.600276
17805,0.818094,59,30,97,0.006247,2.600299
17806,0.818097,59,30,97,0.006247,2.600322
17807,0.818099,59,30,97,0.006247,2.600344
17808,0.818110,59,30,97,0.006248,2.600363
17809,0.818113,59,30,97,0.006247,2.600385
17810,0.818123,59,30,97,0.006248,2.600402
17811,0.818130,59,30,97,0.006249,2.600421
17812,0.818137,59,30,97,0.006249,2.600443
17813,0.818139,59,30,97,0.006248,2.600467
17814,0.818141,59,30,97,0.006248,2.600491
17815,0.818134,59,30,97,0.006248,2.600520
17816,0.818135,59,30,97,0.006247,2.600544
17817,0.818144,59,30,97,0.006248,2.600562
17818,0.818154,59,30,97,0.006249,2.600581
17819,0.818163,59,30,97,0.006249,2.600599
17820,0.818169,59,30,97,0.006249,2.600620
17821,0.818165,59,30,97,0.006249,2.600647
17822,0.818167,59,30,97,0.006249,2.600671
17823,0.818176,59,30,97,0.006249,2.600689
17824,0.818177,59,30,97,0.006249,2.600713
17825,0.818182,59,30,97,0.006249,2.600735
17826,0.818188,59,30,97,0.006249,2.600756
17827,0.818187,59,30,97,0.006248,2.600782
17828,0.818158,59,30,97,0.006248,2.600797
17829,0.818145,59,30,97,0.006247,2.600830
17830,0.818146,59,30,97,0.006247,2.600854
17831,0.818143,59,30,97,0.006246,2.600880
17832,0.818141,59,30,97,0.006246,2.600906
17833,0.818140,59,30,97,0.006246,2.600930
17834,0.818138,59,30,97,0.006245,2.600955
17835,0.818136,59,30,97,0.006245,2.600981
17836,0.818144,59,30,97,0.006245,2.601000
17837,0.818153,59,30,97,0.006246,2.601017
17838,0.818157,59,30,97,0.006246,2.601038
17839,0.818165,59,30,97,0.006246,2.601057
17840,0.818175,59,30,97,0.006247,2.601075
17841,0.818141,59,30,97,0.006247,2.601062
17842,0.818146,59,30,97,0.006247,2.601083
17843,0.818146,59,30,97,0.006246,2.601108
17844,0.818153,59,30,97,0.006246,2.601130
17845,0.818153,59,30,97,0.006246,2.601154
17846,0.818158,59,30,97,0.006246,2.601175
17847,0.818166,59,30,97,0.006246,2.601194
17848,0.818176,59,30,97,0.006247,2.601213
17849,0.818183,59,30,97,0.006247,2.601233
17850,0.818180,59,30,97,0.006247,2.601259
17851,0.818183,59,30,97,0.006247,2.601280
17852,0.818183,59,30,97,0.006246,2.601305
17853,0.818189,59,30,97,0.006246,2.601326
17854,0.818181,59,30,97,0.006246,2.601355
17855,0.818191,59,30,97,0.006247,2.601373
17856,0.818200,59,30,97,0.006247,2.601391
17857,0.818191,59,30,97,0.006247,2.601421
17858,0.818202,59,30,97,0.006248,2.601439
17859,0.818189,59,30,97,0.006247,2.601471
17860,0.818199,59,30,97,0.006248,2.601489
17861,0.818207,59,30,97,0.006249,2.601507
17862,0.818218,59,30,97,0.006250,2.601525
17863,0.818227,59,30,97,0.006251,2.601542
17864,0.818205,59,30,97,0.006250,2.601570
17865,0.818210,59,30,97,0.006250,2.601592
17866,0.818211,59,30,97,0.006250,2.601616
17867,0.818221,59,30,97,0.006250,2.601633
17868,0.818230,59,30,97,0.006251,2.601651
17869,0.818204,59,30,97,0.006250,2.601675
17870,0.818208,59,30,97,0.006250,2.601696
17871,0.818216,59,30,97,0.006250,2.601717
17872,0.818224,59,30,97,0.006251,2.601735
17873,0.818232,59,30,97,0.006251,2.601753
17874,0.818242,59,30,97,0.006252,2.601772
17875,0.818227,59,30,97,0.006251,2.601804
17876,0.818201,59,30,97,0.006250,2.601827
17877,0.818191,59,30,97,0.006250,2.601857
17878,0.818149,59,30,97,0.006249,2.601716
17879,0.818140,59,30,97,0.006248,2.601746
17880,0.818146,59,30,97,0.006249,2.601767
17881,0.818154,59,30,97,0.006249,2.601786
17882,0.818153,59,30,97,0.006248,2.601810
17883,0.818160,59,30,97,0.006249,2.601831
17884,0.818155,59,30,97,0.006248,2.601858
17885,0.818144,59,30,97,0.006247,2.601888
17886,0.818143,59,30,97,0.006247,2.601913
17887,0.818148,59,30,97,0.006247,2.601934
17888,0.818135,59,30,97,0.006247,2.601966
17889,0.818140,59,30,97,0.006246,2.601988
17890,0.818118,59,30,97,0.006246,2.602016
17891,0.818124,59,30,97,0.006246,2.602038
17892,0.818125,59,30,97,0.006245,2.602062
17893,0.818130,59,30,97,0.006245,2.602083
17894,0.818136,59,30,97,0.006245,2.602104
17895,0.818133,59,30,97,0.006245,2.602130
17896,0.818138,59,30,97,0.006245,2.602152
17897,0.818141,59,30,97,0.006245,2.602174
17898,0.818127,59,30,97,0.006244,2.602205
17899,0.818122,59,30,97,0.006244,2.602232
17900,0.818084,59,30,97,0.006243,2.602188
17901,0.818094,59,30,97,0.006244,2.602208
17902,0.818091,59,30,97,0.006243,2.602234
17903,0.818102,59,30,97,0.006245,2.602253
17904,0.818111,59,30,97,0.006246,2.602270
17905,0.818121,59,30,97,0.006246,2.602289
17906,0.818125,59,30,97,0.006246,2.602310
17907,0.818129,59,30,97,0.006246,2.602332
17908,0.818124,59,30,97,0.006245,2.602359
17909,0.818134,59,30,97,0.006246,2.602377
17910,0.818141,59,30,97,0.006247,2.602398
17911,0.818149,59,30,97,0.006247,2.602416
17912,0.818135,59,30,97,0.006246,2.602447
17913,0.818138,59,30,97,0.006246,2.602469
17914,0.818147,59,30,97,0.006247,2.602487
17915,0.818156,59,30,97,0.006247,2.602505
17916,0.818161,59,30,97,0.006247,2.602526
17917,0.818149,59,30,97,0.006246,2.602557
17918,0.818117,59,30,97,0.006246,2.602558
17919,0.818127,59,30,97,0.006247,2.602575
17920,0.818124,59,30,97,0.006246,2.602601
17921,0.818134,59,30,97,0.006247,2.602620
17922,0.818127,59,30,97,0.006247,2.602648
17923,0.818137,59,30,97,0.006247,2.602667
17924,0.818147,59,30,97,0.006248,2.602684
17925,0.818150,59,30,97,0.006248,2.602706
17926,0.818126,59,30,97,0.006248,2.602732
17927,0.818098,59,30,97,0.006247,2.602746
17928,0.818091,59,30,97,0.006246,2.602774
17929,0.818077,59,30,97,0.006246,2.602806
17930,0.818058,59,30,97,0.006245,2.602836
17931,0.818191,59,30,97,0.006249,2.602722
17932,0.818191,59,30,97,0.006248,2.602746
17933,0.818199,59,30,97,0.006249,2.602764
17934,0.818209,59,30,97,0.006250,2.602782
17935,0.818214,59,30,97,0.006249,2.602804
17936,0.818218,59,30,97,0.006249,2.602826
17937,0.818218,59,30,97,0.006249,2.602850
17938,0.818225,59,30,97,0.006249,2.602870
17939,0.818231,59,30,97,0.006249,2.602891
17940,0.818238,59,30,97,0.006249,2.602911
17941,0.818235,59,30,97,0.006249,2.602937
17942,0.818225,59,30,97,0.006248,2.602967
17943,0.818224,59,30,97,0.006248,2.602991
17944,0.818212,59,30,97,0.006247,2.603021
17945,0.818221,59,30,97,0.006248,2.603039
17946,0.818229,59,30,97,0.006248,2.603058
17947,0.818229,59,30,97,0.006248,2.603082
17948,0.818231,59,30,97,0.006248,2.603106
17949,0.818226,59,30,97,0.006247,2.603133
17950,0.818229,59,30,97,0.006247,2.603155
17951,0.818239,59,30,97,0.006248,2.603172
17952,0.818243,59,30,97,0.006248,2.603194
17953,0.818242,59,30,97,0.006247,2.603218
17954,0.818241,59,30,97,0.006247,2.603242
17955,0.818247,59,30,97,0.006247,2.603263
17956,0.818253,59,30,97,0.006247,2.603284
17957,0.818261,59,30,97,0.006247,2.603303
17958,0.818249,59,30,97,0.006247,2.603334
17959,0.818258,59,30,97,0.006247,2.603352
17960,0.818262,59,30,97,0.006247,2.603374
17961,0.818271,59,30,97,0.006248,2.603392
17962,0.818274,59,30,97,0.006248,2.603413
17963,0.818268,59,30,97,0.006247,2.603441
17964,0.818276,59,30,97,0.006248,2.603459
17965,0.818282,59,30,97,0.006248,2.603480
17966,0.818265,59,30,97,0.006247,2.603510
17967,0.818261,59,30,97,0.006246,2.603537
17968,0.818268,59,30,97,0.006246,2.603558
17969,0.818258,59,30,97,0.006246,2.603587
17970,0.818265,59,30,97,0.006246,2.603606
17971,0.818265,59,30,97,0.006246,2.603630
17972,0.818271,59,30,97,0.006246,2.603651
17973,0.818273,59,30,97,0.006246,2.603675
17974,0.818280,59,30,97,0.006246,2.603694
17975,0.818262,59,30,97,0.006245,2.603724
17976,0.818261,59,30,97,0.006245,2.603748
17977,0.818268,59,30,97,0.006245,2.603769
17978,0.818277,59,30,97,0.006246,2.603788
17979,0.818279,59,30,97,0.006245,2.603812
17980,0.818287,59,30,97,0.006246,2.603831
17981,0.818297,59,30,97,0.006247,2.603849
17982,0.818308,59,30,97,0.006248,2.603868
17983,0.818317,59,30,97,0.006249,2.603885
17984,0.818328,59,30,97,0.006251,2.603902
17985,0.818303,59,30,97,0.006250,2.603927
17986,0.818310,59,30,97,0.006250,2.603946
17987,0.818286,59,30,97,0.006249,2.603971
17988,0.818295,59,30,97,0.006250,2.603989
17989,0.818298,59,30,97,0.006250,2.604013
17990,0.818302,59,30,97,0.006250,2.604034
17991,0.818310,59,30,97,0.006250,2.604053
17992,0.818315,59,30,97,0.006250,2.604074
17993,0.818319,59,30,97,0.006250,2.604095
17994,0.818318,59,30,97,0.006249,2.604119
17995,0.818329,59,30,97,0.006251,2.604137
17996,0.818338,59,30,97,0.006251,2.604156
17997,0.818346,59,30,97,0.006252,2.604174
17998,0.818355,59,30,97,0.006252,2.604191
17999,0.818336,59,30,97,0.006251,2.604221
18000,0.818336,59,30,97,0.006251,2.604245
18001,0.818346,59,30,97,0.006252,2.604263
18002,0.818342,59,30,97,0.006251,2.604289
18003,0.818346,59,30,97,0.006251,2.604310
18004,0.818356,59,30,97,0.006252,2.604328
18005,0.818358,59,30,97,0.006252,2.604352
18006,0.818351,59,30,97,0.006252,2.604381
18007,0.818340,59,30,97,0.006251,2.604411
18008,0.818317,59,30,97,0.006250,2.604439
18009,0.818315,59,30,97,0.006250,2.604464
18010,0.818321,59,30,97,0.006250,2.604485
18011,0.818325,59,30,97,0.006250,2.604506
18012,0.818297,59,30,97,0.006249,2.604522
18013,0.818303,59,30,97,0.006249,2.604543
18014,0.818252,59,30,97,0.006248,2.603641
18015,0.818250,59,30,97,0.006248,2.603667
18016,0.818261,59,30,97,0.006249,2.603685
18017,0.818266,59,30,97,0.006249,2.603706
18018,0.818265,59,30,97,0.006249,2.603731
18019,0.818261,59,30,97,0.006249,2.603757
18020,0.818266,59,30,97,0.006248,2.603778
18021,0.818276,59,30,97,0.006249,2.603796
18022,0.818286,59,30,97,0.006250,2.603815
18023,0.818289,59,30,97,0.006250,2.603836
18024,0.818262,59,30,97,0.006249,2.603855
18025,0.818252,59,30,97,0.006249,2.603884
18026,0.818252,59,30,97,0.006248,2.603908
18027,0.818228,59,30,97,0.006248,2.603934
18028,0.818235,59,30,97,0.006248,2.603954
18029,0.818241,59,30,97,0.006248,2.603975
18030,0.818249,59,30,97,0.006248,2.603993
18031,0.818258,59,30,97,0.006249,2.604011
18032,0.818263,59,30,97,0.006249,2.604032
18033,0.818265,59,30,97,0.006248,2.604057
18034,0.818273,59,30,97,0.006249,2.604075
18035,0.818266,59,30,97,0.006248,2.604104
18036,0.818274,59,30,97,0.006249,2.604121
18037,0.818283,59,30,97,0.006249,2.604139
18038,0.818291,59,30,97,0.006250,2.604157
18039,0.818273,59,30,97,0.006249,2.604187
18040,0.818270,59,30,97,0.006249,2.604213
18041,0.818263,59,30,97,0.006248,2.604242
18042,0.818261,59,30,97,0.006248,2.604267
18043,0.818271,59,30,97,0.006249,2.604286
18044,0.818273,59,30,97,0.006248,2.604309
18045,0.818279,59,30,97,0.006248,2.604331
18046,0.818283,59,30,97,0.006248,2.604352
18047,0.818287,59,30,97,0.006248,2.604373
18048,0.818278,59,30,97,0.006248,2.604402
18049,0.818236,59,30,97,0.006247,2.604262
18050,0.818237,59,30,97,0.006247,2.604286
18051,0.818210,59,30,97,0.006246,2.604305
18052,0.818219,59,30,97,0.006246,2.604323
18053,0.818229,59,30,97,0.006248,2.604341
18054,0.818238,59,30,97,0.006248,2.604358
18055,0.818240,59,30,97,0.006248,2.604382
18056,0.818222,59,30,97,0.006247,2.604412
18057,0.818201,59,30,97,0.006246,2.604440
18058,0.818207,59,30,97,0.006246,2.604462
18059,0.818178,59,30,97,0.006246,2.604474
18060,0.818186,59,30,97,0.006246,2.604491
18061,0.818174,59,30,97,0.006246,2.604523
18062,0.818185,59,30,97,0.006247,2.604542
18063,0.818195,59,30,97,0.006249,2.604562
18064,0.818205,59,30,97,0.006249,2.604580
18065,0.818212,59,30,97,0.006249,2.604600
18066,0.818210,59,30,97,0.006249,2.604626
18067,0.818219,59,30,97,0.006250,2.604644
18068,0.818227,59,30,97,0.006250,2.604662
18069,0.818227,59,30,97,0.006250,2.604686
18070,0.818224,59,30,97,0.006249,2.604712
18071,0.818226,59,30,97,0.006249,2.604736
18072,0.818215,59,30,97,0.006248,2.604766
18073,0.818223,59,30,97,0.006249,2.604784
18074,0.818225,59,30,97,0.006248,2.604808
18075,0.818230,59,30,97,0.006248,2.604829
18076,0.818224,59,30,97,0.006248,2.604857
18077,0.818224,59,30,97,0.006248,2.604881
18078,0.818223,59,30,97,0.006247,2.604907
18079,0.818232,59,30,97,0.006248,2.604926
18080,0.818239,59,30,97,0.006248,2.604946
18081,0.818238,59,30,97,0.006248,2.604969
18082,0.818243,59,30,97,0.006247,2.604991
18083,0.818226,59,30,97,0.006247,2.605021
18084,0.818223,59,30,97,0.006246,2.605047
18085,0.818231,59,30,97,0.006247,2.605065
18086,0.818240,59,30,97,0.006247,2.605082
18087,0.818246,59,30,97,0.006247,2.605103
18088,0.818243,59,30,97,0.006247,2.605128
18089,0.818231,59,30,97,0.006246,2.605160
18090,0.818233,59,30,97,0.006246,2.605184
18091,0.818232,59,30,97,0.006246,2.605208
18092,0.818238,59,30,97,0.006246,2.605228
18093,0.818236,59,30,97,0.006246,2.605253
18094,0.818244,59,30,97,0.006246,2.605271
18095,0.818244,59,30,97,0.006246,2.605296
18096,0.818251,59,30,97,0.006246,2.605316
18097,0.818258,59,30,97,0.006246,2.605335
18098,0.818249,59,30,97,0.006245,2.605364
18099,0.818258,59,30,97,0.006246,2.605382
18100,0.818267,59,30,97,0.006246,2.605401
18101,0.818262,59,30,97,0.006246,2.605428
18102,0.818261,59,30,97,0.006246,2.605452
18103,0.818266,59,30,97,0.006246,2.605473
18104,0.818231,59,30,97,0.006245,2.605451
18105,0.818239,59,30,97,0.006245,2.605470
18106,0.818231,59,30,97,0.006245,2.605499
18107,0.818237,59,30,97,0.006245,2.605520
18108,0.818225,59,30,97,0.006244,2.605551
18109,0.818228,59,30,97,0.006244,2.605573
18110,0.818237,59,30,97,0.006245,2.605592
18111,0.818242,59,30,97,0.006244,2.605613
18112,0.818245,59,30,97,0.006244,2.605636
18113,0.818254,59,30,97,0.006245,2.605654
18114,0.818235,59,30,97,0.006244,2.605684
18115,0.818244,59,30,97,0.006245,2.605702
18116,0.818225,59,30,97,0.006244,2.605731
18117,0.818231,59,30,97,0.006244,2.605752
18118,0.818237,59,30,97,0.006244,2.605773
18119,0.818226,59,30,97,0.006244,2.605803
18120,0.818234,59,30,97,0.006244,2.605822
18121,0.818228,59,30,97,0.006243,2.605850
18122,0.818234,59,30,97,0.006243,2.605871
18123,0.818217,59,30,97,0.006243,2.605901
18124,0.818197,59,30,97,0.006242,2.605930
18125,0.818181,59,30,97,0.006241,2.605961
18126,0.818184,59,30,97,0.006241,2.605984
18127,0.818180,59,30,97,0.006241,2.606010
18128,0.818189,59,30,97,0.006241,2.606028
18129,0.818184,59,30,97,0.006241,2.606054
18130,0.818187,59,30,97,0.006241,2.606078
18131,0.818197,59,30,97,0.006242,2.606097
18132,0.818206,59,30,97,0.006243,2.606114
18133,0.818182,59,30,97,0.006242,2.606138
18134,0.818192,59,30,97,0.006243,2.606157
18135,0.818167,59,30,97,0.006243,2.606179
18136,0.818175,59,30,97,0.006243,2.606197
18137,0.818186,59,30,97,0.006245,2.606216
18138,0.818190,59,30,97,0.006245,2.606237
18139,0.818194,59,30,97,0.006244,2.606259
18140,0.818204,59,30,97,0.006245,2.606276
18141,0.818215,59,30,97,0.006247,2.606295
18142,0.818216,59,30,97,0.006247,2.606319
18143,0.818207,59,30,97,0.006246,2.606348
18144,0.818216,59,30,97,0.006247,2.606365
18145,0.818224,59,30,97,0.006247,2.606383
18146,0.818233,59,30,97,0.006248,2.606401
18147,0.818205,59,30,97,0.006247,2.606418
18148,0.818213,59,30,97,0.006247,2.606436
18149,0.818208,59,30,97,0.006247,2.606462
18150,0.818187,59,30,97,0.006246,2.606491
18151,0.818189,59,30,97,0.006246,2.606514
18152,0.818193,59,30,97,0.006246,2.606535
18153,0.818190,59,30,97,0.006245,2.606561
18154,0.818191,59,30,97,0.006245,2.606585
18155,0.818195,59,30,97,0.006245,2.606606
18156,0.818204,59,30,97,0.006245,2.606624
18157,0.818205,59,30,97,0.006245,2.606648
18158,0.818211,59,30,97,0.006245,2.606669
18159,0.818212,59,30,97,0.006245,2.606693
18160,0.818215,59,30,97,0.006245,2.606714
18161,0.818219,59,30,97,0.006245,2.606735
18162,0.818221,59,30,97,0.006244,2.606759
18163,0.818227,59,30,97,0.006244,2.606780
18164,0.818236,59,30,97,0.006245,2.606798
18165,0.818243,59,30,97,0.006245,2.606818
18166,0.818228,59,30,97,0.006244,2.606849
18167,0.818236,59,30,97,0.006245,2.606866
18168,0.818222,59,30,97,0.006244,2.606897
18169,0.818226,59,30,97,0.006244,2.606919
18170,0.818224,59,30,97,0.006244,2.606944
18171,0.818231,59,30,97,0.006244,2.606963
18172,0.818239,59,30,97,0.006244,2.606982
18173,0.818238,59,30,97,0.006244,2.607006
18174,0.818244,59,30,97,0.006244,2.607027
18175,0.818239,59,30,97,0.006243,2.607053
18176,0.818245,59,30,97,0.006243,2.607074
18177,0.818253,59,30,97,0.006244,2.607092
18178,0.818263,59,30,97,0.006245,2.607110
18179,0.818273,59,30,97,0.006246,2.607128
18180,0.818270,59,30,97,0.006246,2.607154
18181,0.818280,59,30,97,0.006247,2.607172
18182,0.818243,59,30,97,0.006246,2.607128
18183,0.818253,59,30,97,0.006247,2.607147
18184,0.818216,59,30,97,0.006247,2.607103
18185,0.818217,59,30,97,0.006246,2.607127
18186,0.818206,59,30,97,0.006246,2.607157
18187,0.818186,59,30,97,0.006245,2.607186
18188,0.818194,59,30,97,0.006245,2.607204
18189,0.818204,59,30,97,0.006246,2.607223
18190,0.818209,59,30,97,0.006246,2.607243
18191,0.818216,59,30,97,0.006246,2.607263
18192,0.818217,59,30,97,0.006246,2.607288
18193,0.818216,59,30,97,0.006245,2.607313
18194,0.818222,59,30,97,0.006245,2.607334
18195,0.818232,59,30,97,0.006246,2.607351
18196,0.818230,59,30,97,0.006246,2.607376
18197,0.818238,59,30,97,0.006246,2.607393
18198,0.818226,59,30,97,0.006246,2.607424
18199,0.818212,59,30,97,0.006245,2.607454
18200,0.818219,59,30,97,0.006245,2.607474
18201,0.818227,59,30,97,0.006246,2.607493
18202,0.818227,59,30,97,0.006245,2.607517
18203,0.818229,59,30,97,0.006245,2.607541
18204,0.818219,59,30,97,0.006244,2.607570
18205,0.818223,59,30,97,0.006244,2.607591
18206,0.818213,59,30,97,0.006244,2.607620
18207,0.818210,59,30,97,0.006243,2.607646
18208,0.818208,59,30,97,0.006243,2.607671
18209,0.818215,59,30,97,0.006243,2.607689
18210,0.818211,59,30,97,0.006243,2.607715
18211,0.818210,59,30,97,0.006242,2.607740
18212,0.818217,59,30,97,0.006243,2.607760
18213,0.818217,59,30,97,0.006242,2.607784
18214,0.818198,59,30,97,0.006242,2.607813
18215,0.818179,59,30,97,0.006241,2.607842
18216,0.818179,59,30,97,0.006241,2.607866
18217,0.818178,59,30,97,0.006240,2.607890
18218,0.818188,59,30,97,0.006241,2.607908
18219,0.818182,59,30,97,0.006241,2.607936
18220,0.818189,59,30,97,0.006241,2.607956
18221,0.818189,59,30,97,0.006240,2.607979
18222,0.818200,59,30,97,0.006241,2.607997
18223,0.818169,59,30,97,0.006241,2.608001
18224,0.818177,59,30,97,0.006241,2.608019
18225,0.818183,59,30,97,0.006241,2.608040
18226,0.818192,59,30,97,0.006242,2.608057
18227,0.818203,59,30,97,0.006243,2.608076
18228,0.818195,59,30,97,0.006243,2.608105
18229,0.818204,59,30,97,0.006243,2.608122
18230,0.818207,59,30,97,0.006243,2.608144
18231,0.818204,59,30,97,0.006243,2.608169
18232,0.818208,59,30,97,0.006243,2.608190
18233,0.818200,59,30,97,0.006242,2.608219
18234,0.818198,59,30,97,0.006242,2.608244
18235,0.818205,59,30,97,0.006242,2.608265
18236,0.818202,59,30,97,0.006241,2.608290
18237,0.818193,59,30,97,0.006241,2.608319
18238,0.818202,59,30,97,0.006241,2.608337
18239,0.818207,59,30,97,0.006241,2.608358
18240,0.818213,59,30,97,0.006241,2.608379
18241,0.818218,59,30,97,0.006241,2.608400
18242,0.818221,59,30,97,0.006241,2.608422
18243,0.818228,59,30,97,0.006241,2.608442
18244,0.818229,59,30,97,0.006241,2.608466
18245,0.818236,59,30,97,0.006241,2.608484
18246,0.818232,59,30,97,0.006241,2.608510
18247,0.818239,59,30,97,0.006241,2.608530
18248,0.818236,59,30,97,0.006240,2.608555
18249,0.818225,59,30,97,0.006240,2.608584
18250,0.818234,59,30,97,0.006240,2.608601
18251,0.818240,59,30,97,0.006240,2.608622
18252,0.818251,59,30,97,0.006242,2.608639
18253,0.818261,59,30,97,0.006243,2.608658
18254,0.818271,59,30,97,0.006243,2.608675
18255,0.818276,59,30,97,0.006243,2.608696
18256,0.818285,59,30,97,0.006244,2.608714
18257,0.818276,59,30,97,0.006243,2.608742
18258,0.818274,59,30,97,0.006243,2.608768
18259,0.818285,59,30,97,0.006244,2.608786
18260,0.818286,59,30,97,0.006244,2.608810
18261,0.818296,59,30,97,0.006245,2.608827
18262,0.818303,59,30,97,0.006245,2.608847
18263,0.818306,59,30,97,0.006245,2.608868
18264,0.818316,59,30,97,0.006246,2.608885
18265,0.818311,59,30,97,0.006246,2.608911
18266,0.818307,59,30,97,0.006245,2.608937
18267,0.818297,59,30,97,0.006245,2.608966
18268,0.818295,59,30,97,0.006244,2.608991
18269,0.818304,59,30,97,0.006245,2.609009
18270,0.818314,59,30,97,0.006246,2.609027
18271,0.818271,59,30,97,0.006245,2.608863
18272,0.818261,59,30,97,0.006244,2.608891
18273,0.818269,59,30,97,0.006245,2.608909
18274,0.818277,59,30,97,0.006245,2.608927
18275,0.818285,59,30,97,0.006246,2.608944
18276,0.818281,59,30,97,0.006245,2.608970
18277,0.818290,59,30,97,0.006246,2.608989
18278,0.818299,59,30,97,0.006246,2.609006
18279,0.818261,59,30,97,0.006246,2.608951
18280,0.818249,59,30,97,0.006245,2.608982
18281,0.818252,59,30,97,0.006245,2.609004
18282,0.818256,59,30,97,0.006245,2.609024
18283,0.818256,59,30,97,0.006244,2.609048
18284,0.818255,59,30,97,0.006244,2.609072
18285,0.818244,59,30,97,0.006243,2.609102
18286,0.818252,59,30,97,0.006244,2.609120
18287,0.818238,59,30,97,0.006243,2.609151
18288,0.818246,59,30,97,0.006243,2.609169
18289,0.818241,59,30,97,0.006243,2.609195
18290,0.818251,59,30,97,0.006244,2.609213
18291,0.818217,59,30,97,0.006244,2.609195
18292,0.818203,59,30,97,0.006243,2.609226
18293,0.818200,59,30,97,0.006243,2.609251
18294,0.818202,59,30,97,0.006242,2.609275
18295,0.818206,59,30,97,0.006242,2.609296
18296,0.818202,59,30,97,0.006242,2.609321
18297,0.818173,59,30,97,0.006241,2.609333
18298,0.818183,59,30,97,0.006242,2.609351
18299,0.818188,59,30,97,0.006242,2.609372
18300,0.818175,59,30,97,0.006242,2.609403
18301,0.818182,59,30,97,0.006242,2.609421
18302,0.818181,59,30,97,0.006241,2.609446
18303,0.818180,59,30,97,0.006241,2.609470
18304,0.818184,59,30,97,0.006241,2.609491
18305,0.818185,59,30,97,0.006241,2.609515
18306,0.818189,59,30,97,0.006241,2.609536
18307,0.818180,59,30,97,0.006240,2.609564
18308,0.818151,59,30,97,0.006239,2.609575
18309,0.818160,59,30,97,0.006240,2.609594
18310,0.818147,59,30,97,0.006239,2.609625
18311,0.818157,59,30,97,0.006240,2.609642
18312,0.818151,59,30,97,0.006240,2.609669
18313,0.818147,59,30,97,0.006239,2.609695
18314,0.818138,59,30,97,0.006239,2.609724
18315,0.818140,59,30,97,0.006238,2.609747
18316,0.818148,59,30,97,0.006239,2.609765
18317,0.818123,59,30,97,0.006238,2.609787
18318,0.818127,59,30,97,0.006238,2.609808
18319,0.818137,59,30,97,0.006240,2.609826
18320,0.818147,59,30,97,0.006240,2.609845
18321,0.818150,59,30,97,0.006240,2.609867
18322,0.818152,59,30,97,0.006240,2.609890
18323,0.818156,59,30,97,0.006240,2.609911
18324,0.818157,59,30,97,0.006239,2.609935
18325,0.818162,59,30,97,0.006239,2.609956
18326,0.818166,59,30,97,0.006239,2.609977
18327,0.818168,59,30,97,0.006239,2.610000
18328,0.818178,59,30,97,0.006240,2.610019
18329,0.818184,59,30,97,0.006240,2.610039
18330,0.818189,59,30,97,0.006240,2.610060
18331,0.818198,59,30,97,0.006241,2.610078
18332,0.818198,59,30,97,0.006240,2.610102
18333,0.818193,59,30,97,0.006240,2.610128
18334,0.818150,59,30,97,0.006239,2.609960
18335,0.818152,59,30,97,0.006239,2.609983
18336,0.818115,59,30,97,0.006238,2.609938
18337,0.818119,59,30,97,0.006238,2.609959
18338,0.818129,59,30,97,0.006239,2.609976
18339,0.818140,59,30,97,0.006240,2.609994
18340,0.818134,59,30,97,0.006240,2.610021
18341,0.818116,59,30,97,0.006239,2.610052
18342,0.818093,59,30,97,0.006239,2.610077
18343,0.818092,59,30,97,0.006238,2.610100
18344,0.818097,59,30,97,0.006238,2.610121
18345,0.818063,59,30,97,0.006238,2.610105
18346,0.818073,59,30,97,0.006239,2.610122
18347,0.818080,59,30,97,0.006239,2.610141
18348,0.818088,59,30,97,0.006239,2.610159
18349,0.818092,59,30,97,0.006239,2.610179
18350,0.818092,59,30,97,0.006239,2.610203
18351,0.818083,59,30,97,0.006238,2.610232
18352,0.818087,59,30,97,0.006238,2.610253
18353,0.818095,59,30,97,0.006239,2.610271
18354,0.818093,59,30,97,0.006238,2.610296
18355,0.818094,59,30,97,0.006238,2.610320
18356,0.818101,59,30,97,0.006238,2.610339
18357,0.818110,59,30,97,0.006239,2.610357
18358,0.818117,59,30,97,0.006239,2.610376
18359,0.818120,59,30,97,0.006239,2.610397
18360,0.818122,59,30,97,0.006238,2.610420
18361,0.818126,59,30,97,0.006238,2.610441
18362,0.818125,59,30,97,0.006238,2.610465
18363,0.818130,59,30,97,0.006238,2.610485
18364,0.818114,59,30,97,0.006237,2.610516
18365,0.818123,59,30,97,0.006238,2.610534
18366,0.818116,59,30,97,0.006237,2.610563
18367,0.818123,59,30,97,0.006237,2.610584
18368,0.818133,59,30,97,0.006238,2.610602
18369,0.818141,59,30,97,0.006239,2.610619
18370,0.818151,59,30,97,0.006240,2.610636
18371,0.818146,59,30,97,0.006239,2.610663
18372,0.818155,59,30,97,0.006240,2.610680
18373,0.818155,59,30,97,0.006240,2.610703
18374,0.818164,59,30,97,0.006240,2.610722
18375,0.818174,59,30,97,0.006241,2.610740
18376,0.818178,59,30,97,0.006241,2.610761
18377,0.818188,59,30,97,0.006242,2.610779
18378,0.818189,59,30,97,0.006242,2.610803
18379,0.818196,59,30,97,0.006242,2.610821
18380,0.818205,59,30,97,0.006243,2.610838
18381,0.818210,59,30,97,0.006243,2.610859
18382,0.818217,59,30,97,0.006243,2.610877
18383,0.818221,59,30,97,0.006243,2.610898
18384,0.818206,59,30,97,0.006243,2.610928
18385,0.818210,59,30,97,0.006242,2.610949
18386,0.818201,59,30,97,0.006242,2.610978
18387,0.818208,59,30,97,0.006242,2.610997
18388,0.818206,59,30,97,0.006242,2.611022
18389,0.818213,59,30,97,0.006242,2.611040
18390,0.818206,59,30,97,0.006241,2.611069
18391,0.818207,59,30,97,0.006241,2.611092
18392,0.818216,59,30,97,0.006242,2.611111
18393,0.818211,59,30,97,0.006241,2.611137
18394,0.818216,59,30,97,0.006241,2.611157
18395,0.818226,59,30,97,0.006242,2.611176
18396,0.818202,59,30,97,0.006241,2.611200
18397,0.818202,59,30,97,0.006241,2.611223
18398,0.818195,59,30,97,0.006240,2.611252
18399,0.818190,59,30,97,0.006240,2.611277
18400,0.818175,59,30,97,0.006239,2.611308
18401,0.818167,59,30,97,0.006239,2.611336
18402,0.818168,59,30,97,0.006238,2.611360
18403,0.818179,59,30,97,0.006240,2.611378
18404,0.818184,59,30,97,0.006240,2.611399
18405,0.818190,59,30,97,0.006240,2.611419
18406,0.818188,59,30,97,0.006240,2.611444
18407,0.818199,59,30,97,0.006241,2.611462
18408,0.818208,59,30,97,0.006242,2.611479
18409,0.818217,59,30,97,0.006242,2.611497
18410,0.818213,59,30,97,0.006242,2.611523
18411,0.818201,59,30,97,0.006241,2.611554
18412,0.818211,59,30,97,0.006243,2.611572
18413,0.818214,59,30,97,0.006242,2.611594
18414,0.818203,59,30,97,0.006242,2.611624
18415,0.818213,59,30,97,0.006243,2.611642
18416,0.818220,59,30,97,0.006243,2.611660
18417,0.818229,59,30,97,0.006244,2.611678
18418,0.818238,59,30,97,0.006244,2.611696
18419,0.818227,59,30,97,0.006244,2.611726
18420,0.818231,59,30,97,0.006243,2.611747
18421,0.818232,59,30,97,0.006243,2.611771
18422,0.818238,59,30,97,0.006243,2.611791
18423,0.818248,59,30,97,0.006244,2.611810
18424,0.818241,59,30,97,0.006243,2.611838
18425,0.818252,59,30,97,0.006245,2.611856
18426,0.818244,59,30,97,0.006244,2.611884
18427,0.818253,59,30,97,0.006245,2.611902
18428,0.818262,59,30,97,0.006245,2.611921
18429,0.818264,59,30,97,0.006245,2.611944
18430,0.818270,59,30,97,0.006245,2.611965
18431,0.818263,59,30,97,0.006244,2.611993
18432,0.818273,59,30,97,0.006245,2.612010
18433,0.818280,59,30,97,0.006245,2.612030
18434,0.818283,59,30,97,0.006245,2.612051
18435,0.818290,59,30,97,0.006245,2.612070
18436,0.818298,59,30,97,0.006246,2.612088
18437,0.818307,59,30,97,0.006246,2.612106
18438,0.818310,59,30,97,0.006246,2.612126
18439,0.818316,59,30,97,0.006246,2.612147
18440,0.818267,59,30,97,0.006246,2.611467
18441,0.818278,59,30,97,0.006247,2.611485
18442,0.818276,59,30,97,0.006247,2.611509
18443,0.818285,59,30,97,0.006247,2.611527
18444,0.818295,59,30,97,0.006248,2.611544
18445,0.818298,59,30,97,0.006248,2.611567
18446,0.818296,59,30,97,0.006247,2.611591
18447,0.818293,59,30,97,0.006247,2.611616
18448,0.818294,59,30,97,0.006247,2.611640
18449,0.818304,59,30,97,0.006248,2.611657
18450,0.818309,59,30,97,0.006248,2.611678
18451,0.818302,59,30,97,0.006248,2.611706
18452,0.818306,59,30,97,0.006247,2.611727
18453,0.818302,59,30,97,0.006247,2.611752
18454,0.818308,59,30,97,0.006247,2.611772
18455,0.818309,59,30,97,0.006247,2.611796
18456,0.818316,59,30,97,0.006247,2.611815
18457,0.818326,59,30,97,0.006248,2.611833
18458,0.818316,59,30,97,0.006247,2.611862
18459,0.818325,59,30,97,0.006248,2.611879
18460,0.818332,59,30,97,0.006248,2.611898
18461,0.818341,59,30,97,0.006249,2.611917
18462,0.818346,59,30,97,0.006248,2.611938
18463,0.818330,59,30,97,0.006248,2.611968
18464,0.818321,59,30,97,0.006247,2.611997
18465,0.818328,59,30,97,0.006248,2.612015
18466,0.818326,59,30,97,0.006247,2.612040
18467,0.818333,59,30,97,0.006247,2.612058
18468,0.818316,59,30,97,0.006247,2.612088
18469,0.818322,59,30,97,0.006247,2.612109
18470,0.818330,59,30,97,0.006247,2.612126
18471,0.818328,59,30,97,0.006247,2.612151
18472,0.818297,59,30,97,0.006246,2.612151
18473,0.818304,59,30,97,0.006247,2.612170
18474,0.818311,59,30,97,0.006247,2.612187
18475,0.818283,59,30,97,0.006246,2.612201
18476,0.818293,59,30,97,0.006247,2.612218
18477,0.818288,59,30,97,0.006247,2.612243
18478,0.818297,59,30,97,0.006247,2.612261
18479,0.818300,59,30,97,0.006247,2.612282
18480,0.818298,59,30,97,0.006247,2.612307
18481,0.818296,59,30,97,0.006246,2.612330
18482,0.818302,59,30,97,0.006246,2.612351
18483,0.818311,59,30,97,0.006247,2.612369
18484,0.818308,59,30,97,0.006247,2.612394
18485,0.818310,59,30,97,0.006246,2.612418
18486,0.818310,59,30,97,0.006246,2.612441
18487,0.818304,59,30,97,0.006245,2.612469
18488,0.818266,59,30,97,0.006245,2.612411
18489,0.818276,59,30,97,0.006246,2.612429
18490,0.818279,59,30,97,0.006246,2.612450
18491,0.818238,59,30,97,0.006245,2.612332
18492,0.818328,59,29,97,0.006258,2.611523
18493,0.818335,59,29,96,0.006258,2.611543
18494,0.818335,59,29,96,0.006258,2.611567
18495,0.818343,59,29,96,0.006258,2.611584
18496,0.818346,59,29,96,0.006258,2.611607
18497,0.818352,59,29,96,0.006258,2.611627
18498,0.818362,59,29,96,0.006259,2.611644
18499,0.818366,59,29,96,0.006259,2.611665
18500,0.818369,59,29,96,0.006259,2.611687
18501,0.818376,59,29,96,0.006259,2.611706
18502,0.818384,59,29,96,0.006259,2.611724
18503,0.818386,59,29,96,0.006259,2.611747
18504,0.818385,59,29,96,0.006258,2.611771
18505,0.818392,59,29,96,0.006259,2.611790
18506,0.818360,59,29,96,0.006258,2.611786
18507,0.818366,59,29,96,0.006258,2.611807
18508,0.818372,59,29,96,0.006258,2.611828
18509,0.818359,59,29,96,0.006257,2.611859
18510,0.818364,59,29,96,0.006257,2.611880
18511,0.818310,59,29,96,0.006257,2.609818
18512,0.818319,59,29,96,0.006257,2.609835
18513,0.818327,59,29,96,0.006258,2.609852
18514,0.818337,59,29,96,0.006258,2.609870
18515,0.818328,59,29,96,0.006258,2.609898
18516,0.818333,59,29,96,0.006258,2.609919
18517,0.818332,59,29,96,0.006258,2.609943
18518,0.818299,59,29,96,0.006260,2.611197
18519,0.818301,59,29,96,0.006259,2.611220
18520,0.818309,59,29,96,0.006260,2.611238
18521,0.818313,59,29,96,0.006260,2.611259
18522,0.818313,59,29,96,0.006259,2.611283
18523,0.818282,59,29,96,0.006259,2.611281
18524,0.818260,59,29,96,0.006258,2.611308
18525,0.818253,59,29,96,0.006258,2.611336
18526,0.818259,59,29,96,0.006258,2.611356
18527,0.818268,59,29,96,0.006258,2.611373
18528,0.818262,59,29,96,0.006258,2.611401
18529,0.818260,59,29,96,0.006257,2.611425
18530,0.818269,59,29,96,0.006258,2.611443
18531,0.818234,59,29,96,0.006257,2.611423
18532,0.818243,59,29,96,0.006257,2.611441
18533,0.818233,59,29,96,0.006257,2.611469
18534,0.818217,59,29,96,0.006256,2.611499
18535,0.818195,59,29,96,0.006256,2.611526
18536,0.818190,59,29,96,0.006255,2.611551
18537,0.818192,59,30,96,0.006255,2.611574
18538,0.818177,59,30,96,0.006254,2.611605
18539,0.818176,59,30,96,0.006254,2.611629
18540,0.818170,59,30,97,0.006254,2.611657
18541,0.818180,59,30,96,0.006254,2.611674
18542,0.818168,59,30,97,0.006254,2.611705
18543,0.818177,59,30,97,0.006254,2.611723
18544,0.818182,59,30,96,0.006254,2.611744
18545,0.818048,59,29,97,0.006265,2.610565
18546,0.818048,59,29,97,0.006265,2.610589
18547,0.818054,59,29,97,0.006265,2.610609
18548,0.818061,59,29,97,0.006265,2.610628
18549,0.818062,59,29,97,0.006264,2.610652
18550,0.818033,59,29,97,0.006264,2.610660
18551,0.818017,59,29,97,0.006263,2.610690
18552,0.817980,59,29,97,0.006263,2.610642
18553,0.817989,59,29,97,0.006263,2.610659
18554,0.817988,59,29,97,0.006263,2.610682
18555,0.817981,59,29,97,0.006262,2.610710
18556,0.817987,59,29,97,0.006262,2.610731
18557,0.817995,59,29,97,0.006263,2.610748
18558,0.818003,59,29,97,0.006263,2.610766
18559,0.817988,59,29,97,0.006263,2.610796
18560,0.817966,59,29,97,0.006262,2.610822
18561,0.817970,59,29,97,0.006262,2.610842
18562,0.817977,59,29,97,0.006262,2.610860
18563,0.817985,59,29,97,0.006263,2.610878
18564,0.817995,59,29,97,0.006263,2.610896
18565,0.818005,59,29,97,0.006264,2.610914
18566,0.818004,59,29,97,0.006264,2.610937
18567,0.818008,59,29,97,0.006264,2.610958
18568,0.818005,59,29,97,0.006263,2.610983
18569,0.818012,59,29,97,0.006264,2.611002
18570,0.818021,59,29,97,0.006264,2.611020
18571,0.818030,59,29,97,0.006265,2.611037
18572,0.818026,59,29,97,0.006264,2.611063
18573,0.818032,59,29,97,0.006264,2.611083
18574,0.818020,59,29,97,0.006264,2.611114
18575,0.818019,59,29,97,0.006263,2.611137
18576,0.818027,59,29,97,0.006264,2.611155
18577,0.818034,59,29,97,0.006264,2.611175
18578,0.818044,59,29,97,0.006265,2.611193
18579,0.818052,59,29,97,0.006265,2.611210
18580,0.818061,59,29,97,0.006266,2.611229
18581,0.818072,59,29,97,0.006267,2.611247
18582,0.818066,59,29,97,0.006267,2.611274
18583,0.818069,59,29,97,0.006266,2.611297
18584,0.818077,59,29,97,0.006267,2.611315
18585,0.818080,59,29,97,0.006267,2.611337
18586,0.818085,59,29,97,0.006267,2.611357
18587,0.818068,59,29,97,0.006266,2.611387
18588,0.818064,59,29,97,0.006266,2.611412
18589,0.818067,59,29,97,0.006266,2.611433
18590,0.818059,59,29,97,0.006265,2.611462
18591,0.818053,59,29,97,0.006265,2.611489
18592,0.818018,59,29,97,0.006264,2.611464
18593,0.818027,59,29,97,0.006264,2.611482
18594,0.818033,59,29,97,0.006264,2.611503
18595,0.818027,59,29,97,0.006264,2.611530
18596,0.818013,59,29,97,0.006263,2.611560
18597,0.818023,59,29,97,0.006265,2.611578
18598,0.818028,59,29,97,0.006265,2.611598
18599,0.818020,59,29,97,0.006264,2.611626
18600,0.818017,59,29,97,0.006264,2.611651
18601,0.818027,59,29,97,0.006265,2.611668
18602,0.818016,59,29,97,0.006264,2.611697
18603,0.818026,59,29,97,0.006265,2.611715
18604,0.818030,59,29,97,0.006265,2.611736
18605,0.818027,59,29,97,0.006265,2.611761
18606,0.818029,59,29,97,0.006264,2.611785
18607,0.818034,59,29,97,0.006264,2.611805
18608,0.818037,59,29,97,0.006264,2.611827
18609,0.818040,59,29,97,0.006264,2.611850
18610,0.818048,59,29,97,0.006265,2.611867
18611,0.818056,59,29,97,0.006265,2.611885
18612,0.818046,59,29,97,0.006264,2.611913
18613,0.818015,59,29,97,0.006264,2.611911
18614,0.818022,59,29,97,0.006264,2.611930
18615,0.818024,59,29,97,0.006264,2.611952
18616,0.818032,59,29,97,0.006264,2.611970
18617,0.818037,59,29,97,0.006264,2.611990
18618,0.818047,59,29,97,0.006265,2.612007
18619,0.818056,59,29,97,0.006266,2.612024
18620,0.818065,59,29,97,0.006266,2.612043
18621,0.818066,59,29,97,0.006266,2.612066
18622,0.817902,59,29,97,0.006266,2.612457
18623,0.817907,59,29,97,0.006266,2.612478
18624,0.817905,59,29,97,0.006266,2.612503
18625,0.817914,59,29,97,0.006266,2.612520
18626,0.817920,59,29,97,0.006266,2.612541
18627,0.817929,59,29,97,0.006267,2.612559
18628,0.817936,59,29,97,0.006267,2.612579
18629,0.817946,59,29,97,0.006268,2.612596
18630,0.817948,59,29,97,0.006268,2.612619
18631,0.817955,59,29,97,0.006268,2.612637
18632,0.817962,59,29,97,0.006268,2.612656
18633,0.817965,59,29,97,0.006268,2.612677
18634,0.817972,59,29,97,0.006268,2.612696
18635,0.817981,59,29,97,0.006269,2.612713
18636,0.817990,59,29,97,0.006269,2.612730
18637,0.817966,59,29,97,0.006269,2.612753
18638,0.818141,59,29,96,0.006277,2.612334
18639,0.818145,59,29,96,0.006277,2.612355
18640,0.818144,59,29,97,0.006276,2.612379
18641,0.818154,59,29,96,0.006278,2.612398
18642,0.817441,59,30,97,0.006255,2.610553
18643,0.817450,59,30,97,0.006255,2.610570
18644,0.817458,59,30,97,0.006256,2.610588
18645,0.817468,59,30,97,0.006257,2.610606
18646,0.817477,59,30,97,0.006257,2.610623
18647,0.817479,59,30,97,0.006257,2.610647
18648,0.817470,59,30,97,0.006256,2.610675
18649,0.817466,59,30,97,0.006256,2.610701
18650,0.817102,59,29,97,0.006258,2.609229
18651,0.817105,59,29,97,0.006258,2.609250
18652,0.817099,60,29,97,0.006257,2.609278
18653,0.817099,60,29,97,0.006257,2.609301
18654,0.817106,60,29,97,0.006257,2.609322
18655,0.817091,60,29,97,0.006257,2.609352
18656,0.817095,60,29,97,0.006256,2.609373
18657,0.817104,60,29,97,0.006257,2.609391
18658,0.817113,60,29,97,0.006258,2.609409
18659,0.817106,60,29,97,0.006257,2.609437
18660,0.817092,60,29,97,0.006256,2.609466
18661,0.817095,60,29,97,0.006256,2.609488
18662,0.817098,60,29,97,0.006256,2.609511
18663,0.817092,60,29,97,0.006256,2.609537
18664,0.817051,60,29,97,0.006255,2.609404
18665,0.817048,60,29,97,0.006254,2.609429
18666,0.817056,60,29,97,0.006255,2.609447
18667,0.817055,60,29,98,0.006255,2.609471
18668,0.817062,60,29,97,0.006255,2.609491
18669,0.817072,60,29,97,0.006256,2.609508
18670,0.817061,60,29,98,0.006255,2.609538
18671,0.817070,60,29,97,0.006256,2.609556
18672,0.817051,60,29,98,0.006255,2.609584
18673,0.817060,60,29,98,0.006256,2.609602
18674,0.817069,60,29,97,0.006256,2.609619
18675,0.817067,60,29,98,0.006256,2.609644
18676,0.817077,60,29,98,0.006257,2.609662
18677,0.817081,60,29,97,0.006256,2.609682
18678,0.817077,60,29,98,0.006256,2.609708
18679,0.817077,60,29,98,0.006256,2.609731
18680,0.817067,60,29,98,0.006255,2.609760
18681,0.817070,60,29,98,0.006255,2.609782
18682,0.817081,60,29,97,0.006256,2.609799
18683,0.817074,60,29,98,0.006256,2.609827
18684,0.817079,60,29,98,0.006256,2.609847
18685,0.817044,60,29,98,0.006255,2.609823
18686,0.817028,60,29,98,0.006254,2.609853
18687,0.817025,60,29,98,0.006254,2.609879
18688,0.817035,60,29,98,0.006255,2.609896
18689,0.817029,60,29,98,0.006254,2.609922
18690,0.817040,60,29,98,0.006256,2.609940
18691,0.817046,60,29,98,0.006256,2.609960
18692,0.817055,60,29,98,0.006256,2.609978
18693,0.817061,60,29,98,0.006256,2.609999
18694,0.817063,60,29,98,0.006256,2.610023
18695,0.817061,60,29,98,0.006256,2.610048
18696,0.817068,60,29,98,0.006256,2.610068
18697,0.817060,60,29,98,0.006255,2.610096
18698,0.817064,60,29,98,0.006255,2.610117
18699,0.817052,60,29,98,0.006255,2.610148
18700,0.817017,60,29,98,0.006254,2.610127
18701,0.817027,60,29,98,0.006255,2.610145
18702,0.817011,60,29,98,0.006255,2.610174
18703,0.817003,60,29,98,0.006254,2.610202
18704,0.816997,60,29,98,0.006253,2.610230
18705,0.817005,60,29,98,0.006254,2.610248
18706,0.817008,60,29,98,0.006254,2.610270
18707,0.816999,60,29,98,0.006253,2.610299
18708,0.817001,60,29,98,0.006253,2.610322
18709,0.817010,60,29,98,0.006253,2.610339
18710,0.817018,60,29,98,0.006254,2.610357
18711,0.816993,60,29,98,0.006253,2.610380
18712,0.817002,60,29,98,0.006253,2.610397
18713,0.817011,60,29,98,0.006254,2.610413
18714,0.816995,60,29,98,0.006254,2.610443
18715,0.816968,60,29,98,0.006253,2.610460
18716,0.816967,60,29,98,0.006253,2.610484
18717,0.816961,60,29,98,0.006252,2.610511
18718,0.816958,60,29,98,0.006252,2.610536
18719,0.816965,60,29,98,0.006252,2.610557
18720,0.816964,60,29,98,0.006252,2.610580
18721,0.816963,60,29,98,0.006251,2.610605
18722,0.816972,60,29,98,0.006252,2.610621
18723,0.816968,60,29,98,0.006252,2.610646
18724,0.816971,60,29,98,0.006251,2.610668
18725,0.816977,60,29,98,0.006251,2.610689
18726,0.816985,60,29,98,0.006252,2.610708
18727,0.816988,60,29,98,0.006252,2.610728
18728,0.815849,60,30,98,0.006181,2.608403
18729,0.815859,60,30,98,0.006182,2.608421
18730,0.815866,60,30,98,0.006182,2.608442
18731,0.815873,60,30,98,0.006183,2.608463
18732,0.815860,60,30,98,0.006182,2.608494
18733,0.815870,60,30,98,0.006183,2.608511
18734,0.815879,60,30,98,0.006183,2.608529
18735,0.815887,60,30,98,0.006184,2.608547
18736,0.815892,60,30,98,0.006184,2.608568
18737,0.815884,60,30,98,0.006183,2.608596
18738,0.815883,60,30,98,0.006183,2.608620
18739,0.815892,60,30,98,0.006183,2.608638
18740,0.815883,60,30,98,0.006183,2.608666
18741,0.815891,60,30,98,0.006183,2.608685
18742,0.815887,60,30,98,0.006183,2.608710
18743,0.815885,60,30,98,0.006182,2.608735
18744,0.815894,60,30,98,0.006183,2.608753
18745,0.815905,60,30,98,0.006184,2.608770
18746,0.815912,60,30,98,0.006184,2.608790
18747,0.815897,60,30,98,0.006184,2.608819
18748,0.815901,60,30,98,0.006184,2.608840
18749,0.815908,60,30,98,0.006184,2.608860
18750,0.815887,60,30,98,0.006183,2.608887
18751,0.815897,60,30,98,0.006184,2.608905
18752,0.815905,60,30,98,0.006184,2.608924
18753,0.815902,60,30,98,0.006184,2.608948
18754,0.815911,60,30,98,0.006184,2.608966
18755,0.815911,60,30,98,0.006184,2.608989
18756,0.815920,60,30,98,0.006185,2.609007
18757,0.815929,60,30,98,0.006185,2.609025
18758,0.815934,60,30,98,0.006185,2.609046
18759,0.815938,60,30,98,0.006185,2.609067
18760,0.815911,60,30,98,0.006184,2.609085
18761,0.815915,60,30,98,0.006184,2.609106
18762,0.815899,60,30,98,0.006183,2.609135
18763,0.815906,60,30,98,0.006184,2.609155
18764,0.815906,60,30,98,0.006183,2.609179
18765,0.815915,60,30,98,0.006184,2.609197
18766,0.815921,60,30,98,0.006184,2.609218
18767,0.815931,60,30,98,0.006184,2.609236
18768,0.815940,60,30,98,0.006185,2.609255
18769,0.815947,60,30,98,0.006185,2.609275
18770,0.815953,60,30,98,0.006185,2.609296
18771,0.815959,60,30,98,0.006185,2.609317
18772,0.815966,60,30,98,0.006185,2.609336
18773,0.815970,60,30,98,0.006185,2.609356
18774,0.815964,60,30,98,0.006185,2.609384
18775,0.815969,60,30,98,0.006185,2.609404
18776,0.815977,60,30,98,0.006185,2.609422
18777,0.815985,60,30,98,0.006185,2.609440
18778,0.815978,60,30,98,0.006185,2.609468
18779,0.815980,60,30,98,0.006185,2.609492
18780,0.815981,60,30,98,0.006184,2.609515
18781,0.815987,60,30,98,0.006184,2.609536
18782,0.815997,60,30,98,0.006185,2.609553
18783,0.816002,60,30,98,0.006185,2.609574
18784,0.815994,60,30,98,0.006185,2.609602
18785,0.815974,60,30,98,0.006184,2.609630
18786,0.815983,60,30,98,0.006184,2.609648
18787,0.815988,60,30,98,0.006184,2.609669
18788,0.815997,60,30,98,0.006185,2.609687
18789,0.815986,60,30,98,0.006184,2.609716
18790,0.815994,60,30,98,0.006185,2.609734
18791,0.815969,60,30,98,0.006184,2.609756
18792,0.815975,60,30,98,0.006184,2.609777
18793,0.815978,60,30,98,0.006184,2.609799
18794,0.815984,60,30,98,0.006184,2.609820
18795,0.815990,60,30,98,0.006184,2.609841
18796,0.815992,60,30,98,0.006184,2.609864
18797,0.815967,60,30,98,0.006183,2.609885
18798,0.815977,60,30,98,0.006184,2.609902
18799,0.815985,60,30,98,0.006184,2.609922
18800,0.815994,60,30,98,0.006185,2.609939
18801,0.815997,60,30,98,0.006185,2.609960
18802,0.815993,60,30,98,0.006184,2.609985
18803,0.816001,60,30,98,0.006185,2.610004
18804,0.815980,60,30,98,0.006184,2.610032
18805,0.815886,60,30,98,0.006195,2.608916
18806,0.815889,60,30,98,0.006195,2.608939
18807,0.815894,60,30,98,0.006195,2.608960
18808,0.815900,60,30,98,0.006195,2.608981
18809,0.815910,60,30,98,0.006196,2.608999
18810,0.815917,60,30,98,0.006196,2.609019
18811,0.815923,60,30,98,0.006196,2.609040
18812,0.815922,60,30,98,0.006196,2.609063
18813,0.815931,60,30,98,0.006196,2.609081
18814,0.815933,60,30,98,0.006196,2.609105
18815,0.815942,60,30,98,0.006196,2.609123
18816,0.815950,60,30,98,0.006197,2.609141
18817,0.815955,60,30,98,0.006197,2.609162
18818,0.815962,60,30,98,0.006197,2.609181
18819,0.815969,60,30,98,0.006197,2.609202
18820,0.815974,60,30,98,0.006197,2.609223
18821,0.815948,60,30,98,0.006196,2.609241
18822,0.815953,60,30,98,0.006196,2.609261
18823,0.815911,60,30,98,0.006196,2.609109
18824,0.815916,60,30,98,0.006195,2.609131
18825,0.815921,60,30,98,0.006195,2.609151
18826,0.815928,60,30,98,0.006196,2.609172
18827,0.815937,60,30,98,0.006196,2.609189
18828,0.815926,60,30,98,0.006196,2.609219
18829,0.815932,60,30,98,0.006196,2.609240
18830,0.815939,60,30,98,0.006196,2.609259
18831,0.815913,60,30,98,0.006195,2.609279
18832,0.815922,60,30,98,0.006196,2.609297
18833,0.815931,60,30,98,0.006196,2.609315
18834,0.815936,60,30,98,0.006196,2.609336
18835,0.815940,60,30,98,0.006196,2.609356
18836,0.815941,60,30,98,0.006196,2.609380
18837,0.815930,60,30,98,0.006195,2.609409
18838,0.815907,60,30,98,0.006194,2.609435
18839,0.815914,60,30,98,0.006194,2.609455
18840,0.815919,60,30,98,0.006194,2.609476
18841,0.815916,60,30,98,0.006194,2.609501
18842,0.815904,60,30,98,0.006193,2.609530
18843,0.815912,60,30,98,0.006194,2.609549
18844,0.815922,60,30,98,0.006194,2.609567
18845,0.815930,60,30,98,0.006195,2.609585
18846,0.815939,60,30,98,0.006195,2.609603
18847,0.815949,60,30,98,0.006196,2.609622
18848,0.815953,60,30,98,0.006196,2.609642
18849,0.814559,61,31,99,0.006087,2.606980
18850,0.814557,61,31,99,0.006087,2.607004
18851,0.814566,61,31,99,0.006088,2.607022
18852,0.814559,61,31,99,0.006087,2.607050
18853,0.814550,61,31,99,0.006087,2.607078
18854,0.814533,61,31,99,0.006086,2.607107
18855,0.814535,61,31,99,0.006086,2.607131
18856,0.814522,61,31,99,0.006085,2.607162
18857,0.814094,61,31,100,0.006083,2.605632
18858,0.814103,61,31,100,0.006083,2.605650
18859,0.814111,61,31,100,0.006084,2.605669
18860,0.814120,61,31,100,0.006084,2.605687
18861,0.814122,61,31,100,0.006084,2.605710
18862,0.814131,61,31,100,0.006085,2.605728
18863,0.814136,61,31,100,0.006084,2.605749
18864,0.814144,61,31,100,0.006085,2.605768
18865,0.814150,61,31,100,0.006085,2.605789
18866,0.814158,61,31,100,0.006085,2.605808
18867,0.814158,61,31,100,0.006085,2.605832
18868,0.814161,61,31,100,0.006085,2.605855
18869,0.814166,61,31,100,0.006085,2.605876
18870,0.814174,61,31,100,0.006085,2.605896
18871,0.814172,61,31,100,0.006084,2.605920
18872,0.814182,61,31,100,0.006085,2.605939
18873,0.814188,61,31,100,0.006085,2.605960
18874,0.814196,61,31,100,0.006085,2.605978
18875,0.814207,61,31,100,0.006087,2.605995
18876,0.814196,61,31,100,0.006086,2.606024
18877,0.814200,61,31,100,0.006086,2.606046
18878,0.814201,61,31,100,0.006086,2.606069
18879,0.814207,61,31,100,0.006086,2.606090
18880,0.814210,61,31,100,0.006086,2.606114
18881,0.814212,61,31,100,0.006086,2.606137
18882,0.814212,61,31,100,0.006085,2.606161
18883,0.814222,61,31,100,0.006086,2.606180
18884,0.814232,61,31,99,0.006087,2.606199
18885,0.814239,61,31,99,0.006087,2.606219
18886,0.814248,61,31,99,0.006087,2.606237
18887,0.814248,61,31,99,0.006087,2.606261
18888,0.814221,61,31,99,0.006086,2.606277
18889,0.814216,61,31,100,0.006086,2.606303
18890,0.814203,61,31,100,0.006085,2.606334
18891,0.814206,61,31,100,0.006085,2.606356
18892,0.814174,61,31,100,0.006085,2.606355
18893,0.814176,61,31,100,0.006084,2.606379
18894,0.814184,61,31,100,0.006085,2.606397
18895,0.814194,61,31,100,0.006085,2.606417
18896,0.814176,61,31,100,0.006085,2.606446
18897,0.814173,61,31,100,0.006084,2.606470
18898,0.814183,61,31,100,0.006085,2.606490
18899,0.814194,61,31,100,0.006086,2.606508
18900,0.814195,61,31,100,0.006086,2.606532
18901,0.814200,61,31,100,0.006086,2.606553
18902,0.814197,61,31,100,0.006085,2.606578
18903,0.814202,61,31,100,0.006085,2.606600
18904,0.814213,61,31,100,0.006086,2.606619
18905,0.814214,61,31,99,0.006086,2.606643
18906,0.814217,61,31,99,0.006086,2.606666
18907,0.814226,61,31,99,0.006086,2.606684
18908,0.814236,61,31,99,0.006088,2.606702
18909,0.814243,61,31,99,0.006088,2.606723
18910,0.814251,61,31,99,0.006088,2.606741
18911,0.814238,61,31,99,0.006088,2.606772
18912,0.814245,61,31,99,0.006088,2.606792
18913,0.814254,61,31,99,0.006088,2.606811
18914,0.814254,61,31,99,0.006088,2.606834
18915,0.814264,61,31,99,0.006089,2.606853
18916,0.814268,61,31,99,0.006089,2.606874
18917,0.814270,61,31,99,0.006088,2.606897
18918,0.814278,61,31,99,0.006089,2.606916
18919,0.814272,61,31,99,0.006088,2.606943
18920,0.814282,61,31,99,0.006090,2.606960
18921,0.814269,61,31,99,0.006089,2.606990
18922,0.814267,61,31,99,0.006089,2.607014
18923,0.814278,61,31,99,0.006090,2.607033
18924,0.814285,61,31,99,0.006090,2.607053
18925,0.814290,61,31,99,0.006090,2.607074
18926,0.814290,61,31,99,0.006090,2.607097
18927,0.814294,61,31,99,0.006090,2.607119
18928,0.814304,61,31,99,0.006091,2.607138
18929,0.814294,61,31,99,0.006090,2.607166
18930,0.814298,61,31,99,0.006090,2.607189
18931,0.814299,61,31,99,0.006090,2.607212
18932,0.814307,61,31,99,0.006090,2.607231
18933,0.814314,61,31,99,0.006090,2.607251
18934,0.814324,61,31,99,0.006091,2.607269
18935,0.814335,61,31,99,0.006093,2.607287
18936,0.814346,61,31,99,0.006094,2.607305
18937,0.814352,61,31,99,0.006094,2.607326
18938,0.814360,61,31,99,0.006095,2.607344
18939,0.814335,61,31,99,0.006094,2.607365
18940,0.814344,61,31,99,0.006095,2.607383
18941,0.814383,61,31,99,0.006107,2.606484
18942,0.814391,61,31,99,0.006107,2.606503
18943,0.814398,61,31,99,0.006107,2.606523
18944,0.814379,61,31,99,0.006107,2.606552
18945,0.814367,61,31,99,0.006106,2.606583
18946,0.814376,61,31,99,0.006107,2.606602
18947,0.814385,61,31,99,0.006107,2.606620
18948,0.814056,61,30,100,0.006111,2.605203
18949,0.814065,61,30,100,0.006111,2.605221
18950,0.814046,61,30,100,0.006110,2.605249
18951,0.814053,61,30,100,0.006110,2.605270
18952,0.814063,61,30,100,0.006111,2.605289
18953,0.814069,61,30,100,0.006111,2.605310
18954,0.814061,61,30,100,0.006111,2.605337
18955,0.814065,61,30,100,0.006111,2.605358
18956,0.814075,61,30,100,0.006112,2.605378
18957,0.814085,61,30,100,0.006112,2.605396
18958,0.814091,61,30,100,0.006112,2.605417
18959,0.814098,61,30,100,0.006112,2.605438
18960,0.814106,61,30,100,0.006113,2.605456
18961,0.814114,61,30,100,0.006113,2.605475
18962,0.814112,61,30,100,0.006112,2.605500
18963,0.814119,61,30,100,0.006113,2.605521
18964,0.814098,61,30,100,0.006112,2.605548
18965,0.814102,61,30,100,0.006112,2.605569
18966,0.814112,61,30,100,0.006112,2.605587
18967,0.814097,61,30,100,0.006112,2.605616
18968,0.814081,61,30,100,0.006111,2.605646
18969,0.814091,61,30,100,0.006112,2.605663
18970,0.814090,61,30,100,0.006112,2.605688
18971,0.814098,61,30,100,0.006112,2.605709
18972,0.814102,61,30,100,0.006112,2.605729
18973,0.814111,61,30,100,0.006112,2.605748
18974,0.814120,61,30,100,0.006113,2.605766
18975,0.814130,61,30,100,0.006114,2.605785
18976,0.814133,61,30,100,0.006113,2.605808
18977,0.814129,61,30,100,0.006113,2.605833
18978,0.814080,61,30,100,0.006112,2.605184
18979,0.814067,61,30,100,0.006112,2.605215
18980,0.814035,61,30,100,0.006111,2.605214
18981,0.814040,61,30,100,0.006111,2.605234
18982,0.814031,61,30,100,0.006110,2.605262
18983,0.814035,61,30,100,0.006110,2.605284
18984,0.814045,61,30,100,0.006111,2.605302
18985,0.814053,61,30,100,0.006111,2.605320
18986,0.814045,61,30,100,0.006111,2.605348
18987,0.814050,61,30,100,0.006111,2.605369
18988,0.814057,61,30,100,0.006111,2.605390
18989,0.814053,61,30,100,0.006110,2.605415
18990,0.814060,61,30,100,0.006110,2.605436
18991,0.814070,61,30,100,0.006111,2.605455
18992,0.814071,61,30,100,0.006111,2.605479
18993,0.814081,61,30,100,0.006112,2.605496
18994,0.814091,61,30,100,0.006113,2.605514
18995,0.814095,61,30,100,0.006113,2.605534
18996,0.814103,61,30,100,0.006113,2.605553
18997,0.814109,61,30,100,0.006113,2.605574
18998,0.814087,61,30,100,0.006113,2.605599
18999,0.814089,61,30,100,0.006112,2.605622
19000,0.814084,61,30,100,0.006112,2.605649
19001,0.814071,61,30,100,0.006111,2.605680
19002,0.814054,61,30,100,0.006111,2.605709
19003,0.814061,61,30,100,0.006111,2.605730
19004,0.814063,61,30,100,0.006110,2.605753
19005,0.814057,61,30,100,0.006110,2.605780
19006,0.814045,61,30,100,0.006109,2.605811
19007,0.814019,61,30,100,0.006109,2.605830
19008,0.814027,61,30,100,0.006109,2.605850
19009,0.814037,61,30,100,0.006110,2.605867
19010,0.814019,61,30,100,0.006109,2.605896
19011,0.814024,61,30,100,0.006109,2.605917
19012,0.814035,61,30,100,0.006111,2.605935
19013,0.814008,61,30,100,0.006110,2.605953
19014,0.813984,61,30,100,0.006109,2.605976
19015,0.813986,61,30,100,0.006109,2.606000
19016,0.813994,61,30,100,0.006109,2.606018
19017,0.813999,61,30,100,0.006109,2.606039
19018,0.814005,61,30,100,0.006109,2.606061
19019,0.814004,61,30,100,0.006109,2.606084
19020,0.813979,61,30,100,0.006108,2.606103
19021,0.813989,61,30,100,0.006110,2.606121
19022,0.813992,61,30,100,0.006110,2.606145
19023,0.814001,61,30,100,0.006110,2.606163
19024,0.814009,61,30,100,0.006111,2.606183
19025,0.814010,61,30,100,0.006110,2.606206
19026,0.814019,61,30,100,0.006111,2.606224
19027,0.814019,61,30,100,0.006110,2.606247
19028,0.814018,61,30,100,0.006110,2.606271
19029,0.814016,61,30,100,0.006110,2.606295
19030,0.814023,61,30,100,0.006110,2.606316
19031,0.814033,61,30,100,0.006111,2.606334
19032,0.814039,61,30,100,0.006111,2.606355
19033,0.814048,61,30,100,0.006111,2.606373
19034,0.814043,61,30,100,0.006111,2.606399
19035,0.814038,61,30,100,0.006110,2.606425
19036,0.814048,61,30,100,0.006111,2.606444
19037,0.814056,61,30,100,0.006111,2.606462
19038,0.814043,61,30,100,0.006111,2.606492
19039,0.814052,61,30,100,0.006111,2.606510
19040,0.814056,61,30,100,0.006111,2.606532
19041,0.814044,61,30,100,0.006111,2.606562
19042,0.814045,61,30,100,0.006111,2.606585
19043,0.814034,61,30,100,0.006110,2.606614
19044,0.814041,61,30,100,0.006110,2.606635
19045,0.814032,61,30,100,0.006110,2.606662
19046,0.814042,61,30,100,0.006110,2.606680
19047,0.813992,61,30,100,0.006109,2.605989
19048,0.813999,61,30,100,0.006110,2.606008
19049,0.814007,61,30,100,0.006110,2.606029
19050,0.814016,61,30,100,0.006110,2.606047
19051,0.814015,61,30,100,0.006110,2.606070
19052,0.814012,61,30,100,0.006110,2.606095
19053,0.814001,61,30,100,0.006109,2.606124
19054,0.813987,61,30,100,0.006108,2.606154
19055,0.813994,61,30,100,0.006109,2.606174
19056,0.813967,61,30,100,0.006108,2.606191
19057,0.813957,61,30,100,0.006107,2.606219
19058,0.813956,61,30,100,0.006107,2.606244
19059,0.813960,61,30,100,0.006107,2.606265
19060,0.813958,61,30,100,0.006107,2.606290
19061,0.813966,61,30,100,0.006107,2.606309
19062,0.813966,61,30,100,0.006106,2.606332
19063,0.813975,61,30,100,0.006107,2.606350
19064,0.813943,61,30,100,0.006106,2.606345
19065,0.813931,61,30,100,0.006106,2.606375
19066,0.813934,61,30,100,0.006106,2.606398
19067,0.813942,61,30,100,0.006106,2.606418
19068,0.813944,61,30,100,0.006106,2.606441
19069,0.813932,61,30,100,0.006105,2.606470
19070,0.813941,61,30,100,0.006105,2.606488
19071,0.813948,61,30,100,0.006106,2.606509
19072,0.813932,61,30,100,0.006105,2.606539
19073,0.813938,61,30,100,0.006105,2.606560
19074,0.813948,61,30,100,0.006106,2.606577
19075,0.813958,61,30,100,0.006107,2.606595
19076,0.813968,61,30,100,0.006107,2.606614
19077,0.813932,61,30,100,0.006107,2.606587
19078,0.813940,61,30,100,0.006107,2.606606
19079,0.813904,61,30,100,0.006106,2.606576
19080,0.813903,61,30,100,0.006106,2.606601
19081,0.813900,61,30,100,0.006106,2.606626
19082,0.813903,61,30,100,0.006105,2.606647
19083,0.813868,61,30,100,0.006105,2.606621
19084,0.813878,61,30,100,0.006106,2.606639
19085,0.813878,61,30,100,0.006105,2.606662
19086,0.813884,61,30,100,0.006105,2.606683
19087,0.813960,61,30,99,0.006118,2.605858
19088,0.813966,61,30,99,0.006118,2.605880
19089,0.813969,61,30,99,0.006118,2.605902
19090,0.813979,61,30,99,0.006118,2.605921
19091,0.813984,61,30,99,0.006118,2.605942
19092,0.813976,61,30,99,0.006118,2.605969
19093,0.813973,61,30,99,0.006117,2.605994
19094,0.813977,61,30,99,0.006117,2.606015
19095,0.813974,61,30,99,0.006117,2.606040
19096,0.813979,61,30,99,0.006117,2.606061
19097,0.813990,61,30,99,0.006118,2.606081
19098,0.813989,61,30,99,0.006117,2.606104
19099,0.813996,61,30,99,0.006117,2.606125
19100,0.814002,61,30,99,0.006117,2.606146
19101,0.814012,61,30,99,0.006118,2.606164
19102,0.814016,61,30,99,0.006118,2.606185
19103,0.814023,61,30,99,0.006118,2.606206
19104,0.814031,61,30,99,0.006118,2.606224
19105,0.814006,61,30,99,0.006118,2.606244
19106,0.814010,61,30,99,0.006118,2.606264
19107,0.814020,61,30,99,0.006118,2.606284
19108,0.814023,61,30,99,0.006118,2.606307
19109,0.814026,61,30,99,0.006118,2.606330
19110,0.814005,61,30,99,0.006117,2.606357
19111,0.813989,61,30,99,0.006117,2.606386
19112,0.813990,61,30,99,0.006116,2.606410
19113,0.813979,61,30,99,0.006116,2.606439
19114,0.813988,61,30,99,0.006116,2.606457
19115,0.813993,61,30,99,0.006116,2.606478
19116,0.813984,61,30,99,0.006116,2.606506
19117,0.813973,61,30,99,0.006115,2.606535
19118,0.813961,61,30,99,0.006115,2.606564
19119,0.813970,61,30,99,0.006115,2.606582
19120,0.814139,60,30,99,0.006125,2.606047
19121,0.814122,60,30,99,0.006124,2.606076
19122,0.814126,60,30,99,0.006124,2.606096
19123,0.814132,60,30,99,0.006124,2.606118
19124,0.814140,60,30,99,0.006125,2.606136
19125,0.814149,60,30,99,0.006125,2.606153
19126,0.814152,60,30,99,0.006125,2.606176
19127,0.814134,60,30,99,0.006124,2.606204
19128,0.814145,60,30,99,0.006125,2.606224
19129,0.814151,60,30,99,0.006125,2.606244
19130,0.814129,60,30,99,0.006125,2.606271
19131,0.814136,60,30,99,0.006125,2.606292
19132,0.814146,60,30,99,0.006126,2.606310
19133,0.814155,60,30,99,0.006126,2.606328
19134,0.814165,60,30,99,0.006127,2.606346
19135,0.814165,60,30,99,0.006127,2.606369
19136,0.814171,60,30,99,0.006127,2.606390
19137,0.814180,60,30,99,0.006127,2.606408
19138,0.814190,60,30,99,0.006128,2.606427
19139,0.814199,60,30,99,0.006129,2.606444
19140,0.814204,60,30,99,0.006128,2.606465
19141,0.814188,60,30,99,0.006128,2.606494
19142,0.814179,60,30,99,0.006127,2.606522
19143,0.814181,60,30,99,0.006127,2.606546
19144,0.814189,60,30,99,0.006127,2.606564
19145,0.814190,60,30,99,0.006127,2.606588
19146,0.814187,60,30,99,0.006127,2.606613
19147,0.814189,60,30,99,0.006127,2.606636
19148,0.814190,60,30,99,0.006126,2.606660
19149,0.814192,60,30,99,0.006126,2.606684
19150,0.814197,60,30,99,0.006126,2.606704
19151,0.814206,60,30,99,0.006127,2.606723
19152,0.814214,60,30,99,0.006127,2.606742
19153,0.814290,60,30,99,0.006139,2.605915
19154,0.814300,60,30,99,0.006140,2.605933
19155,0.814305,60,30,99,0.006140,2.605954
19156,0.814304,60,30,99,0.006140,2.605979
19157,0.814303,60,30,99,0.006139,2.606004
19158,0.814313,60,30,99,0.006141,2.606021
19159,0.814312,60,30,99,0.006141,2.606045
19160,0.814322,60,30,99,0.006141,2.606064
19161,0.814316,60,30,99,0.006141,2.606092
19162,0.814324,60,30,99,0.006141,2.606110
19163,0.814324,60,30,99,0.006141,2.606134
19164,0.814333,60,30,99,0.006141,2.606152
19165,0.814340,60,30,99,0.006141,2.606173
19166,0.814338,60,30,99,0.006141,2.606198
19167,0.814349,60,30,99,0.006142,2.606217
19168,0.814347,60,30,99,0.006141,2.606242
19169,0.814354,60,30,99,0.006142,2.606263
19170,0.814351,60,30,99,0.006141,2.606288
19171,0.814357,60,30,99,0.006141,2.606309
19172,0.814353,60,30,99,0.006141,2.606335
19173,0.814359,60,30,99,0.006141,2.606356
19174,0.814369,60,30,99,0.006142,2.606374
19175,0.814371,60,30,99,0.006141,2.606397
19176,0.814380,60,30,99,0.006142,2.606415
19177,0.814382,60,30,99,0.006142,2.606438
19178,0.814391,60,30,99,0.006142,2.606456
19179,0.814388,60,30,99,0.006142,2.606481
19180,0.814390,60,30,99,0.006141,2.606505
19181,0.814381,60,30,99,0.006141,2.606533
19182,0.814371,60,30,99,0.006140,2.606561
19183,0.814377,60,30,99,0.006140,2.606581
19184,0.814365,60,30,99,0.006140,2.606611
19185,0.814365,60,30,99,0.006140,2.606634
19186,0.814363,60,30,99,0.006139,2.606659
19187,0.814372,60,30,99,0.006140,2.606677
19188,0.814375,60,30,99,0.006140,2.606699
19189,0.814376,60,30,99,0.006139,2.606723
19190,0.814367,60,30,99,0.006139,2.606751
19191,0.814345,60,30,99,0.006138,2.606776
19192,0.814337,60,30,99,0.006138,2.606804
19193,0.814343,60,30,99,0.006138,2.606825
19194,0.814344,60,30,99,0.006137,2.606848
19195,0.814354,60,30,99,0.006138,2.606866
19196,0.814352,60,30,99,0.006138,2.606891
19197,0.814347,60,30,99,0.006137,2.606918
19198,0.814348,60,30,99,0.006137,2.606942
19199,0.814350,60,30,99,0.006137,2.606965
19200,0.814339,60,30,99,0.006136,2.606994
19201,0.814341,60,30,99,0.006136,2.607018
19202,0.814346,60,30,99,0.006136,2.607039
19203,0.814344,60,30,99,0.006135,2.607063
19204,0.814334,60,30,99,0.006135,2.607091
19205,0.814312,60,30,99,0.006134,2.607116
19206,0.814313,60,30,99,0.006134,2.607139
19207,0.814318,60,30,99,0.006134,2.607160
19208,0.814321,60,30,99,0.006134,2.607183
19209,0.814313,60,30,99,0.006133,2.607211
19210,0.814298,60,30,99,0.006133,2.607240
19211,0.814302,60,30,99,0.006132,2.607261
19212,0.814306,60,30,99,0.006132,2.607282
19213,0.814312,60,30,99,0.006132,2.607303
19214,0.814317,60,30,99,0.006132,2.607323
19215,0.814310,60,30,99,0.006132,2.607351
19216,0.814321,60,30,99,0.006133,2.607368
19217,0.814331,60,30,99,0.006134,2.607386
19218,0.814341,60,30,99,0.006135,2.607405
19219,0.814352,60,30,99,0.006137,2.607422
19220,0.814343,60,30,99,0.006136,2.607450
19221,0.814353,60,30,99,0.006138,2.607468
19222,0.814362,60,30,99,0.006138,2.607486
19223,0.814370,60,30,99,0.006139,2.607503
19224,0.814365,60,30,99,0.006138,2.607530
19225,0.814376,60,30,99,0.006139,2.607547
19226,0.814386,60,30,99,0.006141,2.607564
19227,0.814385,60,30,99,0.006141,2.607589
19228,0.814395,60,30,99,0.006141,2.607607
19229,0.814392,60,30,99,0.006141,2.607632
19230,0.814364,60,30,99,0.006140,2.607647
19231,0.814358,60,30,99,0.006140,2.607675
19232,0.814344,60,30,99,0.006139,2.607704
19233,0.814347,60,30,99,0.006139,2.607727
19234,0.814350,60,30,99,0.006139,2.607750
19235,0.814356,60,30,99,0.006139,2.607771
19236,0.814351,60,30,99,0.006139,2.607798
19237,0.814359,60,30,99,0.006139,2.607818
19238,0.814369,60,30,99,0.006140,2.607836
19239,0.814379,60,30,99,0.006141,2.607854
19240,0.814386,60,30,99,0.006141,2.607875
19241,0.814390,60,30,99,0.006141,2.607895
19242,0.814399,60,30,99,0.006142,2.607913
19243,0.814400,60,30,99,0.006141,2.607936
19244,0.814407,60,30,99,0.006141,2.607957
19245,0.814417,60,30,99,0.006142,2.607976
19246,0.814425,60,30,99,0.006143,2.607994
19247,0.814426,60,30,99,0.006142,2.608017
19248,0.814435,60,30,99,0.006143,2.608034
19249,0.814433,60,30,99,0.006142,2.608059
19250,0.814440,60,30,99,0.006143,2.608080
19251,0.814425,60,30,99,0.006142,2.608109
19252,0.814426,60,30,99,0.006142,2.608132
19253,0.814421,60,30,99,0.006141,2.608159
19254,0.814415,60,30,99,0.006141,2.608187
19255,0.814424,60,30,99,0.006141,2.608205
19256,0.814433,60,30,99,0.006142,2.608223
19257,0.814441,60,30,99,0.006142,2.608243
19258,0.814445,60,30,99,0.006142,2.608263
19259,0.814448,60,30,99,0.006142,2.608286
19260,0.814426,60,30,99,0.006141,2.608311
19261,0.814407,60,30,99,0.006141,2.608339
19262,0.814411,60,30,99,0.006140,2.608361
19263,0.814415,60,30,99,0.006140,2.608383
19264,0.814420,60,30,99,0.006140,2.608404
19265,0.814430,60,30,99,0.006141,2.608422
19266,0.814434,60,30,99,0.006141,2.608443
19267,0.814408,60,30,99,0.006140,2.608462
19268,0.814415,60,30,99,0.006140,2.608483
19269,0.814418,60,30,99,0.006140,2.608506
19270,0.814422,60,30,99,0.006140,2.608526
19271,0.814424,60,30,99,0.006140,2.608549
19272,0.814435,60,30,99,0.006141,2.608569
19273,0.814424,60,30,99,0.006140,2.608597
19274,0.814426,60,30,99,0.006140,2.608621
19275,0.814595,60,30,99,0.006146,2.608354
19276,0.814605,60,30,99,0.006146,2.608373
19277,0.814609,60,30,99,0.006146,2.608394
19278,0.814603,60,30,99,0.006146,2.608421
19279,0.814600,60,30,99,0.006145,2.608446
19280,0.814607,60,30,99,0.006145,2.608467
19281,0.814616,60,30,99,0.006146,2.608485
19282,0.814624,60,30,99,0.006146,2.608503
19283,0.814600,60,30,99,0.006146,2.608526
19284,0.814610,60,30,99,0.006146,2.608545
19285,0.814614,60,30,99,0.006146,2.608566
19286,0.814621,60,30,99,0.006146,2.608586
19287,0.814621,60,30,99,0.006146,2.608610
19288,0.814611,60,30,99,0.006145,2.608638
19289,0.814617,60,30,99,0.006145,2.608659
19290,0.814619,60,30,99,0.006145,2.608682
19291,0.814606,60,30,99,0.006145,2.608712
19292,0.814612,60,30,99,0.006145,2.608733
19293,0.814619,60,30,99,0.006145,2.608753
19294,0.814605,60,30,99,0.006144,2.608782
19295,0.814612,60,30,99,0.006144,2.608802
19296,0.814595,60,30,99,0.006144,2.608830
19297,0.814598,60,30,99,0.006144,2.608851
19298,0.814580,60,30,99,0.006143,2.608879
19299,0.814572,60,30,99,0.006143,2.608907
19300,0.814562,60,30,99,0.006142,2.608935
19301,0.814560,60,30,99,0.006142,2.608960
19302,0.814559,60,30,99,0.006141,2.608985
19303,0.814565,60,30,99,0.006141,2.609005
19304,0.814569,60,30,99,0.006141,2.609026
19305,0.814578,60,30,99,0.006142,2.609044
19306,0.814588,60,30,99,0.006142,2.609061
19307,0.814587,60,30,99,0.006142,2.609085
19308,0.814583,60,30,99,0.006142,2.609112
19309,0.814570,60,30,99,0.006141,2.609142
19310,0.814557,60,30,99,0.006141,2.609172
19311,0.814540,60,30,99,0.006140,2.609201
19312,0.814539,60,30,99,0.006140,2.609226
19313,0.814541,60,30,99,0.006139,2.609249
19314,0.814536,60,30,99,0.006139,2.609275
19315,0.814518,60,30,99,0.006138,2.609303
19316,0.814528,60,30,99,0.006139,2.609320
19317,0.814538,60,30,99,0.006140,2.609337
19318,0.814530,60,30,99,0.006140,2.609364
19319,0.814538,60,30,99,0.006140,2.609382
19320,0.814549,60,30,99,0.006141,2.609401
19321,0.814537,60,30,99,0.006141,2.609430
19322,0.814542,60,30,99,0.006141,2.609451
19323,0.814533,60,30,99,0.006140,2.609478
19324,0.814543,60,30,99,0.006141,2.609496
19325,0.814528,60,30,99,0.006140,2.609526
19326,0.814539,60,30,99,0.006142,2.609544
19327,0.814542,60,30,99,0.006141,2.609566
19328,0.814552,60,30,99,0.006142,2.609586
19329,0.814563,60,30,99,0.006144,2.609602
19330,0.814568,60,30,99,0.006144,2.609623
19331,0.814576,60,30,99,0.006144,2.609641
19332,0.814582,60,30,99,0.006144,2.609661
19333,0.814565,60,30,99,0.006144,2.609690
19334,0.814573,60,30,99,0.006144,2.609708
19335,0.814579,60,30,99,0.006144,2.609729
19336,0.814585,60,30,99,0.006144,2.609750
19337,0.814594,60,30,99,0.006144,2.609767
19338,0.814565,60,30,99,0.006144,2.609777
19339,0.814570,60,30,99,0.006144,2.609797
19340,0.814564,60,30,99,0.006143,2.609825
19341,0.814572,60,30,99,0.006144,2.609843
19342,0.814550,60,30,99,0.006143,2.609867
19343,0.814549,60,30,99,0.006143,2.609891
19344,0.814550,60,30,99,0.006142,2.609914
19345,0.814552,60,30,99,0.006142,2.609937
19346,0.814542,60,30,99,0.006142,2.609965
19347,0.814547,60,30,99,0.006142,2.609986
19348,0.814528,60,30,99,0.006141,2.610014
19349,0.814539,60,30,99,0.006143,2.610032
19350,0.814545,60,30,99,0.006143,2.610052
19351,0.814520,60,30,99,0.006142,2.610074
19352,0.814510,60,30,99,0.006141,2.610102
19353,0.814498,60,30,99,0.006141,2.610131
19354,0.814501,60,30,99,0.006141,2.610154
19355,0.814470,60,30,99,0.006140,2.610153
19356,0.814479,60,30,99,0.006141,2.610171
19357,0.814473,60,30,99,0.006140,2.610198
19358,0.814478,60,30,99,0.006140,2.610219
19359,0.814485,60,30,99,0.006140,2.610239
19360,0.814488,60,30,99,0.006140,2.610262
19361,0.814498,60,30,99,0.006141,2.610281
19362,0.814501,60,30,99,0.006141,2.610304
19363,0.814503,60,30,99,0.006140,2.610327
19364,0.814476,60,30,99,0.006140,2.610343
19365,0.814463,60,30,99,0.006139,2.610373
19366,0.814472,60,30,99,0.006140,2.610391
19367,0.814481,60,30,99,0.006140,2.610408
19368,0.814484,60,30,99,0.006140,2.610430
19369,0.814469,60,30,99,0.006140,2.610459
19370,0.814474,60,30,99,0.006140,2.610480
19371,0.814482,60,30,99,0.006140,2.610499
19372,0.814483,60,30,99,0.006139,2.610522
19373,0.814490,60,30,99,0.006140,2.610543
19374,0.814490,60,30,99,0.006139,2.610567
19375,0.814500,60,30,99,0.006140,2.610585
19376,0.814508,60,30,99,0.006140,2.610603
19377,0.814493,60,30,99,0.006140,2.610632
19378,0.814502,60,30,99,0.006140,2.610650
19379,0.814499,60,30,99,0.006140,2.610675
19380,0.814510,60,30,99,0.006141,2.610691
19381,0.814509,60,30,99,0.006141,2.610715
19382,0.814513,60,30,99,0.006141,2.610735
19383,0.814499,60,30,99,0.006140,2.610765
19384,0.814495,60,30,99,0.006140,2.610790
19385,0.814490,60,30,99,0.006140,2.610817
19386,0.814456,60,30,99,0.006139,2.610798
19387,0.814461,60,30,99,0.006139,2.610818
19388,0.814462,60,30,99,0.006139,2.610842
19389,0.814467,60,30,99,0.006139,2.610862
19390,0.814468,60,30,99,0.006138,2.610886
19391,0.814465,60,30,99,0.006138,2.610911
19392,0.814468,60,30,99,0.006138,2.610933
19393,0.814478,60,30,99,0.006139,2.610952
19394,0.814479,60,30,99,0.006138,2.610976
19395,0.814477,60,30,99,0.006138,2.611001
19396,0.814485,60,30,99,0.006138,2.611018
19397,0.814494,60,30,99,0.006139,2.611036
19398,0.814502,60,30,99,0.006139,2.611054
19399,0.814510,60,30,99,0.006139,2.611074
19400,0.814510,60,30,99,0.006139,2.611098
19401,0.814518,60,30,99,0.006139,2.611116
19402,0.814520,60,30,99,0.006139,2.611139
19403,0.814528,60,30,99,0.006140,2.611157
19404,0.814505,60,30,99,0.006139,2.611179
19405,0.814501,60,30,99,0.006139,2.611204
19406,0.814507,60,30,99,0.006139,2.611225
19407,0.814495,60,30,99,0.006138,2.611255
19408,0.814504,60,30,99,0.006139,2.611272
19409,0.814507,60,30,99,0.006138,2.611295
19410,0.814513,60,30,99,0.006138,2.611315
19411,0.814522,60,30,99,0.006139,2.611333
19412,0.814509,60,30,99,0.006138,2.611363
19413,0.814510,60,30,99,0.006138,2.611386
19414,0.814509,60,30,99,0.006138,2.611410
19415,0.814511,60,30,99,0.006137,2.611433
19416,0.814514,60,30,99,0.006137,2.611455
19417,0.814521,60,30,99,0.006137,2.611476
19418,0.814519,60,30,99,0.006137,2.611500
19419,0.814529,60,30,99,0.006138,2.611518
19420,0.814531,60,30,99,0.006138,2.611541
19421,0.814490,60,30,99,0.006137,2.611430
19422,0.814493,60,30,99,0.006137,2.611453
19423,0.814499,60,30,99,0.006137,2.611474
19424,0.814498,60,30,99,0.006136,2.611497
19425,0.814497,60,30,99,0.006136,2.611521
19426,0.814497,60,30,99,0.006136,2.611545
19427,0.814505,60,30,99,0.006136,2.611562
19428,0.814516,60,30,99,0.006138,2.611580
19429,0.814524,60,30,99,0.006138,2.611598
19430,0.814534,60,30,99,0.006139,2.611617
19431,0.814502,60,30,99,0.006138,2.611612
19432,0.814513,60,30,99,0.006139,2.611630
19433,0.814517,60,30,99,0.006139,2.611651
19434,0.814493,60,30,99,0.006139,2.611673
19435,0.814504,60,30,99,0.006140,2.611690
19436,0.814491,60,30,99,0.006140,2.611720
19437,0.814483,60,30,99,0.006139,2.611747
19438,0.814486,60,30,99,0.006139,2.611770
19439,0.814494,60,30,99,0.006139,2.611788
19440,0.814503,60,30,99,0.006140,2.611806
19441,0.814497,60,30,99,0.006139,2.611833
19442,0.814484,60,30,99,0.006139,2.611862
19443,0.814494,60,30,99,0.006139,2.611880
19444,0.814502,60,30,99,0.006140,2.611898
19445,0.814483,60,30,99,0.006139,2.611925
19446,0.814492,60,30,99,0.006140,2.611943
19447,0.814480,60,30,99,0.006139,2.611972
19448,0.814490,60,30,99,0.006140,2.611991
19449,0.814497,60,30,99,0.006140,2.612010
19450,0.814508,60,30,99,0.006142,2.612027
19451,0.814466,60,30,99,0.006141,2.611883
19452,0.814476,60,30,99,0.006142,2.611900
19453,0.814486,60,30,99,0.006143,2.611918
19454,0.814492,60,30,99,0.006143,2.611938
19455,0.814502,60,30,99,0.006144,2.611957
19456,0.814509,60,30,99,0.006144,2.611977
19457,0.814485,60,30,99,0.006143,2.611999
19458,0.814496,60,30,99,0.006145,2.612016
19459,0.814492,60,30,99,0.006144,2.612041
19460,0.814486,60,30,99,0.006144,2.612068
19461,0.814495,60,30,99,0.006145,2.612085
19462,0.814501,60,30,99,0.006145,2.612106
19463,0.814512,60,30,99,0.006146,2.612123
19464,0.814520,60,30,99,0.006147,2.612141
19465,0.814528,60,30,99,0.006147,2.612158
19466,0.814537,60,30,99,0.006147,2.612177
19467,0.814547,60,30,99,0.006148,2.612194
19468,0.814509,60,30,99,0.006148,2.612128
19469,0.814513,60,30,99,0.006148,2.612148
19470,0.814518,60,30,99,0.006148,2.612168
19471,0.814519,60,30,99,0.006147,2.612192
19472,0.814527,60,30,99,0.006148,2.612209
19473,0.814516,60,30,99,0.006147,2.612238
19474,0.814524,60,30,99,0.006147,2.612257
19475,0.814524,60,30,99,0.006147,2.612280
19476,0.814510,60,30,99,0.006146,2.612310
19477,0.814495,60,30,99,0.006146,2.612339
19478,0.814473,60,30,99,0.006145,2.612362
19479,0.814469,60,30,99,0.006145,2.612388
19480,0.814469,60,30,99,0.006145,2.612412
19481,0.814472,60,30,99,0.006144,2.612434
19482,0.814481,60,30,99,0.006145,2.612451
19483,0.814488,60,30,99,0.006145,2.612471
19484,0.814497,60,30,99,0.006146,2.612488
19485,0.814507,60,30,99,0.006147,2.612507
19486,0.814517,60,30,99,0.006147,2.612526
19487,0.814510,60,30,99,0.006147,2.612553
19488,0.814521,60,30,99,0.006148,2.612570
19489,0.814529,60,30,99,0.006149,2.612588
19490,0.814532,60,30,99,0.006148,2.612611
19491,0.814505,60,30,99,0.006148,2.612625
19492,0.814514,60,30,99,0.006148,2.612643
19493,0.814524,60,30,99,0.006149,2.612660
19494,0.814535,60,30,99,0.006151,2.612677
19495,0.814543,60,30,99,0.006151,2.612695
19496,0.814522,60,30,99,0.006150,2.612721
19497,0.814499,60,30,99,0.006150,2.612744
19498,0.814509,60,30,99,0.006151,2.612763
19499,0.814518,60,30,99,0.006151,2.612781
19500,0.814528,60,30,99,0.006152,2.612799
19501,0.814534,60,30,99,0.006152,2.612819
19502,0.814532,60,30,99,0.006151,2.612844
19503,0.814528,60,30,99,0.006151,2.612869
19504,0.814538,60,30,99,0.006152,2.612886
19505,0.814500,60,30,99,0.006151,2.612823
19506,0.814493,60,30,99,0.006151,2.612850
19507,0.814501,60,30,99,0.006151,2.612869
19508,0.814480,60,30,99,0.006150,2.612895
19509,0.814479,60,30,99,0.006150,2.612918
19510,0.814483,60,30,99,0.006150,2.612940
19511,0.814489,60,30,99,0.006150,2.612961
19512,0.814498,60,30,99,0.006150,2.612978
19513,0.814469,60,30,99,0.006150,2.612986
19514,0.814454,60,30,99,0.006149,2.613015
19515,0.814463,60,30,99,0.006150,2.613033
19516,0.814472,60,30,99,0.006150,2.613050
19517,0.814519,60,30,99,0.006163,2.612166
19518,0.814527,60,30,99,0.006163,2.612183
19519,0.814532,60,30,99,0.006163,2.612204
19520,0.814542,60,30,99,0.006164,2.612221
19521,0.814541,60,30,99,0.006164,2.612246
19522,0.814530,60,30,99,0.006163,2.612274
19523,0.814532,60,30,99,0.006163,2.612297
19524,0.814534,60,30,99,0.006163,2.612321
19525,0.814536,60,30,99,0.006163,2.612344
19526,0.814543,60,30,99,0.006163,2.612364
19527,0.814545,60,30,99,0.006163,2.612388
19528,0.814554,60,30,99,0.006163,2.612405
19529,0.814539,60,30,99,0.006162,2.612434
19530,0.814548,60,30,99,0.006163,2.612451
19531,0.814552,60,30,99,0.006163,2.612473
19532,0.814552,60,30,99,0.006162,2.612497
19533,0.814557,60,30,99,0.006162,2.612517
19534,0.814566,60,30,99,0.006163,2.612535
19535,0.814556,60,30,99,0.006162,2.612562
19536,0.814559,60,30,99,0.006162,2.612584
19537,0.814568,60,30,99,0.006163,2.612601
19538,0.814569,60,30,99,0.006162,2.612625
19539,0.814568,60,30,99,0.006162,2.612648
19540,0.814577,60,30,99,0.006162,2.612666
19541,0.814553,60,30,99,0.006162,2.612687
19542,0.814560,60,30,99,0.006162,2.612708
19543,0.814558,60,30,99,0.006162,2.612733
19544,0.814554,60,30,99,0.006161,2.612758
19545,0.814560,60,30,99,0.006161,2.612778
19546,0.814549,60,30,99,0.006161,2.612807
19547,0.814544,60,30,99,0.006160,2.612832
19548,0.814543,60,30,99,0.006160,2.612857
19549,0.814540,60,30,99,0.006159,2.612882
19550,0.814545,60,30,99,0.006159,2.612902
19551,0.814545,60,30,99,0.006159,2.612925
19552,0.814550,60,30,99,0.006159,2.612946
19553,0.814533,60,30,99,0.006158,2.612974
19554,0.814541,60,30,99,0.006159,2.612993
19555,0.814549,60,30,99,0.006159,2.613011
19556,0.814548,60,30,99,0.006159,2.613035
19557,0.814555,60,30,99,0.006159,2.613055
19558,0.814555,60,30,99,0.006159,2.613079
19559,0.814554,60,30,99,0.006158,2.613103
19560,0.814557,60,30,99,0.006158,2.613125
19561,0.814563,60,30,99,0.006158,2.613146
19562,0.814554,60,30,99,0.006157,2.613173
19563,0.814564,60,30,99,0.006158,2.613191
19564,0.814562,60,30,99,0.006158,2.613216
19565,0.814531,60,30,99,0.006157,2.613211
19566,0.814526,60,30,99,0.006157,2.613238
19567,0.814533,60,30,99,0.006157,2.613258
19568,0.814542,60,30,99,0.006158,2.613275
19569,0.814551,60,30,99,0.006158,2.613293
19570,0.814530,60,30,99,0.006158,2.613318
19571,0.814522,60,30,99,0.006157,2.613346
19572,0.814515,60,30,99,0.006157,2.613373
19573,0.814524,60,30,99,0.006157,2.613391
19574,0.814535,60,30,99,0.006159,2.613409
19575,0.814544,60,30,99,0.006160,2.613426
19576,0.814539,60,30,99,0.006159,2.613453
19577,0.814546,60,30,99,0.006159,2.613473
19578,0.814545,60,30,99,0.006159,2.613497
19579,0.814555,60,30,99,0.006160,2.613516
19580,0.814563,60,30,99,0.006160,2.613534
19581,0.814561,60,30,99,0.006160,2.613558
19582,0.814568,60,30,99,0.006160,2.613579
19583,0.814541,60,30,99,0.006159,2.613593
19584,0.814542,60,30,99,0.006159,2.613616
19585,0.815012,60,30,98,0.006194,2.613022
19586,0.815012,60,30,98,0.006193,2.613046
19587,0.815017,60,30,98,0.006193,2.613066
19588,0.815015,60,30,98,0.006193,2.613091
19589,0.815007,60,30,98,0.006192,2.613118
19590,0.815015,60,30,98,0.006193,2.613136
19591,0.815011,60,30,98,0.006192,2.613163
19592,0.815154,60,30,98,0.006204,2.612514
19593,0.815160,60,30,98,0.006204,2.612534
19594,0.815170,60,30,98,0.006205,2.612553
19595,0.815178,60,30,98,0.006205,2.612571
19596,0.815178,60,30,98,0.006205,2.612594
19597,0.815180,60,30,98,0.006204,2.612617
19598,0.815191,60,30,98,0.006205,2.612636
19599,0.815192,60,30,98,0.006205,2.612659
19600,0.815196,60,30,98,0.006205,2.612680
19601,0.815205,60,30,98,0.006205,2.612697
19602,0.815153,60,30,98,0.006205,2.611449
19603,0.815135,60,30,98,0.006204,2.611477
19604,0.815142,60,30,98,0.006204,2.611496
19605,0.815148,60,30,98,0.006204,2.611516
19606,0.815286,60,30,98,0.006208,2.611404
19607,0.815268,60,30,98,0.006207,2.611431
19608,0.815269,60,30,98,0.006207,2.611455
19609,0.815278,60,30,98,0.006208,2.611472
19610,0.815280,60,30,98,0.006207,2.611495
19611,0.815284,60,30,98,0.006207,2.611516
19612,0.815285,60,30,98,0.006207,2.611539
19613,0.815295,60,30,98,0.006208,2.611555
19614,0.815304,60,30,98,0.006209,2.611573
19615,0.815309,60,30,98,0.006209,2.611593
19616,0.815317,60,30,98,0.006209,2.611611
19617,0.815326,60,30,98,0.006210,2.611628
19618,0.815461,59,30,98,0.006221,2.610953
19619,0.815470,59,30,98,0.006222,2.610970
19620,0.815456,59,30,98,0.006221,2.610999
19621,0.815464,59,30,98,0.006221,2.611019
19622,0.815459,59,30,98,0.006221,2.611046
19623,0.815468,59,30,98,0.006222,2.611065
19624,0.815415,59,30,98,0.006221,2.609227
19625,0.815418,59,30,98,0.006221,2.609250
19626,0.815426,59,30,98,0.006221,2.609269
19627,0.815421,59,30,98,0.006220,2.609296
19628,0.815421,59,30,98,0.006220,2.609320
19629,0.815430,59,30,98,0.006221,2.609337
19630,0.815421,59,30,98,0.006220,2.609365
19631,0.815426,59,30,98,0.006220,2.609386
19632,0.815423,59,30,98,0.006220,2.609411
19633,0.815432,59,30,98,0.006220,2.609429
19634,0.815437,59,30,98,0.006220,2.609449
19635,0.815446,59,30,98,0.006221,2.609467
19636,0.815454,59,30,98,0.006221,2.609484
19637,0.815462,59,30,98,0.006221,2.609503
19638,0.815456,59,30,98,0.006221,2.609531
19639,0.815460,59,30,98,0.006221,2.609551
19640,0.815470,59,30,98,0.006222,2.609569
19641,0.815480,59,30,98,0.006223,2.609587
19642,0.815480,59,30,98,0.006223,2.609611
19643,0.815442,59,30,98,0.006222,2.609547
19644,0.815429,59,30,98,0.006222,2.609576
19645,0.815440,59,30,98,0.006223,2.609594
19646,0.815449,59,30,98,0.006224,2.609611
19647,0.815456,59,30,98,0.006224,2.609631
19648,0.815460,59,30,98,0.006224,2.609651
19649,0.815470,59,30,98,0.006225,2.609668
19650,0.815462,59,30,98,0.006224,2.609696
19651,0.815452,59,30,98,0.006224,2.609725
19652,0.815457,59,30,98,0.006224,2.609745
19653,0.815460,59,30,98,0.006224,2.609767
19654,0.815469,59,30,98,0.006224,2.609785
19655,0.815462,59,30,98,0.006224,2.609813
19656,0.815448,59,30,98,0.006223,2.609841
19657,0.815436,59,30,98,0.006223,2.609869
19658,0.815435,59,30,98,0.006222,2.609894
19659,0.815439,59,30,98,0.006222,2.609914
19660,0.815422,59,30,98,0.006222,2.609942
19661,0.815432,59,30,98,0.006223,2.609958
19662,0.815441,59,30,98,0.006223,2.609976
19663,0.815451,59,30,98,0.006224,2.609993
19664,0.815459,59,30,98,0.006225,2.610011
19665,0.815459,59,30,98,0.006224,2.610034
19666,0.815448,59,30,98,0.006224,2.610062
19667,0.815455,59,30,98,0.006224,2.610082
19668,0.815462,59,30,98,0.006224,2.610101
19669,0.815463,59,30,98,0.006224,2.610125
19670,0.815472,59,30,98,0.006224,2.610142
19671,0.815466,59,30,98,0.006224,2.610170
19672,0.815475,59,30,98,0.006225,2.610188
19673,0.815467,59,30,98,0.006224,2.610216
19674,0.815456,59,30,98,0.006224,2.610244
19675,0.815451,59,30,98,0.006223,2.610271
19676,0.815439,59,30,98,0.006223,2.610301
19677,0.815429,59,30,98,0.006222,2.610330
19678,0.815427,59,30,98,0.006222,2.610354
19679,0.815403,59,30,98,0.006221,2.610376
19680,0.815407,59,30,98,0.006221,2.610396
19681,0.815416,59,30,98,0.006221,2.610414
19682,0.815412,59,30,98,0.006221,2.610439
19683,0.815418,59,30,98,0.006221,2.610460
19684,0.815428,59,30,98,0.006222,2.610478
19685,0.815436,59,30,98,0.006222,2.610495
19686,0.815436,59,30,98,0.006222,2.610518
19687,0.815431,59,30,98,0.006221,2.610545
19688,0.815431,59,30,98,0.006221,2.610568
19689,0.815438,59,30,98,0.006221,2.610589
19690,0.815448,59,30,98,0.006222,2.610606
19691,0.815457,59,30,98,0.006223,2.610623
19692,0.815460,59,30,98,0.006222,2.610644
19693,0.815457,59,30,98,0.006222,2.610670
19694,0.815451,59,30,98,0.006221,2.610697
19695,0.815446,59,30,98,0.006221,2.610724
19696,0.815450,59,30,98,0.006221,2.610744
19697,0.815460,59,30,98,0.006222,2.610763
19698,0.815469,59,30,98,0.006222,2.610781
19699,0.815445,59,30,98,0.006222,2.610802
19700,0.815454,59,30,98,0.006222,2.610819
19701,0.815436,59,30,98,0.006222,2.610846
19702,0.815442,59,30,98,0.006222,2.610866
19703,0.815448,59,30,98,0.006222,2.610886
19704,0.815458,59,30,98,0.006223,2.610905
19705,0.815464,59,30,98,0.006223,2.610926
19706,0.815472,59,30,98,0.006223,2.610943
19707,0.815479,59,30,98,0.006223,2.610963
19708,0.815483,59,30,98,0.006223,2.610983
19709,0.815487,59,30,98,0.006223,2.611004
19710,0.815495,59,30,98,0.006223,2.611022
19711,0.815505,59,30,98,0.006224,2.611040
19712,0.815500,59,30,98,0.006224,2.611067
19713,0.815498,59,30,98,0.006223,2.611092
19714,0.815507,59,30,98,0.006224,2.611110
19715,0.815504,59,30,98,0.006224,2.611136
19716,0.815513,59,30,98,0.006224,2.611153
19717,0.815517,59,30,98,0.006224,2.611174
19718,0.815523,59,30,98,0.006224,2.611194
19719,0.815526,59,30,98,0.006224,2.611216
19720,0.815534,59,30,98,0.006224,2.611234
19721,0.815534,59,30,98,0.006224,2.611257
19722,0.815541,59,30,98,0.006224,2.611277
19723,0.815539,59,30,98,0.006224,2.611302
19724,0.815533,59,30,98,0.006223,2.611330
19725,0.815504,59,30,98,0.006222,2.611339
19726,0.815512,59,30,98,0.006223,2.611357
19727,0.815522,59,30,98,0.006224,2.611375
19728,0.815525,59,30,98,0.006224,2.611398
19729,0.815535,59,30,98,0.006225,2.611415
19730,0.815523,59,30,98,0.006224,2.611443
19731,0.815505,59,30,98,0.006223,2.611470
19732,0.815505,59,30,98,0.006223,2.611493
19733,0.815513,59,30,98,0.006223,2.611512
19734,0.815517,59,30,98,0.006223,2.611532
19735,0.815501,59,30,98,0.006223,2.611561
19736,0.815507,59,30,98,0.006223,2.611581
19737,0.815511,59,30,98,0.006223,2.611601
19738,0.815519,59,30,98,0.006223,2.611619
19739,0.815529,59,30,98,0.006224,2.611637
19740,0.815532,59,30,98,0.006224,2.611659
19741,0.815540,59,30,98,0.006224,2.611678
19742,0.815546,59,30,98,0.006224,2.611698
19743,0.815556,59,30,98,0.006225,2.611716
19744,0.815546,59,30,98,0.006224,2.611744
19745,0.815547,59,30,98,0.006224,2.611767
19746,0.815556,59,30,98,0.006224,2.611784
19747,0.815562,59,30,98,0.006224,2.611804
19748,0.815573,59,30,98,0.006226,2.611821
19749,0.815575,59,30,98,0.006226,2.611843
19750,0.815550,59,30,98,0.006225,2.611862
19751,0.815546,59,30,98,0.006224,2.611889
19752,0.815555,59,30,98,0.006225,2.611907
19753,0.815565,59,30,98,0.006226,2.611923
19754,0.815550,59,30,98,0.006226,2.611952
19755,0.815725,59,30,97,0.006235,2.611481
19756,0.815733,59,30,97,0.006235,2.611499
19757,0.815728,59,30,97,0.006235,2.611526
19758,0.815724,59,30,97,0.006234,2.611553
19759,0.815726,59,30,97,0.006234,2.611576
19760,0.815733,59,30,97,0.006234,2.611595
19761,0.815737,59,30,97,0.006234,2.611617
19762,0.815737,59,30,97,0.006234,2.611640
19763,0.815741,59,30,97,0.006234,2.611660
19764,0.815745,59,30,97,0.006234,2.611680
19765,0.815754,59,30,97,0.006234,2.611697
19766,0.815737,59,30,97,0.006234,2.611725
19767,0.815743,59,30,97,0.006234,2.611745
19768,0.815750,59,30,97,0.006234,2.611765
19769,0.815746,59,30,97,0.006233,2.611792
19770,0.815754,59,30,97,0.006234,2.611810
19771,0.815764,59,30,97,0.006235,2.611827
19772,0.815771,59,30,97,0.006235,2.611847
19773,0.815776,59,30,97,0.006235,2.611867
19774,0.815786,59,30,97,0.006236,2.611886
19775,0.815783,59,30,97,0.006236,2.611911
19776,0.815782,59,30,97,0.006235,2.611935
19777,0.815777,59,30,97,0.006235,2.611962
19778,0.815786,59,30,97,0.006235,2.611979
19779,0.815791,59,30,97,0.006235,2.611999
19780,0.815801,59,30,97,0.006236,2.612017
19781,0.815803,59,30,97,0.006236,2.612040
19782,0.815769,59,30,97,0.006235,2.612018
19783,0.815766,59,30,97,0.006235,2.612043
19784,0.815766,59,30,97,0.006234,2.612067
19785,0.815748,59,30,97,0.006234,2.612095
19786,0.815743,59,30,97,0.006233,2.612122
19787,0.815753,59,30,97,0.006234,2.612139
19788,0.815744,59,30,97,0.006234,2.612167
19789,0.815746,59,30,97,0.006233,2.612190
19790,0.815745,59,30,97,0.006233,2.612214
19791,0.815736,59,30,97,0.006232,2.612242
19792,0.815740,59,30,97,0.006232,2.612264
19793,0.815732,59,30,97,0.006232,2.612292
19794,0.815737,59,30,97,0.006232,2.612312
19795,0.815740,59,30,97,0.006232,2.612334
19796,0.815741,59,30,97,0.006231,2.612357
19797,0.815738,59,30,97,0.006231,2.612381
19798,0.815886,59,30,97,0.006242,2.611752
19799,0.815834,59,30,97,0.006241,2.610493
19800,0.815791,59,30,97,0.006241,2.610266
19801,0.815790,59,30,97,0.006240,2.610290
19802,0.815798,59,30,97,0.006241,2.610307
19803,0.815807,59,30,97,0.006241,2.610325
19804,0.815801,59,30,97,0.006241,2.610353
19805,0.815810,59,30,97,0.006241,2.610370
19806,0.815819,59,30,97,0.006242,2.610387
19807,0.815827,59,30,97,0.006242,2.610404
19808,0.815836,59,30,97,0.006243,2.610420
19809,0.815842,59,30,97,0.006243,2.610441
19810,0.815850,59,30,97,0.006243,2.610457
19811,0.815859,59,30,97,0.006244,2.610475
19812,0.815867,59,30,97,0.006244,2.610492
19813,0.815867,59,30,97,0.006244,2.610515
19814,0.815871,59,30,97,0.006244,2.610535
19815,0.816039,59,30,97,0.006253,2.610018
19816,0.816030,59,30,97,0.006253,2.610047
19817,0.816033,59,30,97,0.006253,2.610068
19818,0.816036,59,30,97,0.006253,2.610090
19819,0.815997,59,30,97,0.006252,2.610000
19820,0.816003,59,30,97,0.006252,2.610020
19821,0.816008,59,30,97,0.006252,2.610040
19822,0.816018,59,30,97,0.006253,2.610056
19823,0.816025,59,30,97,0.006253,2.610075
19824,0.816034,59,30,97,0.006254,2.610092
19825,0.816043,59,30,97,0.006254,2.610109
19826,0.816015,59,30,97,0.006254,2.610124
19827,0.816019,59,30,97,0.006254,2.610144
19828,0.816015,59,30,97,0.006253,2.610171
19829,0.816025,59,30,97,0.006254,2.610190
19830,0.816030,59,30,97,0.006254,2.610210
19831,0.816018,59,30,97,0.006253,2.610240
19832,0.816005,59,30,97,0.006253,2.610270
19833,0.816016,59,30,97,0.006254,2.610287
19834,0.816010,59,30,97,0.006254,2.610315
19835,0.816004,59,30,97,0.006253,2.610342
19836,0.816009,59,30,97,0.006253,2.610363
19837,0.816018,59,30,97,0.006254,2.610380
19838,0.816009,59,30,97,0.006253,2.610408
19839,0.816016,59,30,97,0.006253,2.610429
19840,0.816025,59,30,97,0.006254,2.610447
19841,0.816021,59,30,97,0.006254,2.610474
19842,0.816029,59,30,97,0.006254,2.610491
19843,0.816025,59,30,97,0.006254,2.610517
19844,0.815997,59,30,97,0.006253,2.610526
19845,0.816000,59,30,97,0.006253,2.610546
19846,0.816008,59,30,97,0.006253,2.610564
19847,0.816016,59,30,97,0.006254,2.610582
19848,0.816009,59,30,97,0.006253,2.610610
19849,0.816016,59,30,97,0.006253,2.610630
19850,0.816025,59,30,97,0.006254,2.610647
19851,0.816029,59,30,97,0.006254,2.610667
19852,0.816038,59,30,97,0.006254,2.610684
19853,0.816030,59,30,97,0.006254,2.610712
19854,0.816024,59,30,97,0.006253,2.610740
19855,0.816004,59,30,97,0.006252,2.610767
19856,0.815978,59,30,97,0.006252,2.610785
19857,0.815988,59,30,97,0.006253,2.610801
19858,0.815994,59,30,97,0.006253,2.610821
19859,0.816002,59,30,97,0.006254,2.610838
19860,0.815988,59,30,97,0.006253,2.610867
19861,0.815995,59,30,97,0.006253,2.610887
19862,0.815995,59,30,97,0.006253,2.610910
19863,0.816003,59,30,97,0.006253,2.610928
19864,0.816011,59,30,97,0.006254,2.610945
19865,0.816010,59,30,97,0.006253,2.610969
19866,0.816003,59,30,97,0.006253,2.610997
19867,0.816008,59,30,97,0.006253,2.611017
19868,0.816017,59,30,97,0.006253,2.611034
19869,0.816016,59,30,97,0.006253,2.611058
19870,0.816018,59,30,97,0.006253,2.611081
19871,0.816014,59,30,97,0.006252,2.611108
19872,0.816023,59,30,97,0.006253,2.611125
19873,0.816028,59,30,97,0.006253,2.611145
19874,0.816037,59,30,97,0.006254,2.611162
19875,0.816040,59,30,97,0.006253,2.611185
19876,0.816047,59,30,97,0.006253,2.611204
19877,0.816048,59,30,97,0.006253,2.611227
19878,0.816020,59,30,97,0.006253,2.611241
19879,0.816026,59,30,97,0.006253,2.611261
19880,0.816036,59,30,97,0.006253,2.611279
19881,0.816036,59,30,97,0.006253,2.611303
19882,0.816038,59,30,97,0.006253,2.611326
19883,0.816029,59,30,97,0.006252,2.611354
19884,0.816037,59,30,97,0.006252,2.611372
19885,0.816012,59,30,97,0.006252,2.611391
19886,0.816020,59,30,97,0.006252,2.611408
19887,0.816025,59,30,97,0.006252,2.611428
19888,0.816025,59,30,97,0.006252,2.611451
19889,0.816000,59,30,97,0.006251,2.611468
19890,0.816009,59,30,97,0.006252,2.611485
19891,0.816016,59,30,97,0.006252,2.611506
19892,0.815996,59,30,97,0.006251,2.611533
19893,0.815992,59,30,97,0.006251,2.611560
19894,0.815999,59,30,97,0.006251,2.611577
19895,0.815996,59,30,97,0.006251,2.611603
19896,0.815986,59,30,97,0.006250,2.611632
19897,0.815970,59,30,97,0.006250,2.611661
19898,0.815979,59,30,97,0.006250,2.611678
19899,0.815988,59,30,97,0.006251,2.611695
19900,0.815993,59,30,97,0.006251,2.611715
19901,0.815968,59,30,97,0.006250,2.611733
19902,0.815937,59,30,97,0.006249,2.611732
19903,0.815946,59,30,97,0.006250,2.611749
19904,0.815953,59,30,97,0.006250,2.611769
19905,0.815963,59,30,97,0.006251,2.611785
19906,0.815973,59,30,97,0.006252,2.611803
19907,0.815968,59,30,97,0.006252,2.611830
19908,0.815965,59,30,97,0.006252,2.611855
19909,0.815957,59,30,97,0.006251,2.611883
19910,0.815962,59,30,97,0.006251,2.611903
19911,0.815972,59,30,97,0.006252,2.611922
19912,0.815982,59,30,97,0.006253,2.611939
19913,0.815990,59,30,97,0.006254,2.611957
19914,0.815990,59,30,97,0.006253,2.611979
19915,0.815989,59,30,97,0.006253,2.612004
19916,0.815799,59,30,97,0.006252,2.610067
19917,0.815809,59,30,97,0.006254,2.610083
19918,0.815816,59,30,97,0.006254,2.610100
19919,0.815826,59,30,97,0.006255,2.610118
19920,0.815812,59,30,97,0.006254,2.610147
19921,0.815797,59,30,97,0.006254,2.610175
19922,0.815805,59,30,97,0.006254,2.610193
19923,0.815790,59,30,97,0.006253,2.610221
19924,0.815797,59,30,97,0.006253,2.610241
19925,0.815800,59,30,97,0.006253,2.610264
19926,0.815810,59,30,97,0.006254,2.610280
19927,0.815807,59,30,97,0.006254,2.610305
19928,0.815801,59,30,97,0.006253,2.610333
19929,0.815810,59,30,97,0.006254,2.610349
19930,0.815811,59,30,97,0.006254,2.610373
19931,0.815814,59,30,97,0.006254,2.610395
19932,0.815820,59,30,97,0.006254,2.610415
19933,0.815830,59,30,97,0.006254,2.610433
19934,0.815838,59,30,97,0.006255,2.610450
19935,0.815846,59,30,97,0.006255,2.610467
19936,0.815856,59,30,97,0.006256,2.610485
19937,0.815862,59,30,97,0.006256,2.610505
19938,0.815870,59,30,97,0.006256,2.610522
19939,0.815879,59,30,97,0.006257,2.610539
19940,0.815875,59,30,97,0.006256,2.610566
19941,0.815871,59,30,97,0.006256,2.610592
19942,0.815878,59,30,97,0.006256,2.610611
19943,0.815887,59,30,97,0.006257,2.610628
19944,0.815897,59,30,97,0.006258,2.610644
19945,0.815890,59,30,97,0.006258,2.610672
19946,0.815873,59,30,97,0.006257,2.610700
19947,0.815846,59,30,97,0.006256,2.610714
19948,0.815854,59,30,97,0.006257,2.610732
19949,0.815860,59,30,97,0.006257,2.610752
19950,0.815867,59,30,97,0.006257,2.610772
19951,0.815875,59,30,97,0.006257,2.610789
19952,0.815881,59,30,97,0.006257,2.610809
19953,0.815890,59,30,97,0.006258,2.610826
19954,0.815898,59,30,97,0.006258,2.610842
19955,0.815898,59,30,97,0.006258,2.610866
19956,0.815886,59,30,97,0.006257,2.610894
19957,0.815840,59,30,97,0.006257,2.610478
19958,0.815837,59,30,97,0.006256,2.610503
19959,0.815842,59,30,97,0.006256,2.610523
19960,0.815846,59,30,97,0.006256,2.610543
19961,0.815852,59,30,97,0.006256,2.610563
19962,0.815861,59,30,97,0.006257,2.610580
19963,0.815859,59,30,97,0.006256,2.610604
19964,0.815867,59,30,97,0.006257,2.610622
19965,0.815877,59,30,97,0.006258,2.610638
19966,0.815885,59,30,97,0.006258,2.610655
19967,0.815890,59,30,97,0.006258,2.610675
19968,0.815893,59,30,97,0.006258,2.610697
19969,0.815877,59,30,97,0.006258,2.610726
19970,0.815856,59,30,97,0.006257,2.610751
19971,0.815863,59,30,97,0.006257,2.610771
19972,0.815864,59,30,97,0.006257,2.610794
19973,0.815863,59,30,97,0.006257,2.610818
19974,0.815872,59,30,97,0.006257,2.610835
19975,0.815882,59,30,97,0.006258,2.610854
19976,0.815890,59,30,97,0.006258,2.610874
19977,0.815892,59,30,97,0.006258,2.610897
19978,0.815899,59,30,97,0.006258,2.610916
19979,0.815908,59,29,97,0.006259,2.610933
19980,0.815918,59,29,97,0.006260,2.610949
19981,0.815926,59,29,97,0.006261,2.610967
19982,0.815936,59,29,97,0.006261,2.610985
19983,0.815943,59,29,97,0.006262,2.611005
19984,0.815948,59,29,97,0.006262,2.611025
19985,0.815937,59,29,97,0.006261,2.611054
19986,0.815925,59,29,97,0.006260,2.611082
19987,0.815927,59,29,97,0.006260,2.611104
19988,0.815936,59,29,97,0.006261,2.611122
19989,0.815944,59,29,97,0.006261,2.611140
19990,0.815946,59,29,97,0.006261,2.611163
19991,0.815952,59,29,97,0.006261,2.611183
19992,0.815910,59,29,97,0.006260,2.611029
19993,0.815916,59,29,97,0.006260,2.611048
19994,0.815875,59,29,97,0.006260,2.610931
19995,0.815880,59,29,97,0.006259,2.610950
19996,0.815880,59,29,97,0.006259,2.610974
19997,0.815890,59,29,97,0.006260,2.610992
19998,0.815899,59,29,97,0.006260,2.611009
19999,0.815906,59,29,97,0.006261,2.611029
